student_id,department,semester,gpa_current,gpa_previous_sem,gpa_two_sems_ago,attendance_pct,attendance_previous_sem,assignments_submitted_pct,avg_submission_delay_days,quiz_score_1,quiz_score_2,quiz_score_3,quiz_score_4,quiz_score_5,quiz_score_6,study_hours_weekly,login_frequency_weekly,extracurricular_hours,cohort_gpa_avg,cohort_attendance_avg,target_next_gpa,target_risk_level
STU00001,Biology,4,1.83,1.9,1.93,40.7,39.4,36.4,1.36,26.2,38.9,34.0,48.4,35.1,29.6,19.3,7.8,5.2,3.08,80.7,1.73,Medium
STU00002,Electrical Engineering,7,2.01,2.17,2.44,51.8,54.3,72.8,0.0,78.8,52.7,69.1,75.0,68.8,65.7,14.9,6.1,2.8,3.07,80.5,2.01,Medium
STU00003,Mechanical Engineering,4,2.36,2.0,1.84,38.0,34.6,22.0,4.42,40.3,39.9,47.9,50.0,44.4,48.6,13.7,6.1,6.1,2.65,71.2,2.51,Medium
STU00004,Computer Science,7,3.68,3.72,3.76,92.7,97.4,100.0,0.02,90.9,98.1,94.9,90.3,95.9,93.7,26.5,13.2,4.0,3.49,89.8,3.48,Low
STU00005,Mechanical Engineering,5,0.66,0.81,0.83,38.1,39.8,16.9,1.63,17.7,35.7,15.8,19.5,16.9,8.4,12.2,7.6,7.4,2.65,71.2,0.78,High
STU00006,Economics,6,0.88,1.11,1.19,43.8,40.6,26.0,3.94,39.0,35.8,38.1,43.9,33.5,40.9,17.5,1.5,5.6,3.02,79.4,0.88,High
STU00007,Computer Science,1,3.81,3.55,3.19,88.6,91.9,91.0,0.0,72.5,97.2,75.3,98.9,100.0,77.4,25.5,16.9,7.5,3.49,89.8,3.96,Low
STU00008,Biology,6,1.6,1.8,2.03,56.6,68.9,50.9,0.98,54.7,47.8,53.1,50.7,53.8,53.0,12.9,6.3,0.5,3.08,80.7,1.57,High
STU00009,Mathematics,2,3.55,3.38,3.15,77.0,78.5,90.9,2.71,59.1,65.1,84.8,84.7,84.8,100.0,21.4,18.2,7.9,2.67,71.5,3.63,Low
STU00010,Mechanical Engineering,2,2.72,2.8,2.95,52.8,59.3,73.6,3.41,79.5,74.1,80.0,78.9,74.6,92.0,21.9,5.7,,2.65,71.2,2.75,Low
STU00011,Mechanical Engineering,2,2.2,2.67,2.71,35.7,36.0,56.8,4.92,32.6,45.2,66.5,42.5,56.5,60.5,8.6,9.4,0.0,2.65,71.2,2.01,Medium
STU00012,Biology,2,1.72,1.55,1.53,41.4,42.7,43.5,3.84,44.0,61.0,28.1,67.4,19.8,40.8,14.4,9.5,3.1,3.08,80.7,1.72,High
STU00013,Business Administration,2,2.61,2.27,2.01,45.2,43.9,27.0,0.48,61.8,50.8,50.6,69.9,65.9,65.7,20.3,10.2,,3.26,84.6,2.83,Medium
STU00014,Mathematics,4,2.67,2.49,2.18,68.0,72.2,62.5,0.0,91.5,49.2,57.4,69.4,53.5,49.2,16.7,12.4,3.5,2.67,71.5,2.84,Low
STU00015,Psychology,6,3.71,3.44,3.24,100.0,89.5,81.2,0.7,89.0,77.5,91.0,100.0,84.7,89.8,23.6,13.3,5.7,2.76,73.7,3.87,Low
STU00016,Mechanical Engineering,1,2.9,2.77,2.62,52.6,53.3,65.7,0.27,55.7,38.7,48.0,46.7,52.0,53.1,22.6,13.5,3.3,2.65,71.2,3.04,Low
STU00017,Economics,3,3.67,3.71,3.72,65.9,57.8,82.5,1.5,62.4,72.3,78.4,78.8,73.8,84.6,13.3,13.2,5.4,3.02,79.4,3.74,Low
STU00018,Mathematics,2,1.99,1.81,1.92,51.7,45.6,47.2,1.23,43.8,47.0,49.5,41.4,47.1,48.4,3.2,4.0,0.0,2.67,71.5,2.09,Medium
STU00019,Economics,1,3.28,3.05,2.78,64.1,60.8,73.1,0.03,58.7,50.0,52.8,49.2,55.8,62.5,9.3,12.5,3.4,3.02,79.4,3.42,Low
STU00020,Business Administration,6,2.54,2.65,2.64,54.0,48.9,37.1,1.58,49.9,44.7,32.2,37.1,54.8,56.5,11.0,11.3,5.9,3.26,84.6,2.65,High
STU00021,Psychology,2,2.43,2.57,2.71,76.6,84.7,95.7,1.74,92.3,100.0,93.4,81.1,100.0,99.5,16.3,15.1,2.4,2.76,73.7,2.46,Low
STU00022,Mathematics,3,3.51,3.52,3.36,89.1,92.2,89.8,0.0,100.0,93.8,81.9,87.8,100.0,100.0,17.7,17.1,7.3,2.67,71.5,3.62,Low
STU00023,Mechanical Engineering,5,1.68,1.72,1.79,52.5,62.5,96.6,0.0,51.6,53.4,58.6,52.7,58.0,50.6,16.6,16.0,,2.65,71.2,1.71,Medium
STU00024,Economics,4,2.9,2.8,2.6,62.6,59.5,63.1,1.04,64.6,63.5,59.0,62.9,72.7,66.1,13.6,16.0,3.8,3.02,79.4,2.87,Low
STU00025,Electrical Engineering,5,3.11,2.98,3.02,91.4,86.8,86.4,,86.6,80.6,89.0,100.0,85.4,85.9,17.5,11.2,7.5,3.07,80.5,3.14,Low
STU00026,Business Administration,5,2.89,2.67,2.67,47.1,44.7,48.1,3.63,68.7,61.6,80.1,46.6,40.7,34.0,21.8,13.1,4.8,3.26,84.6,2.83,Medium
STU00027,Economics,2,3.39,3.02,2.47,58.6,51.9,41.2,4.76,47.4,59.6,62.1,76.7,37.6,82.8,14.5,9.5,2.0,3.02,79.4,3.77,Low
STU00028,Business Administration,7,2.73,2.77,2.52,67.9,63.0,64.0,,43.3,63.0,52.5,98.4,67.1,66.5,16.1,12.7,4.6,3.26,84.6,2.73,Low
STU00029,Psychology,5,2.88,3.44,3.48,85.8,100.0,100.0,,73.8,84.6,78.9,100.0,100.0,100.0,26.2,12.2,3.4,2.76,73.7,2.56,Low
STU00030,Business Administration,3,2.9,3.21,3.4,72.7,85.2,100.0,0.0,70.7,64.3,83.1,66.7,93.1,59.7,27.0,14.5,4.7,3.26,84.6,2.79,Low
STU00031,Business Administration,6,3.98,3.77,3.29,89.4,84.5,63.2,1.03,83.9,75.6,85.4,70.4,89.8,85.8,20.8,18.3,10.0,3.26,84.6,3.97,Low
STU00032,Business Administration,6,1.41,1.71,1.89,35.6,30.0,28.7,3.76,24.2,47.0,43.8,33.3,49.1,36.1,12.0,18.5,4.7,3.26,84.6,1.19,High
STU00033,Psychology,1,2.3,2.36,2.6,81.7,75.8,41.8,3.3,67.9,71.0,69.0,62.4,69.9,70.9,19.4,16.6,7.5,2.76,73.7,2.21,Medium
STU00034,Biology,3,1.73,1.7,1.58,60.1,47.7,33.9,2.55,48.8,36.6,28.0,28.4,30.3,38.5,7.6,12.3,2.3,3.08,80.7,1.73,High
STU00035,Computer Science,4,2.76,2.62,2.55,66.4,54.3,71.6,1.31,74.0,50.0,49.3,66.4,67.6,48.6,11.6,8.9,1.0,3.49,89.8,2.71,Low
STU00036,Computer Science,8,1.85,1.92,2.03,56.7,48.6,41.2,4.19,68.5,44.4,45.5,44.5,45.2,44.4,19.2,15.4,3.3,3.49,89.8,1.85,Medium
STU00037,Mathematics,3,1.71,1.68,1.81,42.6,45.0,60.5,4.01,50.3,43.3,36.8,44.1,51.9,72.5,10.9,10.7,5.0,2.67,71.5,1.98,High
STU00038,Business Administration,3,2.86,2.77,2.49,71.2,68.7,66.2,2.98,66.8,73.7,64.0,53.2,57.4,71.4,10.0,11.8,3.8,3.26,84.6,3.12,Low
STU00039,Biology,2,2.9,2.91,2.59,82.1,76.0,87.8,1.09,84.7,81.2,76.1,81.3,88.4,71.4,19.6,11.2,8.6,3.08,80.7,2.92,Low
STU00040,Psychology,4,2.89,3.27,3.5,47.5,45.4,86.6,3.09,81.1,76.4,71.1,84.9,64.2,61.0,13.9,12.6,5.7,2.76,73.7,2.75,Low
STU00041,Psychology,3,2.63,2.64,2.56,73.2,70.4,73.2,2.59,68.8,75.1,65.2,84.2,58.0,88.7,16.1,6.2,5.4,2.76,73.7,2.76,Low
STU00042,Electrical Engineering,8,1.7,1.59,1.95,58.2,58.4,44.7,1.94,46.1,53.2,32.6,80.0,68.9,49.3,13.8,10.8,0.0,3.07,80.5,1.55,Medium
STU00043,Computer Science,5,2.13,2.13,2.18,83.0,78.6,89.0,2.45,76.2,72.0,78.6,53.2,82.9,65.0,25.7,8.5,10.2,3.49,89.8,2.04,Medium
STU00044,Psychology,3,2.24,2.16,2.46,52.6,61.5,64.8,1.43,57.0,55.4,50.5,57.7,58.5,54.6,,5.5,0.6,2.76,73.7,2.31,Medium
STU00045,Mechanical Engineering,2,3.38,3.27,3.24,93.8,80.8,69.1,0.82,53.9,51.9,62.7,82.6,72.1,56.9,19.5,0.1,8.4,2.65,71.2,3.38,Low
STU00046,Computer Science,4,1.12,1.21,1.28,35.8,50.6,48.7,2.37,53.1,54.9,50.6,42.5,42.5,42.7,22.4,10.3,6.3,3.49,89.8,1.1,High
STU00047,Mechanical Engineering,3,1.5,1.94,2.14,46.9,60.1,61.2,2.72,75.1,12.7,92.6,56.9,76.9,42.5,17.9,6.7,,2.65,71.2,1.29,High
STU00048,Business Administration,1,3.28,3.05,2.82,83.9,81.5,75.7,,77.5,90.0,54.1,72.8,59.2,68.1,18.4,13.6,6.3,3.26,84.6,3.47,Low
STU00049,Mechanical Engineering,2,1.63,1.37,1.01,37.3,32.9,15.5,0.8,21.4,5.7,26.1,16.9,56.7,48.2,6.5,16.2,7.9,2.65,71.2,1.51,High
STU00050,Psychology,5,3.33,3.12,3.36,98.5,100.0,100.0,0.0,100.0,90.3,97.6,93.5,93.0,98.8,29.6,20.4,0.3,2.76,73.7,3.43,Low
STU00051,Mechanical Engineering,2,2.92,2.81,2.44,51.9,43.5,83.5,1.76,64.0,57.8,64.0,68.7,63.1,63.0,12.0,8.7,0.8,2.65,71.2,2.92,Medium
STU00052,Psychology,4,1.75,1.95,1.98,77.5,78.3,41.5,1.84,54.5,52.7,51.9,56.8,62.3,50.1,6.7,9.5,12.7,2.76,73.7,1.88,Medium
STU00053,Economics,5,3.99,3.87,3.74,78.2,78.0,66.1,0.0,82.9,76.2,84.5,69.6,85.3,89.5,,15.9,8.7,3.02,79.4,4.0,Low
STU00054,Economics,4,2.85,3.04,3.13,63.6,55.6,67.9,3.34,54.4,56.2,67.8,90.7,74.7,100.0,19.5,13.6,4.1,3.02,79.4,2.74,Low
STU00055,Economics,4,1.59,1.49,1.47,20.0,32.5,58.3,2.76,46.6,44.7,55.3,42.7,48.5,49.1,8.8,12.8,4.5,3.02,79.4,1.69,High
STU00056,Business Administration,6,2.8,2.54,2.39,58.8,58.6,56.8,0.0,49.2,45.7,47.9,49.1,51.6,48.5,15.2,9.6,0.0,3.26,84.6,2.91,Low
STU00057,Economics,8,2.75,2.46,2.48,80.4,76.5,66.3,0.65,71.8,73.3,72.9,75.5,75.5,74.7,20.1,18.0,7.8,3.02,79.4,2.53,Low
STU00058,Biology,5,3.07,2.83,2.73,95.6,90.9,79.2,0.32,81.7,78.1,84.5,71.6,83.1,81.7,22.3,14.8,,3.08,80.7,3.15,Low
STU00059,Biology,5,1.31,1.38,1.72,59.9,61.2,60.7,1.14,50.0,38.9,64.2,37.7,50.6,46.4,18.2,14.8,5.1,3.08,80.7,1.24,High
STU00060,Computer Science,7,1.91,2.06,1.97,48.0,41.1,70.2,1.68,50.8,58.1,56.0,57.3,49.4,46.4,21.1,8.6,4.2,3.49,89.8,1.96,Medium
STU00061,Computer Science,1,3.17,2.66,2.2,69.0,61.0,62.9,,47.8,42.0,67.6,47.5,53.1,52.7,15.4,13.4,7.6,3.49,89.8,3.44,Low
STU00062,Psychology,6,3.14,3.11,3.0,54.0,54.5,68.8,2.71,73.7,77.8,70.2,72.0,80.6,71.6,30.0,14.8,0.0,2.76,73.7,3.22,Low
STU00063,Biology,1,2.33,2.47,2.34,46.2,51.3,57.7,0.21,37.1,60.0,70.5,45.3,51.9,54.0,9.8,12.7,,3.08,80.7,2.22,Medium
STU00064,Biology,6,3.17,3.19,2.98,47.5,36.0,48.5,2.42,48.6,51.4,59.0,72.9,77.6,78.2,20.5,14.7,6.8,3.08,80.7,3.17,Low
STU00065,Computer Science,7,3.18,2.97,3.14,66.7,76.5,92.3,0.0,70.7,100.0,100.0,93.3,81.9,71.6,,19.1,10.7,3.49,89.8,3.13,Low
STU00066,Business Administration,3,1.11,1.46,1.85,22.4,30.0,50.9,2.47,59.1,44.6,63.0,61.9,40.2,38.7,14.3,4.7,5.9,3.26,84.6,1.03,High
STU00067,Mechanical Engineering,5,0.76,1.14,1.54,62.4,65.3,39.5,2.61,37.9,50.9,50.3,46.3,47.7,49.5,4.7,7.0,7.4,2.65,71.2,0.56,High
STU00068,Electrical Engineering,3,1.21,1.23,0.98,42.2,30.9,80.5,2.53,42.7,29.3,41.8,26.0,0.8,46.5,15.6,0.0,2.0,3.07,80.5,1.52,High
STU00069,Mathematics,7,3.62,3.53,3.63,78.6,84.4,68.5,0.63,85.4,64.9,100.0,88.9,87.2,100.0,22.5,12.5,,2.67,71.5,3.64,Low
STU00070,Mathematics,4,2.88,2.73,2.31,57.0,49.3,49.0,4.3,32.0,33.6,32.4,23.3,46.1,73.3,5.5,8.0,9.2,2.67,71.5,3.11,Medium
STU00071,Biology,5,3.46,3.55,4.0,100.0,99.9,73.6,1.61,88.4,100.0,69.7,100.0,100.0,83.8,9.5,12.4,8.9,3.08,80.7,3.18,Low
STU00072,Psychology,4,2.55,2.17,2.14,47.2,52.0,74.6,2.05,77.6,39.9,61.7,35.1,76.9,47.7,15.2,11.5,4.2,2.76,73.7,2.62,Medium
STU00073,Biology,8,3.8,4.0,4.0,96.9,94.0,71.6,1.76,100.0,100.0,87.6,73.6,100.0,87.8,,18.9,3.4,3.08,80.7,3.78,Low
STU00074,Biology,6,3.25,3.14,2.94,90.6,81.5,62.6,2.09,61.3,65.9,64.5,68.2,65.1,77.3,8.6,8.0,1.8,3.08,80.7,3.55,Low
STU00075,Computer Science,8,2.31,2.56,2.87,67.1,67.1,82.2,2.05,81.1,93.7,36.5,88.7,68.1,50.0,21.2,19.2,4.6,3.49,89.8,2.34,Medium
STU00076,Mechanical Engineering,1,3.88,3.41,3.58,100.0,86.6,97.8,4.0,89.1,85.7,83.3,86.2,88.5,86.9,17.3,9.7,4.8,2.65,71.2,4.0,Low
STU00077,Mathematics,1,2.23,2.51,2.46,33.8,38.8,49.6,1.64,57.4,51.6,74.5,61.6,84.6,60.6,11.7,5.1,0.0,2.67,71.5,2.2,Medium
STU00078,Mechanical Engineering,5,3.04,2.8,2.77,79.9,84.9,41.0,0.0,71.3,72.9,74.9,72.1,68.1,75.7,,8.8,9.2,2.65,71.2,3.12,Low
STU00079,Business Administration,3,3.27,3.29,3.05,69.5,68.3,100.0,0.84,69.3,65.0,73.3,65.6,72.3,70.3,13.5,19.4,1.4,3.26,84.6,3.45,Low
STU00080,Mechanical Engineering,4,2.83,2.55,2.23,44.3,31.9,64.6,0.87,61.1,46.8,51.7,51.2,57.2,60.1,20.6,7.7,4.4,2.65,71.2,2.91,Low
STU00081,Economics,8,1.77,1.92,1.94,26.4,30.0,34.1,,35.4,34.4,34.8,41.4,37.7,34.6,13.6,6.0,8.5,3.02,79.4,1.71,High
STU00082,Psychology,8,2.56,2.47,2.44,72.7,79.1,60.0,0.0,57.9,38.4,86.1,54.3,77.2,100.0,13.0,2.8,4.1,2.76,73.7,2.83,Medium
STU00083,Business Administration,3,1.11,1.37,1.77,59.1,60.0,51.5,2.57,66.2,51.4,62.6,56.5,73.7,56.2,5.5,15.6,2.3,3.26,84.6,0.85,High
STU00084,Electrical Engineering,8,4.0,4.0,4.0,100.0,97.5,86.7,0.31,100.0,96.7,91.8,89.5,85.6,100.0,25.7,12.4,6.2,3.07,80.5,3.83,Low
STU00085,Business Administration,1,1.84,1.65,1.68,65.4,57.6,55.2,1.66,66.2,59.2,54.0,64.5,48.5,36.1,12.0,6.4,3.0,3.26,84.6,1.79,Medium
STU00086,Mechanical Engineering,5,2.0,1.72,1.62,71.0,70.7,48.8,0.53,53.9,65.4,58.1,57.5,45.0,64.0,8.7,11.2,5.8,2.65,71.2,1.95,Medium
STU00087,Economics,7,2.94,2.91,3.01,69.0,74.8,68.7,3.8,69.4,59.6,64.9,46.0,57.6,60.7,13.4,12.4,2.5,3.02,79.4,2.92,Medium
STU00088,Business Administration,2,2.3,2.23,2.46,50.2,54.4,53.2,2.85,61.1,66.9,66.3,71.4,63.8,67.8,,12.8,3.3,3.26,84.6,2.23,Medium
STU00089,Electrical Engineering,1,3.02,2.78,2.65,90.3,81.8,80.5,1.09,59.2,50.3,68.6,61.6,69.1,72.8,15.6,19.0,6.0,3.07,80.5,3.2,Low
STU00090,Electrical Engineering,6,2.27,2.09,2.05,44.8,33.7,24.0,5.1,39.9,42.5,48.1,41.2,43.5,44.7,,11.6,3.5,3.07,80.5,2.22,Medium
STU00091,Computer Science,3,2.27,2.28,2.2,71.5,64.9,80.8,3.37,90.9,89.5,72.8,68.9,80.8,100.0,12.6,8.0,5.5,3.49,89.8,2.31,Medium
STU00092,Computer Science,8,2.0,2.01,2.14,45.5,49.7,68.8,2.34,69.6,64.2,66.8,67.8,68.1,74.7,19.7,8.0,,3.49,89.8,2.09,Medium
STU00093,Biology,7,1.78,2.06,2.1,41.0,40.1,27.6,2.57,16.0,47.1,79.1,44.1,40.6,37.7,10.9,14.1,0.0,3.08,80.7,1.52,High
STU00094,Electrical Engineering,4,2.47,2.61,2.24,64.6,65.7,62.6,2.23,60.4,62.7,60.3,56.4,63.1,70.8,14.1,13.9,1.1,3.07,80.5,2.6,Low
STU00095,Mathematics,2,3.12,3.26,3.22,50.9,49.9,71.9,2.83,63.0,64.6,74.2,63.8,63.3,62.0,19.7,11.0,3.1,2.67,71.5,3.26,Low
STU00096,Electrical Engineering,3,1.64,1.82,1.42,64.9,64.9,45.2,0.0,54.3,52.7,56.7,54.6,56.3,61.3,,16.6,,3.07,80.5,1.54,Medium
STU00097,Biology,7,3.32,3.52,3.45,97.5,100.0,90.6,1.54,94.4,94.1,100.0,80.6,96.6,100.0,12.2,16.8,3.5,3.08,80.7,3.32,Low
STU00098,Computer Science,5,1.82,1.98,1.98,50.5,43.2,68.5,1.81,64.8,65.2,48.8,52.7,59.7,62.1,13.0,8.0,9.3,3.49,89.8,1.89,High
STU00099,Electrical Engineering,7,3.8,3.84,4.0,88.5,100.0,100.0,1.33,100.0,100.0,100.0,96.6,99.9,100.0,20.9,23.8,5.7,3.07,80.5,3.81,Low
STU00100,Computer Science,2,3.01,2.65,2.68,90.4,81.9,73.9,,72.2,76.4,77.2,71.0,72.2,64.3,15.7,16.4,6.7,3.49,89.8,3.11,Low
STU00101,Electrical Engineering,5,4.0,4.0,3.93,89.3,92.0,100.0,1.33,100.0,77.3,100.0,100.0,92.2,99.9,13.7,18.3,1.9,3.07,80.5,3.84,Low
STU00102,Computer Science,4,2.91,2.93,3.19,86.8,78.4,100.0,0.0,89.9,81.2,87.4,76.1,76.2,88.2,19.8,14.9,,3.49,89.8,2.71,Low
STU00103,Psychology,2,2.59,2.69,2.82,36.3,42.4,54.7,2.92,51.2,52.3,60.4,59.0,48.0,56.9,17.7,5.4,7.5,2.76,73.7,2.39,Medium
STU00104,Mechanical Engineering,2,2.67,2.31,2.16,65.8,62.5,44.6,2.09,20.3,68.0,42.7,58.3,30.8,48.1,11.8,10.2,3.9,2.65,71.2,2.92,Medium
STU00105,Biology,4,3.73,3.65,3.61,88.7,89.2,100.0,1.09,92.7,93.0,92.3,92.5,95.0,92.9,25.4,22.2,3.3,3.08,80.7,3.83,Low
STU00106,Electrical Engineering,7,2.83,2.95,3.13,74.9,74.0,85.0,0.0,75.9,76.1,79.6,71.5,85.9,62.1,21.2,10.6,,3.07,80.5,2.65,Medium
STU00107,Psychology,7,1.14,1.32,1.55,54.8,50.5,45.9,1.44,60.7,58.2,59.5,61.6,54.6,53.1,8.8,7.2,13.8,2.76,73.7,0.86,High
STU00108,Mechanical Engineering,8,2.26,2.12,1.87,42.1,30.0,10.0,0.84,41.4,55.8,48.9,47.9,50.8,73.9,5.6,10.1,2.2,2.65,71.2,2.27,Medium
STU00109,Biology,8,3.19,3.27,3.38,59.0,64.4,45.8,2.55,61.7,64.8,71.0,75.1,60.9,59.8,25.8,13.6,2.4,3.08,80.7,2.82,Low
STU00110,Economics,1,2.36,2.41,2.2,61.8,60.2,45.8,1.55,66.9,61.9,64.5,92.9,53.3,80.6,21.0,12.9,10.3,3.02,79.4,2.45,Medium
STU00111,Mathematics,1,1.46,1.24,1.02,32.6,30.0,23.3,5.04,20.7,29.8,40.8,22.0,6.6,34.4,5.3,1.4,3.1,2.67,71.5,1.52,High
STU00112,Mechanical Engineering,3,1.41,1.27,1.27,45.4,33.3,31.5,4.86,32.0,29.7,16.0,40.4,32.8,20.5,5.7,7.0,6.4,2.65,71.2,1.49,High
STU00113,Electrical Engineering,5,3.09,3.27,3.29,65.0,68.9,67.7,0.01,79.3,87.6,70.6,93.4,83.9,88.8,15.5,17.3,1.7,3.07,80.5,3.05,Low
STU00114,Computer Science,6,2.92,2.99,3.24,59.4,60.2,86.4,0.0,88.6,78.3,60.1,75.9,72.5,81.4,16.5,11.9,7.2,3.49,89.8,2.86,Low
STU00115,Electrical Engineering,1,1.64,2.02,2.14,37.5,40.1,70.5,1.49,64.7,37.2,59.4,67.5,56.7,64.8,23.5,13.9,5.7,3.07,80.5,1.51,High
STU00116,Biology,3,2.57,2.52,2.29,46.9,40.2,73.7,,71.5,72.9,63.5,61.4,71.1,72.9,16.1,15.9,9.0,3.08,80.7,2.6,Low
STU00117,Mathematics,7,2.35,2.19,1.88,72.3,61.9,28.6,7.43,45.5,32.9,46.8,41.4,59.1,57.5,9.3,7.9,4.8,2.67,71.5,2.52,Medium
STU00118,Mechanical Engineering,7,2.33,1.96,1.6,45.9,41.7,52.5,4.22,50.9,49.3,50.6,50.5,48.4,50.7,5.5,7.7,4.1,2.65,71.2,2.52,Medium
STU00119,Electrical Engineering,5,1.14,1.17,1.19,26.6,30.0,28.7,3.78,34.1,27.5,39.0,19.8,31.4,36.8,10.8,17.9,6.0,3.07,80.5,1.11,High
STU00120,Computer Science,1,1.87,1.6,1.69,36.8,30.0,43.3,2.73,41.9,29.9,42.4,32.5,17.5,32.4,18.1,11.9,4.8,3.49,89.8,1.88,High
STU00121,Business Administration,8,1.56,1.56,1.44,83.3,82.2,24.1,3.52,58.3,41.3,47.9,44.7,47.7,48.6,11.4,13.7,1.7,3.26,84.6,1.75,High
STU00122,Electrical Engineering,8,2.22,2.48,2.7,59.7,63.9,63.8,2.66,60.4,47.9,61.5,29.9,48.5,55.4,9.6,6.6,3.0,3.07,80.5,2.06,Medium
STU00123,Biology,5,3.27,3.78,3.66,90.5,87.3,84.6,,100.0,95.9,99.1,100.0,71.4,100.0,20.3,17.2,,3.08,80.7,3.09,Low
STU00124,Computer Science,8,2.42,2.5,2.67,79.8,75.2,54.2,2.57,71.9,71.8,82.3,64.6,77.5,69.2,16.9,13.0,5.8,3.49,89.8,2.37,Medium
STU00125,Computer Science,6,2.75,2.55,2.21,69.2,54.4,27.6,0.89,37.0,42.3,48.1,41.9,46.6,43.1,13.4,4.0,5.3,3.49,89.8,2.89,Low
STU00126,Business Administration,1,2.23,2.12,1.61,58.0,56.6,44.6,,41.1,32.6,29.5,42.8,34.1,37.7,7.3,0.1,5.8,3.26,84.6,2.41,Medium
STU00127,Mechanical Engineering,7,1.28,1.41,1.63,45.9,49.8,71.9,4.05,16.0,27.4,41.2,44.8,24.6,83.0,19.2,10.9,5.2,2.65,71.2,1.06,High
STU00128,Business Administration,5,2.48,2.77,2.79,56.8,56.1,61.9,0.0,63.5,72.3,47.5,79.6,60.6,65.3,22.9,6.8,0.8,3.26,84.6,2.51,Medium
STU00129,Business Administration,5,1.93,2.13,2.21,65.8,58.8,69.9,1.53,64.7,65.9,61.3,63.9,51.9,60.6,18.0,7.6,5.2,3.26,84.6,1.81,Medium
STU00130,Mathematics,4,2.81,2.77,2.97,42.9,43.5,74.5,0.0,77.5,66.1,62.7,79.9,62.2,64.3,17.6,7.4,,2.67,71.5,2.73,Low
STU00131,Economics,4,1.81,1.81,1.62,54.4,46.1,65.4,1.99,35.4,63.3,51.9,49.5,46.0,40.7,17.7,9.1,0.0,3.02,79.4,1.84,Medium
STU00132,Business Administration,7,2.05,2.06,2.04,83.5,75.6,52.9,3.49,67.3,82.1,78.1,65.5,73.1,61.5,20.0,14.4,0.0,3.26,84.6,2.02,Medium
STU00133,Psychology,8,3.45,3.43,3.49,100.0,100.0,86.3,0.0,89.7,100.0,61.3,100.0,93.1,85.3,20.9,15.6,0.0,2.76,73.7,3.45,Low
STU00134,Electrical Engineering,3,3.38,3.21,3.11,67.4,65.7,82.8,2.3,63.7,71.1,57.8,87.3,66.7,23.7,15.7,8.8,0.1,3.07,80.5,3.48,Low
STU00135,Business Administration,5,2.76,3.12,3.32,71.0,71.3,99.5,0.0,68.2,80.5,70.0,71.5,67.3,73.0,23.1,15.5,7.9,3.26,84.6,2.46,Low
STU00136,Economics,3,2.15,2.02,1.88,79.3,81.0,31.7,0.08,75.7,65.8,41.3,55.5,63.2,60.8,16.9,11.7,8.8,3.02,79.4,2.15,Medium
STU00137,Business Administration,7,2.63,2.71,2.86,100.0,95.6,49.7,3.96,70.3,80.7,68.1,81.0,85.3,80.5,19.5,9.4,2.5,3.26,84.6,2.65,Medium
STU00138,Mathematics,1,2.58,2.43,2.14,59.0,49.2,93.6,0.63,64.3,57.0,68.9,63.5,67.7,66.2,12.2,12.6,0.0,2.67,71.5,2.75,Low
STU00139,Computer Science,8,4.0,4.0,3.92,88.3,83.4,100.0,,76.3,82.0,88.9,93.6,83.8,76.4,24.7,17.8,2.3,3.49,89.8,4.0,Low
STU00140,Electrical Engineering,4,2.12,2.36,2.35,83.8,85.5,58.1,1.58,70.4,81.4,71.1,54.2,55.6,85.8,11.8,7.5,8.4,3.07,80.5,1.94,Medium
STU00141,Electrical Engineering,5,4.0,4.0,4.0,85.8,82.0,89.3,0.0,91.7,100.0,95.5,84.1,100.0,100.0,23.2,12.8,,3.07,80.5,4.0,Low
STU00142,Economics,2,2.87,2.63,2.51,77.3,80.4,100.0,2.22,63.1,81.6,70.8,61.9,87.5,62.6,25.9,11.9,9.8,3.02,79.4,2.96,Low
STU00143,Biology,5,2.59,2.48,2.37,74.5,74.4,38.0,0.52,52.8,56.7,62.5,86.5,64.2,70.5,18.8,12.9,4.8,3.08,80.7,2.83,Low
STU00144,Economics,3,3.97,3.64,3.79,88.9,100.0,100.0,0.4,100.0,100.0,98.1,90.9,94.2,97.2,22.1,24.5,,3.02,79.4,4.0,Low
STU00145,Mechanical Engineering,6,2.81,2.39,2.23,58.1,69.4,67.0,2.5,57.3,60.1,84.5,55.7,58.6,62.7,,12.5,,2.65,71.2,2.9,Low
STU00146,Business Administration,3,2.5,2.24,1.83,72.6,76.8,89.8,1.9,70.6,70.5,48.2,48.1,67.1,65.4,12.7,12.1,9.8,3.26,84.6,2.56,Medium
STU00147,Biology,7,1.29,1.46,1.64,39.4,30.0,40.1,3.13,61.1,63.2,44.8,53.9,45.0,29.0,9.6,9.0,3.6,3.08,80.7,1.17,High
STU00148,Business Administration,6,2.21,2.06,2.25,31.6,38.3,90.1,0.0,62.5,60.1,61.8,68.7,65.8,60.4,7.7,10.2,4.4,3.26,84.6,2.13,Medium
STU00149,Business Administration,2,2.63,2.58,2.65,42.7,40.3,16.8,0.46,48.6,30.3,61.3,24.2,70.0,8.8,13.1,9.9,2.6,3.26,84.6,2.78,Medium
STU00150,Psychology,6,0.77,0.86,0.62,20.0,30.0,17.3,5.46,4.9,23.9,10.7,49.5,43.6,33.0,4.0,5.6,4.5,2.76,73.7,1.0,High
STU00151,Economics,3,4.0,3.95,3.75,64.3,69.7,48.4,1.38,70.4,76.0,78.1,76.4,75.7,72.0,19.4,10.4,0.0,3.02,79.4,4.0,Low
STU00152,Mechanical Engineering,1,2.37,2.62,2.73,77.8,81.7,78.3,0.85,61.2,61.1,59.6,78.6,73.9,77.4,10.1,12.2,1.1,2.65,71.2,2.16,Low
STU00153,Mechanical Engineering,5,4.0,4.0,4.0,100.0,100.0,98.8,0.0,90.3,88.2,86.0,86.4,96.7,89.1,24.7,12.2,2.7,2.65,71.2,3.84,Low
STU00154,Mathematics,8,2.63,2.53,2.23,61.7,54.1,81.9,2.16,46.3,72.1,50.2,51.1,63.4,45.7,11.3,13.0,3.1,2.67,71.5,2.84,Low
STU00155,Computer Science,4,0.64,0.84,1.05,39.7,41.0,29.4,,39.8,42.7,37.9,10.0,40.0,67.4,,4.8,6.1,3.49,89.8,0.66,High
STU00156,Economics,3,2.19,1.95,1.64,60.5,52.8,36.8,2.58,70.8,24.7,36.2,45.2,61.7,51.8,7.2,18.3,5.8,3.02,79.4,2.34,Medium
STU00157,Mathematics,3,2.85,2.37,2.3,52.5,47.5,55.4,2.56,42.9,43.9,52.6,58.2,47.8,71.2,16.0,10.3,0.7,2.67,71.5,3.05,Low
STU00158,Economics,7,3.06,2.79,2.36,25.0,30.0,52.8,5.77,24.3,29.6,33.0,19.5,12.9,31.7,4.2,0.0,5.4,3.02,79.4,3.26,Medium
STU00159,Mathematics,3,1.23,1.22,1.42,41.4,43.5,40.1,1.46,51.4,27.5,34.8,42.3,50.0,35.9,7.5,0.1,5.3,2.67,71.5,1.2,High
STU00160,Mathematics,2,2.72,2.57,2.26,72.7,80.2,56.8,0.98,80.5,52.5,52.9,37.3,71.9,36.4,9.8,3.4,4.7,2.67,71.5,2.82,Medium
STU00161,Computer Science,6,1.8,1.69,1.74,59.8,50.6,45.4,2.91,48.6,43.3,45.8,51.8,32.7,32.4,5.7,2.9,1.3,3.49,89.8,1.71,High
STU00162,Psychology,1,3.22,3.35,3.23,72.4,75.4,72.8,1.09,75.7,72.8,69.9,72.8,75.2,74.1,18.8,10.5,8.5,2.76,73.7,3.28,Low
STU00163,Business Administration,1,3.07,3.03,3.15,60.0,58.4,63.4,3.27,67.0,66.5,74.9,63.2,78.0,74.1,22.5,10.7,4.6,3.26,84.6,2.98,Low
STU00164,Mechanical Engineering,2,3.53,3.36,3.47,72.5,72.1,53.1,0.5,69.5,73.8,70.3,67.7,61.7,79.2,26.0,13.6,8.0,2.65,71.2,3.57,Low
STU00165,Mathematics,4,2.7,2.72,2.66,73.4,72.0,57.0,0.0,62.5,61.7,48.8,54.9,60.2,64.0,4.1,10.4,5.4,2.67,71.5,2.79,Medium
STU00166,Biology,3,3.22,3.01,2.86,82.0,84.0,91.9,1.04,68.0,96.7,71.3,92.9,57.0,83.2,14.4,7.7,5.7,3.08,80.7,3.23,Low
STU00167,Psychology,4,1.25,0.96,0.93,44.9,45.9,60.4,0.76,30.7,51.8,59.6,72.9,62.9,60.9,13.1,10.9,8.7,2.76,73.7,1.3,Medium
STU00168,Electrical Engineering,6,1.53,1.45,1.8,49.0,56.2,47.3,2.92,74.1,43.8,43.4,49.9,48.1,65.1,14.2,6.7,10.7,3.07,80.5,1.54,High
STU00169,Economics,2,1.93,1.88,2.05,63.1,62.6,59.5,2.27,65.1,45.9,74.6,77.9,95.8,45.1,15.9,2.4,,3.02,79.4,2.13,Medium
STU00170,Economics,2,0.49,1.08,1.25,46.5,51.4,42.9,3.34,50.3,56.3,52.2,48.3,51.0,51.1,15.6,4.2,6.8,3.02,79.4,0.19,High
STU00171,Mathematics,4,1.76,1.86,1.84,47.7,51.2,44.3,0.02,59.9,47.0,45.5,54.9,49.7,51.0,9.5,8.8,9.8,2.67,71.5,1.84,High
STU00172,Psychology,6,1.4,1.4,1.26,36.8,31.2,72.6,1.87,20.1,50.6,83.9,37.9,45.7,27.9,11.8,9.8,5.6,2.76,73.7,1.46,High
STU00173,Mathematics,6,3.26,3.06,2.81,45.8,44.1,67.4,3.89,60.3,50.7,44.4,54.9,52.6,56.8,12.4,2.4,3.8,2.67,71.5,3.48,Low
STU00174,Mechanical Engineering,8,2.72,2.59,2.62,52.3,53.4,54.9,2.63,56.0,51.5,54.3,62.9,43.7,57.5,10.5,9.3,5.2,2.65,71.2,2.65,Low
STU00175,Mechanical Engineering,6,3.01,3.17,3.28,90.8,100.0,74.2,1.78,85.9,79.5,85.1,82.8,84.5,86.3,,15.9,5.9,2.65,71.2,2.82,Low
STU00176,Computer Science,3,3.78,3.8,3.8,93.1,92.7,56.7,0.52,100.0,100.0,100.0,79.6,66.5,100.0,22.0,14.5,5.7,3.49,89.8,3.91,Low
STU00177,Computer Science,4,1.93,1.68,1.54,35.3,30.0,42.6,3.58,23.2,23.6,32.9,20.0,13.7,24.2,5.7,1.9,4.5,3.49,89.8,2.05,High
STU00178,Psychology,7,3.9,3.79,3.55,66.2,64.4,53.9,0.0,77.1,71.9,71.4,74.9,62.3,62.4,14.6,17.0,,2.76,73.7,4.0,Low
STU00179,Economics,1,1.32,1.39,1.66,21.9,41.3,26.6,2.85,41.4,21.3,35.7,39.6,49.4,31.7,11.7,0.1,0.0,3.02,79.4,1.22,High
STU00180,Mathematics,5,3.35,3.88,4.0,92.8,100.0,69.2,0.0,58.1,100.0,85.1,59.1,99.4,77.5,23.7,15.0,0.4,2.67,71.5,3.42,Low
STU00181,Business Administration,8,3.31,3.08,2.84,66.3,56.3,32.4,0.33,78.5,61.6,65.3,74.2,70.9,34.4,10.7,15.7,4.6,3.26,84.6,3.29,Low
STU00182,Mechanical Engineering,2,1.75,1.44,1.58,34.7,30.0,28.9,3.86,52.2,43.6,46.4,52.1,48.2,47.8,10.0,2.9,4.4,2.65,71.2,1.62,High
STU00183,Mathematics,2,1.98,2.2,2.05,27.0,42.4,41.1,0.75,63.4,62.2,53.8,68.8,46.2,70.1,15.4,9.4,4.9,2.67,71.5,2.11,Medium
STU00184,Business Administration,6,1.82,1.72,1.59,34.3,31.8,69.0,2.42,31.5,53.2,47.2,61.2,53.8,40.4,12.3,8.7,0.3,3.26,84.6,1.83,Medium
STU00185,Mathematics,4,1.39,1.34,1.43,55.4,51.3,59.8,3.46,37.3,68.7,38.1,44.6,36.4,46.8,3.1,6.5,1.7,2.67,71.5,1.5,High
STU00186,Computer Science,8,2.16,2.35,2.12,72.2,78.7,67.4,2.03,74.8,82.9,86.6,80.6,70.2,86.8,11.5,9.9,2.1,3.49,89.8,2.28,Medium
STU00187,Psychology,7,3.55,3.71,4.0,97.4,95.4,87.4,0.0,91.0,95.1,91.6,69.4,85.4,66.7,27.6,11.0,8.8,2.76,73.7,3.31,Low
STU00188,Economics,7,2.03,2.02,1.83,37.4,30.0,52.5,2.07,21.0,39.3,52.4,23.5,48.1,53.2,15.3,0.9,2.7,3.02,79.4,2.1,Medium
STU00189,Business Administration,2,1.39,1.74,1.82,56.4,57.3,58.5,0.33,50.5,55.2,48.1,50.3,37.9,33.8,15.7,10.0,5.3,3.26,84.6,1.29,High
STU00190,Economics,5,4.0,4.0,3.86,100.0,97.2,86.9,0.71,85.6,83.5,91.2,87.9,79.3,90.4,17.7,18.7,5.0,3.02,79.4,3.93,Low
STU00191,Economics,7,2.23,2.51,2.59,53.9,62.0,78.2,1.04,78.3,75.3,78.1,73.0,65.2,80.9,14.8,9.3,4.5,3.02,79.4,2.07,Medium
STU00192,Economics,8,3.39,3.03,2.65,94.9,84.9,69.5,3.27,75.7,80.1,55.5,84.5,59.8,75.1,15.7,11.8,7.3,3.02,79.4,3.84,Low
STU00193,Biology,4,3.58,3.37,3.06,85.0,83.0,87.7,1.87,96.3,70.9,83.1,80.1,70.4,89.2,17.2,17.3,1.8,3.08,80.7,3.63,Low
STU00194,Psychology,2,3.52,3.29,3.07,60.1,54.2,81.8,0.96,74.6,58.4,63.7,83.2,58.6,55.7,15.7,7.6,10.5,2.76,73.7,3.75,Low
STU00195,Psychology,6,3.37,3.44,3.18,66.1,72.5,75.1,0.18,78.0,79.8,75.0,92.3,82.7,92.5,17.5,17.5,9.9,2.76,73.7,3.3,Low
STU00196,Mathematics,4,2.03,2.25,2.28,32.8,36.2,76.0,1.13,61.7,60.6,59.5,64.0,51.6,60.4,14.6,9.3,10.2,2.67,71.5,2.04,Medium
STU00197,Biology,7,1.6,1.54,1.79,47.0,45.2,18.9,2.88,15.6,5.5,50.7,42.2,37.8,57.8,14.3,14.6,0.8,3.08,80.7,1.35,High
STU00198,Economics,6,2.5,2.55,2.45,44.1,49.6,92.5,0.92,64.6,64.8,60.0,57.4,70.0,56.2,15.4,13.7,0.1,3.02,79.4,2.39,Medium
STU00199,Electrical Engineering,1,3.77,3.59,3.56,99.6,99.4,71.6,0.0,71.3,78.3,81.2,83.5,88.6,85.6,18.4,13.5,6.5,3.07,80.5,3.85,Low
STU00200,Business Administration,2,2.83,2.62,2.53,53.7,50.7,64.8,3.02,47.8,57.8,56.0,94.2,75.2,67.9,14.9,14.5,6.6,3.26,84.6,2.88,Low
STU00201,Psychology,4,2.52,2.19,2.03,46.4,38.2,34.5,3.0,37.0,51.4,27.0,63.0,59.8,59.4,13.2,11.3,9.8,2.76,73.7,2.68,Medium
STU00202,Mechanical Engineering,8,1.85,1.96,2.26,37.5,40.6,35.5,3.1,38.7,39.9,51.5,34.9,51.0,51.1,14.0,4.8,5.7,2.65,71.2,1.69,Medium
STU00203,Business Administration,5,2.53,2.42,2.42,34.7,30.0,10.0,0.89,60.6,60.7,40.2,47.6,86.3,54.6,18.2,8.1,0.0,3.26,84.6,2.53,Medium
STU00204,Psychology,3,2.14,2.06,2.25,29.9,34.4,27.1,1.96,60.4,56.0,46.8,52.7,62.3,67.6,12.5,13.7,0.0,2.76,73.7,2.0,Medium
STU00205,Biology,5,2.96,2.51,2.51,59.1,56.7,68.8,1.77,68.9,46.9,68.3,45.4,65.2,65.5,5.2,11.2,,3.08,80.7,3.25,Low
STU00206,Business Administration,3,1.6,2.17,2.4,47.1,46.9,59.1,2.41,40.1,58.7,54.8,65.4,77.4,62.2,18.4,10.5,4.6,3.26,84.6,1.25,High
STU00207,Business Administration,7,1.28,1.25,1.33,85.5,77.3,33.6,2.24,30.0,43.8,35.1,48.0,48.2,51.1,6.8,10.0,6.9,3.26,84.6,1.17,High
STU00208,Business Administration,3,3.3,3.4,3.43,100.0,93.9,84.0,0.0,97.2,85.2,90.8,99.4,100.0,89.8,16.0,17.2,2.5,3.26,84.6,3.42,Low
STU00209,Biology,6,2.88,2.94,3.02,84.0,87.0,50.0,2.2,60.3,70.6,47.7,64.9,83.4,34.2,24.1,16.5,3.6,3.08,80.7,2.84,Low
STU00210,Economics,6,3.26,3.53,3.88,66.9,78.4,98.9,2.18,84.7,88.6,94.6,91.8,92.9,89.1,13.5,14.3,8.2,3.02,79.4,3.14,Low
STU00211,Mathematics,7,3.0,2.88,2.93,69.9,63.1,63.5,0.0,59.6,43.8,52.8,54.3,94.6,76.1,19.8,4.3,1.4,2.67,71.5,3.06,Low
STU00212,Psychology,5,2.1,2.42,2.41,65.3,70.5,26.3,2.35,81.3,70.9,53.3,57.8,57.5,43.3,13.8,14.3,1.2,2.76,73.7,2.07,Medium
STU00213,Mechanical Engineering,4,2.66,2.46,2.34,54.6,36.6,54.8,2.19,60.0,45.9,84.6,49.6,51.6,57.5,21.8,11.3,1.3,2.65,71.2,2.84,Medium
STU00214,Mathematics,2,4.0,3.69,3.27,65.0,66.5,89.1,0.0,75.9,82.3,84.6,55.6,74.5,85.0,17.0,16.1,6.1,2.67,71.5,4.0,Low
STU00215,Computer Science,8,2.74,2.8,2.66,47.1,55.1,61.3,2.38,58.9,62.2,46.7,56.8,65.6,42.7,15.8,11.3,5.1,3.49,89.8,2.81,Medium
STU00216,Psychology,7,3.51,3.42,3.7,89.7,100.0,91.2,2.23,94.9,58.9,78.9,66.6,100.0,89.5,19.6,19.3,1.6,2.76,73.7,3.46,Low
STU00217,Electrical Engineering,1,4.0,3.8,3.58,69.3,64.8,100.0,0.61,77.6,73.3,77.3,79.3,83.0,75.9,10.6,16.9,0.9,3.07,80.5,4.0,Low
STU00218,Biology,2,2.78,2.51,2.44,68.2,64.9,65.8,2.59,70.1,40.0,64.5,70.9,74.7,53.4,12.5,9.3,6.6,3.08,80.7,2.84,Medium
STU00219,Business Administration,1,3.0,2.69,2.7,72.7,68.9,61.9,1.05,82.0,59.4,78.5,79.5,87.0,88.7,16.4,13.3,2.7,3.26,84.6,3.13,Low
STU00220,Psychology,4,2.15,2.17,1.9,45.0,42.3,45.5,1.72,26.0,37.8,44.5,31.5,62.0,34.7,11.2,10.5,,2.76,73.7,2.18,Medium
STU00221,Biology,3,2.9,3.12,3.16,100.0,100.0,74.4,3.44,73.4,67.7,72.0,74.7,74.6,75.2,19.0,10.9,3.5,3.08,80.7,3.04,Low
STU00222,Mathematics,6,3.71,3.62,3.78,72.3,76.7,90.2,2.34,55.8,50.0,78.3,67.2,74.3,64.1,11.8,14.8,7.0,2.67,71.5,3.69,Low
STU00223,Biology,3,3.53,3.31,3.15,68.5,75.2,68.6,0.36,68.7,95.8,90.1,75.0,82.8,83.9,25.1,10.8,8.3,3.08,80.7,3.48,Low
STU00224,Business Administration,2,2.53,2.75,2.64,66.9,62.9,61.8,1.51,97.2,60.9,97.3,69.5,90.9,100.0,20.9,7.7,2.2,3.26,84.6,2.47,Medium
STU00225,Computer Science,4,4.0,4.0,4.0,100.0,94.9,75.5,0.0,96.0,100.0,92.1,99.4,93.2,96.1,15.0,15.8,4.4,3.49,89.8,4.0,Low
STU00226,Computer Science,5,1.66,2.03,2.17,30.4,46.0,33.0,0.11,45.7,44.5,48.6,40.1,41.3,41.2,7.7,7.1,7.3,3.49,89.8,1.55,High
STU00227,Mathematics,3,2.86,2.94,2.96,59.2,59.0,89.1,1.38,76.9,93.1,64.6,72.8,62.7,79.9,19.4,14.9,5.2,2.67,71.5,2.81,Low
STU00228,Electrical Engineering,8,1.66,1.7,1.33,38.5,37.2,65.8,3.77,38.4,48.7,28.3,27.8,27.2,22.2,19.0,11.1,5.1,3.07,80.5,1.58,High
STU00229,Psychology,3,1.77,1.99,1.82,65.9,61.5,59.5,0.85,49.6,55.6,62.6,59.3,52.2,58.7,7.1,15.4,4.4,2.76,73.7,1.69,Medium
STU00230,Mathematics,2,1.65,1.91,1.94,21.3,41.4,67.2,1.97,16.0,42.9,26.4,44.3,45.4,57.3,12.4,13.1,,2.67,71.5,1.71,High
STU00231,Psychology,4,1.57,1.6,1.72,43.8,56.3,50.9,1.65,64.9,70.3,44.4,48.9,39.2,49.9,13.3,12.5,8.3,2.76,73.7,1.28,High
STU00232,Business Administration,1,2.85,2.66,2.45,48.3,58.6,45.3,2.7,36.6,65.7,65.1,33.2,74.4,66.4,18.1,8.8,3.8,3.26,84.6,3.09,Medium
STU00233,Economics,7,1.37,1.71,1.53,51.2,48.0,50.6,3.11,32.1,52.7,23.3,0.3,36.1,37.4,11.6,10.9,6.9,3.02,79.4,1.47,High
STU00234,Electrical Engineering,1,1.41,1.66,1.71,24.0,30.0,50.6,3.15,15.4,34.8,35.9,58.3,25.7,58.7,11.6,7.0,12.5,3.07,80.5,1.28,High
STU00235,Mathematics,1,2.45,2.34,2.41,100.0,100.0,100.0,0.0,75.7,80.0,76.3,69.0,77.0,82.2,18.2,16.6,1.9,2.67,71.5,2.38,Low
STU00236,Computer Science,2,3.76,3.47,3.15,60.3,66.5,78.3,0.36,67.8,72.1,80.3,65.7,78.6,96.5,23.8,20.3,6.2,3.49,89.8,3.85,Low
STU00237,Biology,5,3.46,3.38,3.83,88.5,89.0,100.0,0.58,99.5,97.0,98.4,99.7,97.3,97.6,21.5,20.6,6.3,3.08,80.7,3.19,Low
STU00238,Mechanical Engineering,5,3.37,3.13,2.59,57.7,59.3,57.7,0.69,37.9,52.7,27.6,42.0,66.4,87.7,14.1,12.0,7.9,2.65,71.2,3.65,Low
STU00239,Electrical Engineering,3,2.54,2.52,2.66,85.4,96.3,66.5,2.25,27.9,92.2,83.0,44.6,62.0,95.4,24.5,16.5,4.5,3.07,80.5,2.49,Low
STU00240,Mechanical Engineering,2,3.42,3.67,3.82,64.0,74.2,95.2,0.0,85.4,91.7,91.9,69.5,97.5,100.0,,12.2,13.5,2.65,71.2,3.3,Low
STU00241,Biology,3,2.29,2.13,1.87,39.4,33.4,36.8,1.62,56.9,41.0,33.9,44.0,46.1,29.6,13.8,4.6,10.1,3.08,80.7,2.37,Medium
STU00242,Economics,4,2.34,2.17,2.02,61.1,44.3,43.3,2.98,59.7,52.4,41.7,59.7,55.4,55.3,11.2,11.5,4.2,3.02,79.4,2.2,Medium
STU00243,Mechanical Engineering,8,0.52,1.02,1.28,32.9,37.4,34.9,2.64,26.5,31.2,45.1,58.5,25.6,37.4,11.8,3.4,5.1,2.65,71.2,0.08,High
STU00244,Biology,8,2.98,2.82,2.71,54.2,56.8,76.7,0.0,63.2,63.1,85.5,72.1,80.0,55.6,10.3,13.2,4.0,3.08,80.7,3.06,Low
STU00245,Economics,4,2.73,2.59,2.61,34.9,40.7,10.0,3.56,39.9,50.6,36.1,40.8,36.3,49.6,1.7,7.9,0.1,3.02,79.4,2.81,Medium
STU00246,Psychology,6,3.61,3.81,3.94,71.6,64.7,34.9,1.52,77.8,90.8,65.5,77.0,79.9,69.4,12.3,2.4,7.1,2.76,73.7,3.54,Low
STU00247,Psychology,6,3.86,4.0,4.0,100.0,99.9,100.0,1.1,99.2,95.2,85.1,100.0,89.7,94.0,24.4,11.9,0.5,2.76,73.7,3.9,Low
STU00248,Psychology,4,1.85,1.75,1.84,38.0,43.4,18.3,1.06,53.2,64.7,64.6,52.6,41.5,50.9,,7.6,2.9,2.76,73.7,1.8,Medium
STU00249,Business Administration,2,2.31,2.42,2.11,40.7,30.0,55.2,3.39,13.9,70.6,27.3,25.5,0.0,34.2,10.0,10.9,0.8,3.26,84.6,2.42,Medium
STU00250,Economics,7,3.48,3.5,3.34,94.7,95.8,66.7,0.0,81.8,89.8,82.0,99.7,88.5,80.0,15.2,17.7,0.0,3.02,79.4,3.39,Low
STU00251,Mechanical Engineering,4,2.64,2.6,2.29,87.0,82.1,79.1,0.59,68.3,59.0,74.4,69.6,72.7,61.9,22.8,21.1,1.0,2.65,71.2,2.74,Low
STU00252,Mathematics,8,1.74,1.57,1.25,43.6,37.5,29.3,3.53,38.3,33.1,56.0,29.8,56.4,37.5,3.6,13.1,5.4,2.67,71.5,2.04,High
STU00253,Mathematics,7,3.72,3.59,3.33,67.6,70.4,69.4,0.0,68.3,71.7,51.4,87.3,92.4,70.4,24.0,9.5,2.6,2.67,71.5,3.89,Low
STU00254,Electrical Engineering,8,2.64,2.19,1.92,36.2,43.3,75.1,1.11,52.1,56.7,62.7,56.1,48.9,64.4,10.4,10.5,6.3,3.07,80.5,2.99,Medium
STU00255,Computer Science,3,4.0,3.89,3.48,98.4,97.4,65.8,1.19,43.2,60.2,47.3,62.2,73.7,56.5,9.4,12.4,7.6,3.49,89.8,4.0,Low
STU00256,Mechanical Engineering,5,4.0,4.0,4.0,100.0,98.1,59.6,2.14,82.9,82.5,91.9,80.3,88.1,100.0,21.9,14.2,7.2,2.65,71.2,4.0,Low
STU00257,Psychology,6,3.51,3.43,3.48,83.6,80.9,62.6,3.02,69.1,88.3,89.8,81.0,87.5,79.7,18.3,12.5,4.1,2.76,73.7,3.55,Low
STU00258,Business Administration,4,2.67,2.66,2.51,70.6,65.3,67.7,2.72,59.7,59.5,65.7,60.5,68.7,74.0,11.6,13.8,2.8,3.26,84.6,2.57,Medium
STU00259,Computer Science,4,2.21,2.08,2.21,50.8,49.9,48.2,1.28,67.3,71.8,40.1,31.4,55.4,43.8,22.6,9.8,2.6,3.49,89.8,2.34,Medium
STU00260,Electrical Engineering,5,1.99,1.99,2.0,70.9,62.9,87.9,1.72,36.4,44.8,43.6,64.0,60.5,52.7,9.4,10.6,0.3,3.07,80.5,2.09,Medium
STU00261,Mathematics,2,1.0,1.21,0.94,30.9,36.8,74.9,1.52,54.2,37.3,18.2,67.5,40.5,31.3,,12.9,4.9,2.67,71.5,1.15,High
STU00262,Biology,4,0.67,0.72,0.74,32.5,41.3,61.0,0.82,41.3,52.8,51.5,42.0,50.6,44.4,12.8,8.6,3.0,3.08,80.7,0.67,High
STU00263,Biology,5,2.25,2.3,2.46,61.0,52.7,62.9,3.39,61.3,52.5,41.2,60.0,64.5,49.4,15.6,8.9,4.4,3.08,80.7,2.16,Low
STU00264,Electrical Engineering,7,3.02,2.97,3.0,95.7,93.6,75.8,1.43,85.2,85.4,86.0,73.1,88.0,79.3,17.7,24.9,5.9,3.07,80.5,2.76,Low
STU00265,Biology,8,2.78,3.16,3.25,72.9,76.8,80.9,0.11,78.9,82.4,82.4,80.6,77.3,81.5,18.3,9.5,3.8,3.08,80.7,2.75,Low
STU00266,Electrical Engineering,6,2.65,2.27,1.98,79.9,73.9,46.4,1.44,40.2,58.1,83.3,69.1,68.1,44.2,18.7,7.5,1.6,3.07,80.5,2.78,Low
STU00267,Mathematics,3,2.64,2.87,3.2,58.6,57.5,93.8,0.0,80.2,85.2,76.4,83.0,84.8,83.4,30.8,12.0,7.9,2.67,71.5,2.62,Low
STU00268,Mechanical Engineering,2,2.39,2.19,2.4,58.5,66.2,75.6,2.02,63.8,68.0,62.9,65.5,64.7,60.7,15.4,11.2,4.5,2.65,71.2,2.4,Medium
STU00269,Psychology,4,1.15,1.14,1.0,25.3,30.0,10.0,6.09,43.5,45.6,30.5,41.5,48.0,51.7,,0.0,2.5,2.76,73.7,1.16,High
STU00270,Mathematics,4,3.19,2.76,2.4,62.4,62.5,41.6,3.8,67.6,52.4,59.4,69.5,84.2,61.2,8.2,14.6,7.3,2.67,71.5,3.42,Low
STU00271,Electrical Engineering,2,2.41,2.49,2.59,49.5,58.1,28.2,4.01,46.4,49.0,49.1,51.5,47.3,48.5,10.3,9.9,6.3,3.07,80.5,2.14,Medium
STU00272,Business Administration,5,2.96,2.83,2.32,72.2,68.2,46.2,2.31,63.4,82.8,66.9,65.5,48.0,58.0,10.5,13.2,4.0,3.26,84.6,3.12,Low
STU00273,Mechanical Engineering,4,2.86,2.97,3.12,51.9,54.7,64.4,2.91,61.5,72.1,54.5,58.6,51.1,55.3,9.9,15.6,2.9,2.65,71.2,2.73,Medium
STU00274,Business Administration,5,1.2,1.32,1.2,23.9,36.4,57.0,7.18,44.4,50.1,35.1,40.3,44.4,47.5,1.3,4.8,4.0,3.26,84.6,1.49,High
STU00275,Biology,8,3.86,3.8,3.52,80.3,78.0,64.2,0.0,96.0,72.5,100.0,87.0,100.0,96.7,14.9,21.2,9.7,3.08,80.7,3.87,Low
STU00276,Biology,5,3.03,3.08,3.06,64.0,58.6,33.4,1.73,63.3,59.6,56.9,61.4,61.0,64.5,21.2,8.2,7.5,3.08,80.7,3.1,Low
STU00277,Mechanical Engineering,1,1.71,1.53,2.02,54.3,56.5,66.6,,55.2,71.9,61.1,44.9,51.5,35.6,13.6,14.8,7.1,2.65,71.2,1.58,High
STU00278,Business Administration,5,3.7,3.67,3.56,100.0,100.0,88.7,1.63,91.3,96.7,87.6,89.8,93.3,87.1,15.8,16.4,0.0,3.26,84.6,3.77,Low
STU00279,Mechanical Engineering,8,2.72,2.45,2.21,77.2,81.3,91.6,3.13,79.4,78.5,68.3,99.2,72.5,84.4,24.3,16.3,4.8,2.65,71.2,2.78,Low
STU00280,Biology,5,2.91,2.95,3.01,51.1,68.4,96.6,1.67,54.3,71.6,68.0,62.7,50.6,71.6,24.0,9.9,6.3,3.08,80.7,2.93,Low
STU00281,Mathematics,2,2.18,2.04,1.95,51.5,47.5,28.6,1.5,46.3,63.3,55.7,46.6,59.0,53.5,14.7,8.5,2.8,2.67,71.5,2.19,Medium
STU00282,Computer Science,8,3.33,3.34,3.4,81.7,90.1,73.9,0.0,98.3,95.4,94.7,93.7,97.0,98.9,26.1,17.6,3.0,3.49,89.8,3.33,Low
STU00283,Economics,5,3.06,2.86,2.67,61.5,59.8,66.2,0.0,67.9,70.0,58.8,51.8,37.6,55.7,18.9,9.3,4.3,3.02,79.4,3.25,Low
STU00284,Mathematics,7,2.0,1.54,1.37,40.1,43.8,41.7,4.55,37.6,50.4,44.6,49.1,50.3,50.4,13.5,1.0,6.4,2.67,71.5,2.17,High
STU00285,Mathematics,4,4.0,3.94,3.58,78.2,73.9,87.4,0.0,99.1,75.5,85.0,77.4,89.3,88.3,23.8,15.9,13.8,2.67,71.5,3.92,Low
STU00286,Mathematics,1,1.63,1.78,1.92,63.6,64.1,55.3,2.72,59.7,45.6,42.8,60.1,61.0,71.0,15.4,14.0,4.4,2.67,71.5,1.75,Medium
STU00287,Psychology,1,2.36,2.21,1.95,41.0,43.6,81.2,0.0,83.5,67.6,89.7,70.4,71.2,65.9,20.5,10.8,7.9,2.76,73.7,2.36,Low
STU00288,Computer Science,6,3.59,3.36,3.45,86.4,96.2,69.2,1.53,60.8,69.0,76.1,68.5,84.1,73.7,12.0,15.4,0.7,3.49,89.8,3.38,Low
STU00289,Mathematics,4,2.35,2.19,2.1,96.0,80.5,48.3,1.09,33.9,56.4,53.9,49.9,63.3,45.2,8.6,10.9,6.2,2.67,71.5,2.54,Low
STU00290,Mechanical Engineering,6,0.98,0.83,1.07,27.8,38.4,70.0,,35.1,15.8,21.5,33.6,6.5,33.5,18.1,7.6,4.1,2.65,71.2,1.06,High
STU00291,Business Administration,8,3.73,3.5,3.21,92.5,95.2,96.9,0.44,63.4,75.8,63.4,69.6,89.7,71.9,17.9,7.8,5.6,3.26,84.6,3.79,Low
STU00292,Mathematics,5,2.3,2.14,1.87,100.0,100.0,49.0,0.98,57.3,57.6,55.3,61.4,53.3,66.9,15.6,12.9,3.6,2.67,71.5,2.46,Low
STU00293,Economics,1,1.74,1.84,1.94,52.5,47.3,49.0,3.43,41.5,88.5,78.0,55.1,58.8,47.4,16.3,7.5,0.0,3.02,79.4,1.68,Medium
STU00294,Computer Science,2,1.73,1.6,1.47,48.9,50.4,39.9,4.43,42.1,55.3,52.5,29.9,53.5,29.6,16.4,7.2,7.1,3.49,89.8,1.95,Medium
STU00295,Economics,8,1.61,1.61,1.5,82.7,82.1,51.6,1.6,58.0,44.7,53.2,58.6,41.0,48.9,12.7,12.8,1.8,3.02,79.4,1.87,Medium
STU00296,Biology,3,4.0,3.77,3.57,70.7,62.5,82.4,1.29,83.4,85.1,83.9,82.1,84.3,81.7,30.6,14.8,4.8,3.08,80.7,4.0,Low
STU00297,Economics,6,2.03,2.12,2.28,43.1,55.1,43.3,3.51,57.5,58.7,72.6,68.3,68.2,69.8,13.6,9.0,7.6,3.02,79.4,1.92,High
STU00298,Mathematics,6,3.33,3.42,3.41,70.7,72.7,77.1,3.82,81.2,64.8,69.4,75.0,66.9,81.1,23.6,6.6,2.2,2.67,71.5,3.22,Low
STU00299,Electrical Engineering,6,2.97,2.63,2.63,63.7,61.6,78.2,0.0,78.0,66.5,63.7,34.2,57.1,61.0,25.0,14.0,9.6,3.07,80.5,2.99,Low
STU00300,Computer Science,4,2.68,2.5,2.53,62.9,55.9,55.5,3.58,82.9,73.4,65.3,71.0,81.2,58.3,13.2,10.8,0.0,3.49,89.8,2.5,Medium
STU00301,Psychology,5,3.61,3.76,3.95,99.6,100.0,86.3,0.0,96.0,96.4,97.2,95.7,99.2,95.4,12.7,15.9,0.0,2.76,73.7,3.39,Low
STU00302,Biology,8,3.36,3.1,3.24,66.4,63.6,78.4,0.91,65.0,64.2,67.6,78.3,53.0,68.1,19.7,13.0,8.9,3.08,80.7,3.38,Low
STU00303,Biology,7,1.52,1.59,1.81,30.1,30.0,44.6,2.4,53.7,54.5,55.1,38.9,58.9,48.5,16.9,12.8,2.4,3.08,80.7,1.39,High
STU00304,Business Administration,3,1.23,0.86,0.77,33.0,30.0,16.0,3.8,58.2,19.9,23.7,25.0,37.4,49.8,10.3,10.9,2.1,3.26,84.6,1.29,High
STU00305,Computer Science,5,3.53,3.11,2.45,43.3,51.4,86.1,1.62,62.2,53.1,84.0,30.5,57.1,55.9,18.0,6.8,0.0,3.49,89.8,3.89,Low
STU00306,Business Administration,7,3.95,3.94,4.0,88.0,98.6,75.5,0.0,73.3,89.5,100.0,91.7,79.3,91.2,21.1,16.4,7.0,3.26,84.6,4.0,Low
STU00307,Computer Science,6,3.86,3.82,3.77,70.5,76.5,84.9,0.09,91.9,83.9,87.0,87.8,76.2,78.9,22.2,12.2,8.2,3.49,89.8,3.97,Low
STU00308,Biology,7,4.0,4.0,3.68,100.0,97.9,100.0,0.0,97.2,100.0,98.4,99.2,91.1,84.1,23.7,20.3,4.3,3.08,80.7,4.0,Low
STU00309,Business Administration,3,3.54,3.68,3.68,93.7,100.0,94.3,3.07,46.0,84.6,84.9,79.0,97.4,88.4,17.9,12.1,2.9,3.26,84.6,3.42,Low
STU00310,Computer Science,8,1.37,1.73,2.41,36.3,44.1,39.0,5.34,58.2,47.6,66.6,58.8,40.0,61.3,13.6,8.5,,3.49,89.8,1.14,High
STU00311,Economics,4,3.06,2.91,2.82,57.4,61.4,54.4,1.38,58.6,71.1,52.2,62.7,67.3,49.0,12.4,6.7,2.5,3.02,79.4,3.03,Low
STU00312,Mechanical Engineering,8,3.2,3.39,3.42,76.0,87.8,86.2,0.0,73.7,100.0,100.0,100.0,83.4,71.1,18.6,16.4,5.2,2.65,71.2,2.9,Low
STU00313,Mechanical Engineering,8,4.0,3.65,3.53,83.5,82.9,94.7,1.35,89.1,91.2,93.7,87.1,79.6,84.8,20.6,7.7,9.2,2.65,71.2,4.0,Low
STU00314,Mathematics,7,3.08,3.29,3.54,100.0,98.0,63.9,1.47,53.4,85.9,96.0,100.0,61.1,100.0,16.4,15.4,4.3,2.67,71.5,2.94,Low
STU00315,Business Administration,3,1.98,2.05,2.26,66.2,74.7,91.7,2.46,70.6,74.0,67.2,77.2,82.5,87.2,18.3,16.3,0.0,3.26,84.6,1.98,Medium
STU00316,Business Administration,4,2.33,2.36,2.07,43.4,43.7,64.4,1.81,53.0,51.0,56.0,46.0,46.3,74.7,10.0,9.2,3.9,3.26,84.6,2.48,Medium
STU00317,Computer Science,7,3.4,3.41,3.2,45.9,44.7,82.2,1.94,68.2,69.7,69.6,67.8,79.1,74.4,18.6,16.0,4.2,3.49,89.8,3.38,Low
STU00318,Psychology,5,2.64,2.54,2.39,61.6,66.5,74.8,0.44,64.1,55.3,59.0,86.2,94.2,67.7,13.7,7.0,6.4,2.76,73.7,2.69,Medium
STU00319,Computer Science,6,1.0,0.97,1.05,45.6,48.0,66.2,1.87,37.1,29.4,28.1,20.1,29.5,4.8,6.5,6.1,,3.49,89.8,1.08,High
STU00320,Business Administration,5,3.9,3.65,3.58,100.0,100.0,66.4,,100.0,75.9,86.0,65.7,71.9,100.0,25.2,16.8,0.0,3.26,84.6,3.85,Low
STU00321,Economics,8,2.53,2.77,3.23,37.7,40.1,62.1,1.62,83.3,75.7,65.5,85.8,75.6,53.9,11.0,15.2,6.2,3.02,79.4,2.21,Medium
STU00322,Psychology,6,3.39,3.37,3.62,71.3,79.0,70.5,0.24,80.1,64.3,67.7,71.1,75.3,79.0,0.0,10.2,3.8,2.76,73.7,3.19,Low
STU00323,Mathematics,3,3.6,3.8,4.0,99.3,100.0,100.0,0.0,73.5,100.0,100.0,85.0,100.0,100.0,31.9,15.0,1.7,2.67,71.5,3.65,Low
STU00324,Biology,4,0.42,0.34,0.5,20.0,30.0,26.0,2.08,8.6,31.1,39.6,48.9,26.9,55.7,0.0,9.9,2.5,3.08,80.7,0.42,High
STU00325,Computer Science,7,2.65,2.56,2.73,82.1,81.6,76.0,0.0,70.2,68.4,83.2,69.1,75.3,93.8,23.5,17.2,3.5,3.49,89.8,2.6,Low
STU00326,Mechanical Engineering,3,3.62,3.27,3.06,38.8,44.6,74.8,3.45,66.4,55.7,59.2,73.4,61.1,55.9,10.9,12.6,1.0,2.65,71.2,3.83,Low
STU00327,Biology,8,2.88,2.94,2.73,76.9,76.9,51.7,3.24,78.2,76.4,88.6,77.1,71.3,74.9,,6.5,13.1,3.08,80.7,2.95,Low
STU00328,Biology,3,3.39,2.96,2.79,78.3,79.6,77.4,0.4,86.4,76.9,77.9,62.1,100.0,55.4,11.7,18.7,7.1,3.08,80.7,3.65,Low
STU00329,Electrical Engineering,5,3.21,2.95,3.1,62.0,59.3,68.0,2.3,81.4,44.6,58.7,46.0,55.9,81.0,16.1,21.8,5.6,3.07,80.5,3.26,Low
STU00330,Biology,7,2.08,2.07,2.19,71.5,67.8,68.0,1.5,44.5,44.6,46.2,45.0,55.6,51.8,10.9,11.7,10.2,3.08,80.7,1.82,Medium
STU00331,Biology,6,3.42,3.5,3.25,94.9,85.2,82.4,0.29,77.2,75.1,80.5,62.8,75.4,87.8,21.8,12.6,5.7,3.08,80.7,3.56,Low
STU00332,Economics,4,2.3,2.33,2.52,76.8,81.2,50.5,1.49,62.6,61.6,62.6,69.7,62.7,64.7,18.4,7.5,2.4,3.02,79.4,2.13,Medium
STU00333,Mechanical Engineering,2,1.99,1.93,1.89,95.1,85.9,82.8,0.0,100.0,65.2,100.0,71.5,68.8,79.4,15.2,14.9,1.0,2.65,71.2,2.18,Low
STU00334,Biology,7,3.21,2.91,3.03,78.1,76.7,83.8,1.3,33.3,43.5,56.6,41.2,46.8,69.9,,16.0,4.8,3.08,80.7,3.23,Low
STU00335,Mechanical Engineering,4,3.07,3.33,3.04,68.9,69.7,77.5,2.5,56.6,89.9,68.9,80.9,61.2,74.9,19.2,7.0,6.8,2.65,71.2,3.06,Low
STU00336,Psychology,7,2.76,3.05,2.69,93.5,92.9,82.1,0.0,84.1,100.0,99.8,100.0,89.6,71.4,25.8,14.3,0.8,2.76,73.7,3.03,Low
STU00337,Biology,8,2.38,2.45,2.23,46.3,49.0,60.2,2.68,69.7,61.4,50.0,51.3,56.4,58.5,9.2,13.3,5.3,3.08,80.7,2.31,Medium
STU00338,Computer Science,5,2.36,2.42,2.21,47.1,45.8,51.5,1.66,58.8,74.4,55.6,81.0,69.8,45.1,25.2,11.7,2.5,3.49,89.8,2.66,Medium
STU00339,Business Administration,5,3.35,3.25,3.15,81.8,75.6,67.4,0.0,78.0,84.5,76.6,76.6,87.5,83.1,7.0,11.6,0.0,3.26,84.6,3.04,Low
STU00340,Business Administration,8,1.64,1.77,1.85,81.9,80.6,79.9,0.0,57.2,61.8,82.0,60.8,61.0,50.1,20.2,15.2,7.4,3.26,84.6,1.49,Medium
STU00341,Electrical Engineering,3,1.86,1.95,1.86,54.7,56.4,43.7,,56.7,57.2,38.1,66.9,45.2,56.5,,14.0,5.1,3.07,80.5,1.97,Medium
STU00342,Psychology,1,1.9,2.01,2.26,94.1,93.2,69.8,1.67,66.4,64.8,75.5,79.9,73.9,70.6,22.7,13.2,3.5,2.76,73.7,2.11,Medium
STU00343,Electrical Engineering,7,2.82,2.76,2.55,55.4,63.7,74.8,1.45,69.3,73.0,74.3,71.3,65.3,61.1,8.1,7.3,2.3,3.07,80.5,2.79,Low
STU00344,Electrical Engineering,7,2.61,2.95,3.3,79.3,81.7,73.7,2.15,72.8,69.3,74.9,72.9,83.1,61.1,16.6,9.0,6.8,3.07,80.5,2.44,Low
STU00345,Economics,8,1.44,1.54,1.65,54.1,59.3,45.8,3.38,64.7,52.5,57.8,46.5,60.1,49.1,13.5,13.9,7.4,3.02,79.4,1.17,High
STU00346,Mechanical Engineering,1,4.0,3.85,3.62,100.0,88.6,91.5,1.99,77.9,100.0,94.9,58.8,100.0,98.0,23.3,16.9,1.0,2.65,71.2,4.0,Low
STU00347,Computer Science,3,2.69,2.44,2.21,58.3,48.1,37.2,2.76,78.1,47.9,0.0,64.3,39.1,35.4,10.4,7.2,6.8,3.49,89.8,2.71,Medium
STU00348,Biology,7,2.85,2.67,2.53,69.2,74.1,74.9,4.69,62.4,75.5,74.7,78.5,67.4,67.8,28.2,11.7,7.2,3.08,80.7,2.72,Low
STU00349,Electrical Engineering,4,3.72,3.27,3.12,95.6,91.0,63.9,0.17,88.6,85.1,100.0,94.3,85.0,79.4,11.3,11.2,5.3,3.07,80.5,4.0,Low
STU00350,Mathematics,1,2.3,2.69,2.56,70.7,66.8,80.3,1.8,73.7,65.0,66.1,60.3,72.1,88.4,20.7,8.9,8.4,2.67,71.5,2.38,Medium
STU00351,Computer Science,6,3.53,3.6,3.96,100.0,96.9,100.0,0.56,100.0,100.0,95.5,100.0,100.0,91.5,19.0,17.3,7.5,3.49,89.8,3.23,Low
STU00352,Computer Science,1,3.81,3.89,3.56,97.8,100.0,96.3,0.0,100.0,87.2,90.9,100.0,100.0,98.4,30.9,16.1,4.3,3.49,89.8,3.88,Low
STU00353,Computer Science,7,3.14,3.02,3.09,79.2,80.2,78.2,1.47,55.9,82.2,74.2,82.0,85.0,93.0,11.2,11.5,6.3,3.49,89.8,3.42,Low
STU00354,Business Administration,2,2.77,2.97,3.06,79.2,77.0,90.6,1.05,97.8,76.7,69.1,85.8,47.4,79.6,18.4,8.9,2.2,3.26,84.6,2.72,Low
STU00355,Biology,7,4.0,3.89,3.5,68.3,75.8,81.9,1.68,70.9,95.7,96.1,85.3,92.6,82.3,20.7,19.1,6.9,3.08,80.7,4.0,Low
STU00356,Business Administration,5,0.48,0.64,0.65,34.9,30.0,10.0,2.92,18.9,24.1,27.8,19.0,17.5,25.9,7.3,8.7,2.3,3.26,84.6,0.37,High
STU00357,Economics,8,2.28,2.56,2.82,77.8,79.4,62.5,0.31,81.5,71.4,86.1,100.0,72.1,82.9,10.2,15.8,2.3,3.02,79.4,1.99,Medium
STU00358,Psychology,4,3.4,3.16,2.78,70.4,64.9,87.2,0.0,86.1,77.7,87.6,74.1,74.5,81.1,15.7,14.3,0.3,2.76,73.7,3.42,Low
STU00359,Mechanical Engineering,4,3.04,2.94,2.93,59.6,67.4,50.7,3.7,60.9,54.8,48.9,72.5,69.7,78.9,6.6,15.6,,2.65,71.2,3.31,Low
STU00360,Psychology,7,2.36,2.46,2.83,67.9,67.3,74.7,3.71,55.2,58.4,61.9,56.3,52.0,46.2,9.8,9.7,5.6,2.76,73.7,2.16,Medium
STU00361,Mathematics,3,2.64,2.47,2.21,78.2,68.0,46.1,2.94,53.9,60.3,61.0,78.6,61.1,71.5,12.9,9.8,1.0,2.67,71.5,2.83,Low
STU00362,Biology,7,3.16,3.05,2.46,76.9,73.7,81.4,1.75,59.3,75.7,69.7,69.0,50.3,58.9,18.1,13.4,8.6,3.08,80.7,3.41,Low
STU00363,Computer Science,8,2.45,2.06,1.98,51.7,51.5,56.5,,63.5,33.2,44.1,47.8,60.4,37.0,22.6,10.0,4.7,3.49,89.8,2.54,Medium
STU00364,Mathematics,4,2.8,2.91,3.2,89.0,97.5,46.5,2.53,82.0,85.3,82.8,83.8,77.6,74.2,23.4,17.4,9.8,2.67,71.5,2.77,Low
STU00365,Electrical Engineering,7,3.37,3.2,3.12,83.6,79.8,96.4,0.0,81.3,80.6,100.0,81.0,100.0,87.7,30.2,13.3,8.4,3.07,80.5,3.47,Low
STU00366,Mechanical Engineering,2,1.2,1.11,1.28,37.2,30.0,42.1,4.58,28.4,61.9,9.9,40.7,52.9,25.0,13.2,2.5,2.9,2.65,71.2,1.27,High
STU00367,Psychology,3,3.56,3.59,3.5,79.4,89.1,87.9,,90.7,86.5,75.3,94.6,99.7,85.1,22.3,15.4,6.6,2.76,73.7,3.57,Low
STU00368,Psychology,5,3.27,3.03,3.21,75.1,74.3,89.9,1.3,79.2,100.0,91.0,84.3,87.3,100.0,14.9,13.7,3.6,2.76,73.7,3.25,Low
STU00369,Business Administration,5,3.01,2.98,2.52,77.9,78.0,73.5,0.0,76.2,69.1,66.7,70.2,74.9,51.0,9.5,10.2,,3.26,84.6,3.33,Low
STU00370,Biology,6,1.7,1.72,1.59,41.9,35.0,22.5,3.9,52.1,49.4,31.6,26.6,61.0,29.4,12.1,8.4,9.4,3.08,80.7,1.58,High
STU00371,Mathematics,3,3.92,3.74,3.21,95.3,88.5,100.0,0.87,100.0,96.5,91.4,100.0,100.0,87.5,16.6,17.6,6.9,2.67,71.5,4.0,Low
STU00372,Psychology,7,1.72,1.44,1.24,58.9,48.9,47.7,2.91,51.4,59.4,59.0,47.6,45.6,55.0,16.6,11.4,0.0,2.76,73.7,1.86,Medium
STU00373,Biology,1,3.85,3.38,2.78,70.3,65.2,94.9,2.87,73.2,56.9,84.2,44.1,49.2,74.5,19.3,7.3,3.9,3.08,80.7,4.0,Low
STU00374,Business Administration,8,3.19,3.06,3.06,85.7,90.6,77.1,2.35,86.6,80.2,84.4,88.8,79.2,75.9,9.4,13.7,3.0,3.26,84.6,3.25,Low
STU00375,Mathematics,7,4.0,3.9,3.57,96.0,99.1,100.0,1.87,67.3,91.0,100.0,90.4,91.4,76.0,25.0,13.8,0.0,2.67,71.5,4.0,Low
STU00376,Computer Science,3,2.59,2.49,2.46,72.0,64.4,34.9,4.61,50.5,40.7,68.3,56.1,61.6,42.0,15.4,9.0,2.7,3.49,89.8,2.45,Medium
STU00377,Electrical Engineering,7,1.46,1.98,2.38,31.3,30.1,50.4,2.05,45.2,53.9,44.0,49.2,45.7,51.4,11.3,10.3,5.1,3.07,80.5,1.26,High
STU00378,Mathematics,1,3.14,2.64,2.17,85.0,86.2,36.3,0.67,70.0,53.3,57.8,60.9,76.2,50.8,14.0,15.4,4.1,2.67,71.5,3.42,Low
STU00379,Electrical Engineering,4,2.77,2.63,2.28,80.3,66.5,82.9,1.37,67.1,52.3,62.7,59.6,65.5,58.2,13.5,16.5,4.7,3.07,80.5,2.89,Low
STU00380,Mechanical Engineering,2,3.49,3.73,4.0,71.2,73.2,94.6,0.96,82.5,86.7,100.0,100.0,100.0,100.0,12.3,15.6,1.5,2.65,71.2,3.45,Low
STU00381,Mechanical Engineering,7,1.65,1.69,1.83,25.6,30.0,62.2,1.93,30.7,51.7,42.5,49.6,37.2,53.7,12.9,5.6,5.0,2.65,71.2,1.66,High
STU00382,Biology,5,2.0,1.97,1.76,38.3,47.3,47.4,1.62,0.1,40.8,57.6,50.3,26.3,42.7,10.1,1.6,2.9,3.08,80.7,2.05,High
STU00383,Computer Science,8,2.62,2.79,3.02,76.1,76.8,73.6,2.32,62.9,100.0,100.0,100.0,82.3,69.7,15.2,8.4,4.7,3.49,89.8,2.48,Medium
STU00384,Business Administration,5,4.0,3.99,3.63,74.0,66.3,40.0,0.79,62.7,71.3,66.4,67.7,78.6,76.3,24.0,8.6,4.0,3.26,84.6,4.0,Low
STU00385,Mechanical Engineering,7,2.91,2.5,2.39,83.5,79.9,100.0,1.9,66.0,85.9,37.3,47.8,76.4,67.3,19.5,12.3,6.7,2.65,71.2,3.13,Low
STU00386,Biology,1,3.23,3.45,3.41,84.5,76.5,78.5,0.0,82.7,76.8,58.5,79.3,76.0,75.5,21.7,17.1,5.7,3.08,80.7,3.24,Low
STU00387,Mechanical Engineering,2,3.2,2.88,2.81,90.8,81.0,68.6,2.41,75.0,75.5,64.8,73.3,77.7,64.5,23.1,11.4,,2.65,71.2,3.2,Low
STU00388,Electrical Engineering,6,2.21,2.23,2.18,56.9,56.0,40.0,1.78,56.3,56.4,62.8,53.2,50.0,59.1,16.1,6.5,0.4,3.07,80.5,2.39,Medium
STU00389,Psychology,2,2.94,2.73,2.71,45.5,54.6,60.6,3.27,71.0,78.4,51.1,57.3,82.3,74.3,13.5,17.0,8.6,2.76,73.7,2.9,Low
STU00390,Computer Science,1,2.66,2.63,2.68,49.4,50.0,56.7,,72.9,64.4,36.2,46.8,42.0,67.6,14.2,10.6,1.7,3.49,89.8,2.57,Medium
STU00391,Biology,6,3.43,3.31,3.0,76.0,63.9,62.7,1.07,62.4,58.9,100.0,70.2,47.8,93.7,20.8,10.0,2.2,3.08,80.7,3.53,Low
STU00392,Psychology,3,2.26,2.23,1.81,33.1,30.0,15.2,4.13,34.4,31.6,14.6,33.0,32.8,30.5,13.5,3.9,6.0,2.76,73.7,2.44,Medium
STU00393,Biology,1,1.67,1.83,1.93,30.7,42.4,23.1,4.5,52.2,51.5,50.3,45.1,43.3,52.6,20.8,4.3,8.2,3.08,80.7,1.57,High
STU00394,Business Administration,5,1.08,1.14,1.31,48.8,32.5,46.5,4.2,31.4,39.1,42.0,48.1,35.0,33.0,14.8,9.6,4.4,3.26,84.6,0.98,High
STU00395,Business Administration,2,2.68,2.75,2.98,60.1,66.6,57.6,3.14,76.9,60.3,71.9,74.6,48.4,69.1,5.4,13.9,7.0,3.26,84.6,2.54,Medium
STU00396,Mechanical Engineering,8,3.32,3.31,3.39,58.9,52.6,55.0,1.43,77.8,66.9,72.6,65.5,64.2,57.7,23.2,11.0,5.5,2.65,71.2,3.18,Low
STU00397,Computer Science,5,2.87,2.73,2.26,69.0,56.8,38.9,2.76,68.9,50.2,49.3,69.0,70.2,51.6,6.7,9.9,6.9,3.49,89.8,2.91,Medium
STU00398,Mechanical Engineering,2,2.23,2.14,2.28,49.4,52.5,72.3,2.69,33.7,58.8,53.9,61.4,61.2,61.4,15.0,14.1,5.1,2.65,71.2,2.14,Medium
STU00399,Mathematics,5,3.03,3.12,3.29,89.7,100.0,81.2,2.49,54.2,79.4,67.4,85.0,100.0,54.5,15.7,12.3,,2.67,71.5,2.93,Low
STU00400,Economics,4,2.79,2.92,3.21,71.3,70.1,67.5,0.77,78.5,90.2,49.5,64.0,71.3,77.6,25.4,5.4,3.5,3.02,79.4,2.67,Low
STU00401,Computer Science,4,3.6,3.43,3.4,73.7,65.9,100.0,0.28,84.7,83.6,81.9,85.5,79.7,78.4,26.0,17.5,,3.49,89.8,3.63,Low
STU00402,Business Administration,3,3.94,4.0,4.0,92.1,98.8,84.8,0.4,97.0,92.2,67.1,100.0,100.0,85.6,18.7,19.4,,3.26,84.6,4.0,Low
STU00403,Computer Science,6,2.37,2.17,2.03,75.0,64.6,45.2,3.71,42.3,70.8,34.6,50.1,60.0,45.8,17.9,8.0,9.2,3.49,89.8,2.55,Medium
STU00404,Economics,3,3.23,3.29,3.28,94.4,100.0,64.2,2.91,69.8,84.1,79.7,66.5,84.7,100.0,16.8,12.3,3.3,3.02,79.4,2.88,Low
STU00405,Biology,7,3.81,3.92,3.94,90.9,99.4,71.4,0.0,86.8,88.9,56.6,91.5,92.5,78.0,25.6,18.8,5.3,3.08,80.7,3.65,Low
STU00406,Mechanical Engineering,5,2.31,1.95,1.69,98.1,82.6,43.2,0.0,72.1,59.9,68.3,74.2,52.9,74.3,12.6,13.1,3.5,2.65,71.2,2.6,Low
STU00407,Mathematics,3,1.98,2.42,2.49,67.8,72.0,98.0,1.1,69.3,73.1,58.1,79.4,78.3,76.2,17.0,12.2,6.5,2.67,71.5,1.87,Medium
STU00408,Computer Science,2,3.8,3.55,3.2,95.2,84.5,100.0,3.73,66.7,66.2,74.6,68.4,67.1,64.7,18.1,13.1,6.2,3.49,89.8,3.78,Low
STU00409,Computer Science,7,3.65,3.75,4.0,91.3,85.4,94.2,0.0,94.5,97.4,99.2,92.0,100.0,92.6,20.8,13.0,5.4,3.49,89.8,3.69,Low
STU00410,Biology,4,1.67,1.67,1.76,54.1,50.1,21.0,2.5,30.1,40.8,37.8,39.7,32.0,41.7,7.6,6.4,5.7,3.08,80.7,1.65,High
STU00411,Business Administration,6,2.69,2.78,2.65,51.7,47.5,56.5,4.95,69.2,55.3,76.8,69.0,50.5,45.1,8.3,12.2,6.7,3.26,84.6,2.68,Medium
STU00412,Economics,3,1.53,1.59,1.57,46.9,56.7,24.6,3.51,40.6,46.3,39.9,57.5,45.1,54.2,3.0,0.0,5.9,3.02,79.4,1.49,High
STU00413,Computer Science,1,2.59,2.79,2.98,72.1,69.7,77.1,0.0,76.4,86.0,65.1,71.3,80.5,77.4,18.9,9.5,3.2,3.49,89.8,2.47,Medium
STU00414,Computer Science,8,3.44,3.32,3.24,46.5,56.0,77.7,1.38,76.6,67.3,66.2,74.8,80.7,70.7,18.4,13.2,5.0,3.49,89.8,3.64,Low
STU00415,Business Administration,4,1.79,2.07,2.55,51.1,61.0,43.9,3.74,51.6,52.3,69.1,61.7,61.5,62.5,8.9,5.3,1.7,3.26,84.6,1.5,High
STU00416,Mathematics,8,1.55,1.74,1.81,51.3,50.7,51.0,1.95,37.0,45.3,52.8,45.5,44.8,45.1,6.1,8.8,4.9,2.67,71.5,1.49,High
STU00417,Psychology,6,3.12,2.95,2.64,64.6,61.6,49.0,2.32,40.4,84.5,58.5,53.9,39.0,64.7,17.3,6.3,4.6,2.76,73.7,3.29,Low
STU00418,Psychology,8,1.78,1.69,1.65,52.2,41.6,65.6,2.69,50.6,49.7,38.5,48.0,56.5,50.2,19.0,9.6,7.9,2.76,73.7,1.91,Medium
STU00419,Psychology,1,2.99,3.01,2.76,47.7,40.2,27.2,3.21,63.9,63.3,57.7,57.0,63.8,57.6,15.5,11.6,5.9,2.76,73.7,2.91,Medium
STU00420,Business Administration,2,0.86,1.08,1.0,33.7,30.0,24.5,,13.6,16.0,14.8,34.8,42.1,37.0,3.9,9.2,6.3,3.26,84.6,0.73,High
STU00421,Computer Science,6,3.62,3.47,3.03,84.5,77.8,59.0,3.85,54.3,44.5,61.8,61.0,74.6,70.9,10.6,10.6,3.9,3.49,89.8,3.68,Low
STU00422,Electrical Engineering,1,2.51,2.53,2.62,69.5,66.7,44.3,1.28,56.2,48.4,51.6,56.6,47.6,55.7,9.3,6.3,7.5,3.07,80.5,2.58,Medium
STU00423,Biology,7,2.39,2.38,2.09,92.7,85.5,75.8,2.91,69.9,63.8,46.1,65.9,77.0,78.5,,9.9,0.0,3.08,80.7,2.45,Low
STU00424,Business Administration,7,2.27,2.39,2.42,62.5,60.8,67.9,2.42,68.7,54.3,51.0,51.0,62.7,57.7,6.5,12.8,0.7,3.26,84.6,2.25,Medium
STU00425,Mathematics,7,2.79,3.06,3.38,44.9,52.8,55.0,1.76,61.8,59.8,61.6,56.9,55.6,53.9,16.4,6.5,10.5,2.67,71.5,2.64,Low
STU00426,Mechanical Engineering,4,3.5,3.36,3.34,75.4,79.5,88.5,0.41,94.0,100.0,96.3,89.1,87.2,100.0,22.6,7.6,3.0,2.65,71.2,3.48,Low
STU00427,Psychology,6,3.43,3.3,2.74,60.1,55.1,55.2,2.83,82.8,59.4,68.6,50.5,61.0,62.2,18.0,0.6,5.5,2.76,73.7,3.67,Low
STU00428,Computer Science,7,1.06,1.33,1.51,31.3,30.0,49.9,0.8,43.5,47.9,54.2,38.1,45.3,34.1,10.3,9.1,2.4,3.49,89.8,0.76,High
STU00429,Mechanical Engineering,1,1.15,0.92,1.25,27.1,31.3,35.9,0.0,12.8,20.4,53.9,41.3,37.3,33.2,5.3,5.4,4.8,2.65,71.2,1.3,High
STU00430,Biology,2,3.24,3.6,3.7,70.2,72.1,100.0,0.0,86.3,70.3,80.4,100.0,84.8,79.2,22.9,15.9,,3.08,80.7,3.14,Low
STU00431,Mathematics,8,3.22,3.01,3.08,68.7,67.5,62.0,0.0,34.7,50.9,82.7,20.5,87.7,76.3,23.1,11.3,0.0,2.67,71.5,3.41,Low
STU00432,Electrical Engineering,5,2.46,2.81,3.05,66.8,68.4,77.9,0.75,68.5,57.9,94.9,100.0,71.5,74.1,21.9,20.7,3.4,3.07,80.5,2.35,Low
STU00433,Computer Science,1,2.13,2.22,2.43,60.2,67.5,59.1,1.74,59.4,62.3,61.3,58.8,61.9,60.6,12.7,10.4,4.6,3.49,89.8,1.99,Medium
STU00434,Biology,8,2.62,2.39,2.01,75.7,72.2,63.3,2.91,63.9,56.2,55.7,54.9,53.7,55.3,13.7,11.1,4.2,3.08,80.7,2.99,Low
STU00435,Mathematics,7,3.54,3.15,2.9,61.2,63.0,71.9,2.05,61.0,55.3,54.9,67.5,54.1,68.4,21.1,4.3,8.4,2.67,71.5,3.76,Low
STU00436,Computer Science,8,3.48,3.19,3.1,93.5,88.6,76.9,1.12,58.4,78.5,74.9,64.7,97.7,68.6,12.5,11.6,,3.49,89.8,3.47,Low
STU00437,Economics,5,3.68,3.59,3.52,75.5,76.7,47.5,1.49,74.3,79.7,79.3,70.2,81.1,64.5,13.9,16.3,2.0,3.02,79.4,3.56,Low
STU00438,Biology,1,3.86,3.61,3.56,99.8,100.0,100.0,0.0,93.9,96.1,96.2,100.0,100.0,93.1,22.9,15.2,4.6,3.08,80.7,3.9,Low
STU00439,Mechanical Engineering,2,3.61,3.53,3.59,74.1,65.1,57.2,1.37,70.5,70.4,75.2,70.8,69.2,74.6,17.8,9.6,8.5,2.65,71.2,3.61,Low
STU00440,Electrical Engineering,3,2.38,2.51,2.73,62.9,68.3,71.3,2.23,73.0,68.0,65.4,74.3,61.3,65.9,,13.5,4.9,3.07,80.5,2.3,Medium
STU00441,Mechanical Engineering,8,1.96,1.94,1.68,65.6,62.2,72.2,3.6,43.4,49.9,49.4,90.9,50.7,78.4,7.9,6.5,2.9,2.65,71.2,2.01,Medium
STU00442,Mathematics,7,1.57,1.72,1.76,51.2,53.4,55.1,0.94,46.1,40.3,66.1,75.1,57.0,65.5,12.2,4.5,6.8,2.67,71.5,1.52,High
STU00443,Mathematics,5,0.79,0.99,1.15,20.0,30.0,23.2,5.14,29.6,36.5,41.6,36.7,42.9,42.0,14.1,7.7,5.1,2.67,71.5,0.63,High
STU00444,Mathematics,5,1.15,0.96,0.86,52.1,42.7,10.0,6.42,28.6,24.0,30.9,32.0,30.8,29.0,4.5,11.2,5.1,2.67,71.5,1.18,High
STU00445,Mathematics,8,1.28,1.31,1.32,41.2,30.0,44.3,0.54,46.1,53.6,52.6,58.4,44.8,56.4,9.3,3.7,1.1,2.67,71.5,1.39,High
STU00446,Psychology,8,2.05,1.94,1.47,44.6,35.9,40.0,3.24,41.9,30.8,61.3,11.0,30.2,20.3,12.6,3.2,6.3,2.76,73.7,2.17,Medium
STU00447,Economics,8,2.26,2.04,2.22,50.8,58.4,66.8,1.77,64.1,62.7,67.2,81.5,73.7,76.3,19.2,15.8,5.9,3.02,79.4,2.41,Medium
STU00448,Biology,6,2.09,1.92,2.19,32.9,45.0,37.1,2.85,55.9,58.4,49.3,71.4,26.0,47.0,15.8,11.8,9.1,3.08,80.7,2.02,High
STU00449,Biology,3,2.79,2.16,1.81,44.9,52.3,34.1,3.04,52.6,56.0,58.5,51.5,64.8,54.6,10.3,11.3,10.9,3.08,80.7,3.04,Medium
STU00450,Biology,6,0.94,0.87,1.35,21.9,30.0,44.4,3.26,48.8,51.7,11.9,47.6,37.4,50.2,15.1,7.9,3.2,3.08,80.7,0.81,High
STU00451,Business Administration,4,1.39,1.48,1.54,48.9,47.8,29.2,0.05,41.8,52.2,63.3,50.3,50.3,60.7,19.2,9.8,7.1,3.26,84.6,1.51,High
STU00452,Electrical Engineering,6,3.27,3.43,4.0,96.2,100.0,100.0,,98.2,100.0,100.0,86.1,81.9,96.0,15.0,16.9,7.2,3.07,80.5,3.07,Low
STU00453,Electrical Engineering,8,3.18,3.0,2.96,65.6,68.9,72.3,2.84,59.7,77.2,69.4,69.2,65.1,44.5,25.4,9.1,3.8,3.07,80.5,3.37,Low
STU00454,Electrical Engineering,2,2.85,3.29,3.37,54.4,65.7,100.0,1.5,58.2,67.1,67.1,69.1,64.3,71.0,18.7,10.9,9.8,3.07,80.5,2.8,Medium
STU00455,Psychology,5,4.0,4.0,3.77,100.0,100.0,100.0,,76.1,69.3,85.0,100.0,100.0,100.0,27.9,16.4,0.0,2.76,73.7,4.0,Low
STU00456,Mechanical Engineering,6,2.55,2.54,2.58,72.5,70.7,37.1,2.13,61.3,53.8,57.9,53.5,56.9,55.7,15.3,8.6,4.0,2.65,71.2,2.56,Medium
STU00457,Computer Science,3,0.36,0.25,0.5,29.7,30.0,10.0,2.61,0.0,1.3,29.4,1.5,0.0,0.0,1.3,0.4,1.2,3.49,89.8,0.22,High
STU00458,Mechanical Engineering,3,3.23,3.06,2.87,81.0,68.1,89.2,0.0,70.2,77.7,67.1,82.1,72.2,74.7,11.4,13.3,4.0,2.65,71.2,3.51,Low
STU00459,Psychology,8,3.6,3.75,3.86,83.3,100.0,76.7,0.0,88.2,92.8,96.7,98.1,85.9,85.9,27.8,18.3,5.2,2.76,73.7,3.52,Low
STU00460,Economics,1,1.93,2.15,2.37,59.0,68.0,61.4,4.53,73.6,71.8,71.1,74.1,76.1,67.5,20.6,10.0,4.9,3.02,79.4,1.73,Medium
STU00461,Economics,7,3.06,2.79,2.58,92.8,92.7,45.4,1.53,66.8,71.3,70.2,82.4,66.1,73.0,18.7,8.6,7.1,3.02,79.4,2.91,Low
STU00462,Electrical Engineering,5,3.2,3.3,3.35,95.3,86.4,73.7,2.71,54.5,66.0,74.4,41.9,80.5,82.6,19.0,1.6,1.2,3.07,80.5,3.19,Low
STU00463,Psychology,2,2.92,3.07,3.01,69.0,73.8,81.3,3.98,72.9,66.4,74.6,71.1,58.0,70.7,14.8,14.5,7.8,2.76,73.7,3.1,Low
STU00464,Mechanical Engineering,1,2.62,2.64,2.43,50.0,56.7,78.7,1.99,63.0,68.2,66.1,68.0,60.6,59.1,11.7,11.0,4.8,2.65,71.2,2.65,Medium
STU00465,Mathematics,7,2.82,2.64,2.41,79.1,68.9,95.4,0.94,87.6,88.2,85.3,90.5,85.7,79.9,21.8,15.7,3.2,2.67,71.5,2.74,Low
STU00466,Electrical Engineering,6,2.4,2.52,2.96,77.6,73.9,77.4,2.07,81.3,98.1,76.7,80.9,100.0,98.0,11.2,16.0,,3.07,80.5,2.15,Medium
STU00467,Business Administration,7,2.27,2.61,2.69,78.4,85.8,77.2,0.0,60.4,47.0,54.4,71.6,61.0,73.4,14.3,8.4,1.5,3.26,84.6,2.25,Medium
STU00468,Biology,6,3.85,4.0,4.0,100.0,100.0,86.9,0.53,87.9,99.3,95.0,98.3,90.5,90.6,23.4,19.1,,3.08,80.7,3.75,Low
STU00469,Biology,3,2.04,2.03,1.95,59.0,59.4,61.5,4.85,65.7,59.7,72.8,70.0,36.2,35.0,10.3,14.0,0.3,3.08,80.7,2.12,Medium
STU00470,Mechanical Engineering,8,2.7,2.88,3.05,100.0,100.0,68.9,2.08,91.1,79.9,90.2,85.6,84.0,80.2,7.8,10.7,8.3,2.65,71.2,2.58,Low
STU00471,Economics,8,1.66,1.92,1.56,37.5,30.0,36.6,1.96,11.4,25.2,41.1,38.7,34.7,45.5,7.3,7.3,0.0,3.02,79.4,1.79,High
STU00472,Mathematics,8,2.93,2.8,2.72,34.8,37.3,54.3,3.24,54.9,42.3,72.6,61.9,57.6,65.4,7.3,8.0,4.6,2.67,71.5,2.98,Medium
STU00473,Electrical Engineering,3,3.64,3.57,3.53,91.8,85.2,74.8,2.48,78.7,71.1,83.2,65.8,92.1,86.3,17.5,13.9,,3.07,80.5,3.69,Low
STU00474,Biology,1,2.78,2.66,2.46,78.4,64.0,56.5,1.2,89.9,85.7,61.0,66.3,60.7,84.6,14.2,16.5,4.7,3.08,80.7,2.96,Low
STU00475,Electrical Engineering,7,1.58,1.66,1.83,56.2,64.5,79.0,1.99,78.8,80.5,88.5,58.8,56.0,74.9,19.5,14.9,10.7,3.07,80.5,1.55,Medium
STU00476,Economics,2,2.42,2.61,2.75,46.3,38.6,30.6,4.84,42.8,63.6,72.6,22.9,30.4,36.3,10.1,7.9,3.7,3.02,79.4,2.32,Medium
STU00477,Economics,8,0.53,0.72,1.0,21.2,30.0,18.9,3.12,38.2,33.5,29.0,22.2,33.3,36.2,,12.9,6.4,3.02,79.4,0.41,High
STU00478,Biology,5,2.6,3.02,3.23,64.9,65.5,100.0,,77.3,76.9,75.4,75.5,77.3,77.6,16.1,12.5,9.0,3.08,80.7,2.44,Medium
STU00479,Mechanical Engineering,5,2.86,2.75,2.46,83.6,75.5,71.2,0.04,62.3,76.3,71.6,84.3,68.3,99.8,11.5,18.2,,2.65,71.2,3.01,Low
STU00480,Psychology,6,2.63,2.56,2.41,53.0,60.1,52.9,2.47,52.8,69.2,56.3,40.3,66.4,68.1,3.1,7.7,2.9,2.76,73.7,2.6,Medium
STU00481,Business Administration,7,2.03,1.95,2.02,59.9,56.5,54.7,1.85,49.1,65.5,46.2,34.0,55.5,54.1,13.6,7.2,4.9,3.26,84.6,1.99,Medium
STU00482,Electrical Engineering,1,2.8,3.21,3.11,87.4,73.1,75.2,0.96,68.1,66.4,70.2,78.6,90.6,83.2,19.1,13.9,2.9,3.07,80.5,2.76,Low
STU00483,Business Administration,1,2.7,2.65,2.83,46.5,52.7,94.4,,65.0,69.6,82.0,80.1,67.1,55.1,34.3,12.6,4.0,3.26,84.6,2.64,Low
STU00484,Biology,2,2.7,2.5,2.22,86.5,84.3,77.7,1.02,74.7,67.3,69.9,64.2,63.4,62.4,16.3,2.6,1.7,3.08,80.7,2.99,Low
STU00485,Mathematics,6,2.18,2.01,2.36,60.2,65.6,84.8,0.28,80.7,91.2,100.0,73.3,88.7,65.8,23.2,16.9,8.0,2.67,71.5,2.04,Medium
STU00486,Mathematics,8,1.79,1.59,1.47,35.4,30.0,20.7,,47.6,23.6,45.2,31.4,18.8,52.9,18.0,14.2,5.6,2.67,71.5,2.05,High
STU00487,Business Administration,6,2.85,2.81,3.03,90.9,96.6,86.5,2.43,84.9,85.9,84.8,52.5,80.8,64.4,19.7,9.3,1.4,3.26,84.6,2.92,Medium
STU00488,Mechanical Engineering,5,3.08,2.87,2.82,71.0,65.2,60.8,1.05,50.3,63.0,71.6,58.6,71.6,72.9,21.4,9.3,2.2,2.65,71.2,3.04,Low
STU00489,Business Administration,6,3.03,2.97,2.5,57.6,58.4,70.4,0.0,62.7,60.0,61.4,66.6,59.0,61.7,19.4,22.2,6.4,3.26,84.6,3.14,Low
STU00490,Mathematics,8,3.04,2.89,2.48,74.2,81.5,31.3,0.3,67.8,52.4,54.4,100.0,97.9,92.3,14.5,21.5,6.1,2.67,71.5,3.23,Low
STU00491,Economics,3,3.21,3.04,3.05,88.4,84.1,77.7,0.55,81.2,93.6,100.0,73.2,82.2,100.0,8.0,10.9,9.4,3.02,79.4,3.31,Low
STU00492,Electrical Engineering,1,2.27,2.51,2.9,48.5,47.9,71.5,,32.2,48.2,70.8,43.3,51.7,57.0,12.6,6.1,2.1,3.07,80.5,2.05,Medium
STU00493,Mathematics,8,4.0,4.0,3.89,89.5,75.8,72.6,1.67,77.6,72.7,86.1,70.9,87.5,87.7,11.2,20.6,6.5,2.67,71.5,3.94,Low
STU00494,Economics,3,4.0,4.0,3.85,64.4,56.1,89.8,1.34,73.7,74.2,67.0,72.9,64.2,89.4,14.8,15.5,9.1,3.02,79.4,4.0,Low
STU00495,Mechanical Engineering,4,0.94,0.69,0.5,31.8,30.0,10.0,3.61,25.7,24.3,23.3,4.6,22.6,12.1,10.4,11.1,2.2,2.65,71.2,1.0,High
STU00496,Psychology,1,3.43,3.69,3.66,81.9,88.3,85.4,0.0,85.3,66.9,94.9,93.3,92.2,100.0,17.1,9.4,4.8,2.76,73.7,3.26,Low
STU00497,Economics,4,0.49,0.56,0.5,57.1,53.0,39.2,5.0,47.7,34.0,45.5,28.9,17.3,27.1,18.4,1.1,5.0,3.02,79.4,0.42,High
STU00498,Business Administration,4,1.62,1.74,1.71,50.0,42.0,47.4,4.29,53.7,70.0,63.1,58.8,66.6,49.1,7.3,13.4,8.7,3.26,84.6,1.69,Medium
STU00499,Mechanical Engineering,6,3.01,3.32,3.53,53.7,55.0,88.8,,100.0,73.9,81.7,56.9,84.4,64.0,17.8,12.4,8.1,2.65,71.2,2.58,Low
STU00500,Computer Science,5,3.28,3.15,2.94,85.3,73.5,74.5,,63.6,60.5,39.6,64.4,65.5,77.4,14.3,12.8,2.4,3.49,89.8,3.2,Low
STU00501,Computer Science,6,2.49,2.15,2.24,60.6,54.5,49.5,2.12,57.0,52.7,55.6,75.0,51.1,56.2,12.8,9.8,4.0,3.49,89.8,2.35,Medium
STU00502,Mathematics,7,2.75,2.49,2.44,66.1,62.0,76.8,2.43,86.6,81.5,72.0,65.7,87.9,96.2,23.9,16.8,3.5,2.67,71.5,2.87,Low
STU00503,Psychology,1,3.58,3.64,4.0,91.9,84.1,71.2,0.0,83.3,94.7,100.0,79.9,78.6,100.0,25.9,18.7,7.4,2.76,73.7,3.7,Low
STU00504,Computer Science,1,2.06,2.12,2.3,32.1,30.0,46.1,0.88,68.0,61.9,70.7,65.9,66.0,60.2,11.2,8.6,5.1,3.49,89.8,2.17,Medium
STU00505,Computer Science,1,2.81,2.81,2.75,34.3,39.1,68.1,1.8,54.1,27.2,56.7,88.1,28.5,46.0,0.5,8.4,6.9,3.49,89.8,2.84,Medium
STU00506,Electrical Engineering,1,3.84,3.99,4.0,64.4,63.6,73.9,2.03,83.1,80.0,71.6,92.7,62.3,77.7,19.0,14.2,5.5,3.07,80.5,3.79,Low
STU00507,Economics,7,2.07,2.3,2.76,78.3,81.9,81.7,0.49,86.5,80.5,60.0,100.0,56.5,86.2,20.0,8.4,,3.02,79.4,2.02,Medium
STU00508,Computer Science,8,2.61,2.62,2.78,67.1,61.9,68.2,2.88,62.7,70.4,43.8,71.5,72.1,71.6,10.1,9.2,5.7,3.49,89.8,2.74,Low
STU00509,Computer Science,8,1.35,1.46,1.43,39.2,41.2,48.4,1.97,45.3,46.6,40.5,19.3,24.7,42.4,10.4,9.3,10.0,3.49,89.8,1.48,High
STU00510,Electrical Engineering,8,2.08,2.11,2.35,61.1,73.0,72.0,5.0,63.8,89.3,56.6,78.6,69.4,39.3,,11.4,8.3,3.07,80.5,1.86,Medium
STU00511,Mathematics,6,2.74,2.56,2.18,56.0,50.6,36.6,3.31,61.0,54.0,56.5,52.5,60.7,50.4,13.2,13.3,8.5,2.67,71.5,3.14,Low
STU00512,Biology,3,2.2,2.45,2.67,86.5,82.5,58.1,2.97,71.8,78.8,76.8,68.3,62.3,53.8,15.8,17.3,1.6,3.08,80.7,1.95,Medium
STU00513,Mechanical Engineering,4,3.34,3.85,4.0,100.0,100.0,98.8,0.0,73.7,91.5,74.9,94.1,74.2,87.6,15.0,18.2,5.0,2.65,71.2,3.12,Low
STU00514,Computer Science,8,1.53,2.0,1.8,29.5,30.0,44.0,5.06,51.4,29.7,42.6,26.7,40.2,45.0,19.4,2.7,6.4,3.49,89.8,1.54,High
STU00515,Business Administration,8,3.04,2.84,2.97,49.8,45.3,65.6,,71.4,71.7,73.2,70.7,74.5,72.8,14.2,18.0,0.9,3.26,84.6,3.17,Low
STU00516,Computer Science,7,2.28,1.79,1.74,44.6,42.8,69.8,2.83,47.1,73.3,92.2,55.4,42.9,58.2,12.1,13.5,1.1,3.49,89.8,2.54,High
STU00517,Economics,8,3.14,2.83,2.42,38.9,38.0,58.6,1.14,38.6,63.5,52.2,70.8,48.0,49.7,5.2,11.9,4.5,3.02,79.4,3.39,Low
STU00518,Psychology,3,2.99,3.1,3.45,79.2,92.7,76.7,0.0,84.4,80.1,73.9,91.7,95.2,90.7,26.1,13.1,3.1,2.76,73.7,2.92,Low
STU00519,Economics,3,3.17,3.05,2.84,88.4,73.2,53.0,,63.4,72.8,81.7,70.0,76.3,64.5,19.4,15.3,0.0,3.02,79.4,3.39,Low
STU00520,Mechanical Engineering,6,1.39,1.66,2.32,63.7,69.1,94.2,2.87,68.8,73.5,73.4,67.1,67.5,64.6,20.8,8.8,7.6,2.65,71.2,1.1,Medium
STU00521,Psychology,1,0.83,1.22,1.17,28.6,32.4,40.6,2.24,45.3,31.8,48.3,16.0,35.0,46.1,14.4,10.4,5.9,2.76,73.7,0.79,High
STU00522,Mechanical Engineering,8,1.21,1.45,1.98,72.5,76.3,33.4,0.0,42.0,52.4,55.9,52.7,45.0,45.3,11.8,16.3,4.5,2.65,71.2,0.92,High
STU00523,Business Administration,2,1.81,1.63,1.74,81.9,86.2,61.9,4.72,59.2,69.7,86.0,64.6,53.1,44.5,10.3,15.5,4.0,3.26,84.6,1.74,Medium
STU00524,Economics,6,3.01,3.24,3.2,65.4,63.6,70.0,1.23,68.2,71.8,54.9,55.2,40.7,51.2,,8.8,1.4,3.02,79.4,2.95,Low
STU00525,Mathematics,2,1.61,1.52,1.51,33.6,30.0,10.0,0.6,41.0,38.4,38.4,41.7,46.9,43.4,18.3,3.8,6.0,2.67,71.5,1.68,High
STU00526,Psychology,4,3.22,3.42,3.8,98.3,100.0,85.0,,91.3,97.1,91.1,78.4,74.8,90.9,18.2,19.1,7.2,2.76,73.7,2.9,Low
STU00527,Economics,1,2.41,2.32,2.09,46.5,47.8,48.5,2.95,42.5,48.6,45.4,53.6,46.8,47.4,15.0,17.6,7.7,3.02,79.4,2.51,Medium
STU00528,Mechanical Engineering,1,1.76,1.79,1.91,61.7,55.8,55.6,0.0,61.2,61.9,58.5,45.5,49.0,47.9,10.5,9.0,4.2,2.65,71.2,1.63,Medium
STU00529,Mechanical Engineering,7,2.64,2.93,3.42,83.2,85.0,74.8,1.0,78.8,78.6,60.5,55.2,77.3,74.9,16.7,13.5,,2.65,71.2,2.48,Low
STU00530,Mathematics,3,1.77,1.85,1.92,39.9,45.4,47.1,0.76,51.9,57.2,83.1,48.1,59.6,80.2,16.1,4.4,6.5,2.67,71.5,1.9,Medium
STU00531,Biology,1,1.62,1.34,0.79,38.3,37.2,28.9,2.43,26.8,34.9,0.0,27.1,25.7,48.9,,11.6,5.2,3.08,80.7,2.08,High
STU00532,Psychology,7,3.1,3.1,2.81,75.3,74.6,73.2,0.0,46.4,79.0,49.5,100.0,73.3,72.5,13.2,13.4,9.2,2.76,73.7,3.29,Low
STU00533,Electrical Engineering,8,2.64,2.9,2.94,70.7,77.3,49.7,1.48,85.3,40.5,87.8,69.3,65.6,89.5,22.3,14.1,6.4,3.07,80.5,2.5,Medium
STU00534,Computer Science,8,2.11,2.26,2.41,35.4,44.5,52.6,1.95,59.0,68.4,67.3,71.0,65.4,67.2,16.6,14.4,0.3,3.49,89.8,2.21,Medium
STU00535,Mechanical Engineering,3,2.96,2.82,2.76,60.9,60.7,59.9,0.0,44.1,57.1,62.1,72.5,49.8,53.4,18.5,15.5,3.1,2.65,71.2,3.42,Low
STU00536,Mechanical Engineering,1,3.23,3.24,3.11,64.7,61.7,81.5,0.86,73.3,73.4,78.8,83.1,85.0,83.9,17.3,14.1,6.2,2.65,71.2,3.33,Low
STU00537,Mechanical Engineering,7,0.59,1.0,1.09,35.9,30.0,31.3,,67.8,18.5,35.2,25.0,7.1,71.7,3.6,7.8,0.0,2.65,71.2,0.5,High
STU00538,Electrical Engineering,2,2.95,2.86,2.47,74.5,57.6,55.0,2.73,42.5,60.3,60.6,47.9,54.8,34.5,19.4,0.0,4.7,3.07,80.5,2.93,Low
STU00539,Mechanical Engineering,8,2.9,2.9,2.99,65.8,59.9,57.2,1.62,100.0,65.8,100.0,72.1,55.3,60.9,6.0,19.2,9.8,2.65,71.2,2.85,Low
STU00540,Mechanical Engineering,3,2.48,2.54,2.58,66.5,69.4,92.4,0.0,72.5,68.1,74.8,50.1,85.3,87.8,12.7,12.8,6.9,2.65,71.2,2.5,Low
STU00541,Mathematics,5,2.17,1.92,1.71,46.9,47.4,35.6,3.08,38.2,39.5,42.8,42.7,38.7,37.7,12.7,7.5,11.5,2.67,71.5,2.53,Medium
STU00542,Mechanical Engineering,7,2.32,2.5,2.23,25.6,30.0,34.8,0.0,45.2,51.4,23.7,41.3,48.0,48.5,12.6,10.6,1.6,2.65,71.2,2.36,Medium
STU00543,Computer Science,7,2.89,2.77,2.63,54.8,67.6,64.5,1.34,64.6,62.8,65.7,64.0,64.5,60.8,20.7,9.9,1.0,3.49,89.8,2.93,Low
STU00544,Economics,3,3.16,2.93,2.82,84.1,89.0,80.5,0.17,78.8,89.5,83.3,84.6,75.7,100.0,33.8,13.3,6.1,3.02,79.4,3.23,Low
STU00545,Computer Science,2,1.6,2.08,2.66,97.1,98.0,97.3,0.72,70.0,71.6,97.4,81.7,100.0,60.1,24.2,17.2,0.0,3.49,89.8,1.3,Medium
STU00546,Mathematics,8,2.83,2.53,2.41,67.6,74.8,100.0,,82.2,63.6,82.9,86.2,54.6,87.0,22.6,9.1,9.8,2.67,71.5,2.88,Low
STU00547,Business Administration,2,2.76,2.71,2.29,75.2,68.2,50.2,2.44,62.6,40.8,34.5,53.3,40.4,66.8,18.0,2.6,2.5,3.26,84.6,2.84,Low
STU00548,Electrical Engineering,1,3.09,3.1,3.45,68.6,66.9,74.5,1.83,73.2,61.1,66.3,72.1,66.5,67.0,15.9,15.6,4.0,3.07,80.5,2.86,Low
STU00549,Mechanical Engineering,5,1.08,1.17,1.35,42.0,35.9,54.1,3.07,46.9,37.4,31.3,41.6,43.6,31.4,11.4,12.6,11.2,2.65,71.2,1.22,High
STU00550,Electrical Engineering,8,3.11,2.76,2.43,55.0,42.0,30.8,4.68,50.3,56.3,77.9,43.6,53.5,49.5,8.3,9.4,6.3,3.07,80.5,3.57,Medium
STU00551,Economics,4,3.64,3.5,3.5,63.9,67.2,72.1,1.48,91.4,87.2,79.2,67.8,86.2,100.0,23.9,16.0,8.1,3.02,79.4,3.62,Low
STU00552,Economics,7,2.41,2.47,2.54,62.2,53.4,71.3,1.69,70.7,52.9,52.1,55.2,31.4,53.1,6.2,11.2,0.0,3.02,79.4,2.46,Low
STU00553,Psychology,4,2.92,2.45,2.3,90.9,91.1,65.9,4.51,61.2,51.5,52.4,58.8,61.4,41.5,20.1,8.9,1.0,2.76,73.7,3.1,Low
STU00554,Computer Science,3,3.8,3.57,3.41,100.0,85.2,94.3,0.0,90.4,91.1,88.2,82.0,93.9,77.8,24.3,10.0,10.7,3.49,89.8,4.0,Low
STU00555,Business Administration,8,3.24,3.04,3.02,78.4,85.0,100.0,1.03,72.6,81.1,82.2,85.9,75.6,92.6,15.5,14.5,5.7,3.26,84.6,3.27,Low
STU00556,Economics,6,3.41,3.14,2.54,72.6,67.7,71.9,0.46,58.2,58.3,53.6,80.9,73.9,75.5,,12.9,9.4,3.02,79.4,3.68,Low
STU00557,Psychology,5,4.0,3.8,3.43,98.3,93.2,80.8,1.09,76.1,87.8,87.0,95.5,80.9,67.1,24.7,20.1,7.7,2.76,73.7,4.0,Low
STU00558,Mathematics,6,3.86,4.0,3.97,100.0,100.0,100.0,0.54,100.0,68.0,100.0,100.0,100.0,74.0,,12.0,0.0,2.67,71.5,3.74,Low
STU00559,Mechanical Engineering,6,1.87,1.79,1.78,27.5,30.0,34.4,4.73,39.5,40.3,41.3,31.9,28.7,35.2,,11.5,4.3,2.65,71.2,1.88,High
STU00560,Computer Science,6,2.84,3.07,3.16,60.1,62.7,54.2,5.02,69.7,69.7,66.5,63.3,67.0,71.5,20.7,14.0,7.2,3.49,89.8,2.88,Medium
STU00561,Mathematics,6,2.18,2.17,2.17,40.8,35.8,25.6,1.52,56.5,29.5,36.8,51.0,48.5,31.9,14.9,9.5,12.0,2.67,71.5,2.17,Medium
STU00562,Mathematics,1,1.75,2.3,2.53,49.5,64.9,55.5,3.36,34.9,60.5,63.3,47.5,43.1,41.1,10.5,1.2,2.8,2.67,71.5,1.49,High
STU00563,Psychology,8,2.26,2.49,3.0,59.6,61.5,65.1,3.79,64.4,60.6,47.8,89.9,70.2,52.2,13.5,9.5,5.1,2.76,73.7,1.99,Medium
STU00564,Computer Science,1,0.47,0.5,0.89,20.0,30.0,22.9,4.11,21.6,47.5,33.8,38.2,44.9,33.2,12.5,0.0,5.6,3.49,89.8,0.54,High
STU00565,Psychology,3,3.72,3.34,3.43,80.2,79.6,82.5,0.99,59.7,60.8,75.4,64.1,62.3,77.9,10.7,9.4,11.2,2.76,73.7,3.72,Low
STU00566,Biology,3,3.23,3.27,2.85,67.7,59.9,75.3,2.07,78.5,69.6,71.2,77.4,76.8,67.8,12.2,11.2,4.9,3.08,80.7,3.47,Low
STU00567,Psychology,5,3.05,3.15,3.45,90.3,90.7,79.8,5.16,83.0,65.5,77.0,66.6,84.3,76.9,12.5,13.6,,2.76,73.7,2.83,Low
STU00568,Computer Science,5,2.86,2.6,2.46,82.6,81.3,80.0,4.9,73.3,53.7,68.6,62.7,57.7,68.2,17.1,20.3,3.1,3.49,89.8,3.02,Low
STU00569,Computer Science,4,2.3,2.17,2.07,65.9,58.7,74.4,3.08,69.6,66.9,72.2,70.6,75.0,73.1,20.3,17.7,7.7,3.49,89.8,2.23,Medium
STU00570,Business Administration,6,3.22,3.16,3.11,82.3,89.0,98.5,0.0,69.1,84.1,100.0,74.1,100.0,100.0,24.8,18.8,7.6,3.26,84.6,3.41,Low
STU00571,Mathematics,4,3.33,3.67,3.81,80.4,78.9,100.0,2.01,100.0,92.2,92.4,87.8,82.7,92.2,12.8,13.3,0.0,2.67,71.5,3.26,Low
STU00572,Business Administration,3,2.45,2.26,2.21,59.5,63.8,72.0,0.0,71.8,75.2,72.5,92.5,79.6,53.9,11.5,13.3,2.2,3.26,84.6,2.69,Low
STU00573,Mechanical Engineering,8,2.85,3.07,3.24,61.7,55.4,86.3,1.39,90.6,78.0,63.6,74.9,96.0,90.4,22.4,16.3,7.1,2.65,71.2,2.68,Low
STU00574,Electrical Engineering,2,2.14,1.66,1.65,46.9,42.2,48.6,,55.8,52.1,43.3,45.4,46.5,35.9,18.1,5.6,9.2,3.07,80.5,2.07,Medium
STU00575,Mechanical Engineering,3,1.34,1.3,1.31,82.5,80.2,51.7,0.05,70.9,56.1,60.3,42.9,49.0,65.2,16.9,18.0,9.0,2.65,71.2,1.41,Medium
STU00576,Psychology,4,2.7,2.47,2.44,36.8,33.0,34.9,4.11,64.3,78.2,60.1,85.5,59.0,57.0,19.2,9.5,5.3,2.76,73.7,2.79,Medium
STU00577,Economics,1,2.32,2.54,2.94,93.0,91.5,75.0,0.0,100.0,73.5,69.6,84.4,89.8,92.3,14.3,15.8,2.9,3.02,79.4,2.02,Low
STU00578,Mathematics,3,1.72,1.8,1.47,54.2,59.0,65.0,1.68,62.8,61.1,59.9,51.5,35.9,63.8,10.0,7.9,11.9,2.67,71.5,1.89,Medium
STU00579,Computer Science,3,3.18,2.82,2.83,75.5,69.3,68.3,3.23,55.8,32.6,56.1,44.1,47.4,40.8,12.0,8.2,,3.49,89.8,3.55,Low
STU00580,Mechanical Engineering,2,2.74,2.86,2.96,60.4,77.0,68.5,0.0,100.0,100.0,81.7,69.8,71.7,76.6,12.5,10.3,0.0,2.65,71.2,2.69,Low
STU00581,Biology,8,2.89,2.94,3.1,70.4,69.3,57.0,3.95,74.7,80.6,69.2,75.2,79.7,76.0,,15.3,7.7,3.08,80.7,2.73,Low
STU00582,Computer Science,1,3.15,3.13,3.52,49.5,52.4,100.0,1.91,72.4,79.8,77.2,81.3,73.4,74.4,16.3,11.8,1.9,3.49,89.8,2.94,Low
STU00583,Economics,5,3.18,2.93,3.17,73.3,81.2,100.0,1.28,86.5,77.8,77.1,82.7,92.0,79.3,19.4,13.8,10.3,3.02,79.4,3.18,Low
STU00584,Computer Science,3,3.24,3.26,3.29,97.2,94.4,78.6,0.6,95.9,80.8,92.7,99.6,100.0,100.0,22.7,18.4,7.0,3.49,89.8,3.24,Low
STU00585,Electrical Engineering,2,3.35,3.18,3.31,86.2,74.3,45.1,2.98,56.5,58.3,75.7,79.5,63.7,63.9,18.4,14.0,8.5,3.07,80.5,3.36,Low
STU00586,Business Administration,1,1.67,1.69,1.81,49.1,40.6,32.9,1.05,24.2,46.8,41.2,12.4,29.2,54.7,22.3,12.5,6.0,3.26,84.6,1.83,High
STU00587,Mathematics,1,2.76,2.96,2.96,44.4,55.1,39.4,4.3,34.3,38.9,74.6,57.3,63.9,36.8,0.0,7.8,2.4,2.67,71.5,3.09,Medium
STU00588,Psychology,1,2.81,2.9,2.85,80.9,80.6,50.3,2.24,82.2,79.5,77.9,78.4,76.7,82.3,22.2,9.7,2.0,2.76,73.7,2.89,Low
STU00589,Mechanical Engineering,6,2.4,2.26,2.01,63.0,63.3,57.0,3.23,37.2,32.8,33.3,34.6,54.1,32.0,11.0,11.6,6.2,2.65,71.2,2.54,Medium
STU00590,Mechanical Engineering,6,3.31,3.52,3.57,57.7,50.9,56.6,0.0,62.6,64.4,66.4,73.9,70.3,63.8,15.7,10.8,2.3,2.65,71.2,3.36,Low
STU00591,Psychology,6,1.72,1.68,1.82,64.0,61.0,29.9,3.13,57.0,44.7,54.1,51.7,41.0,43.1,19.0,6.0,5.4,2.76,73.7,1.65,Medium
STU00592,Psychology,4,2.54,2.55,2.68,78.3,75.5,67.9,1.72,59.0,77.3,55.4,53.6,55.1,63.5,18.7,14.3,2.2,2.76,73.7,2.39,Low
STU00593,Mechanical Engineering,6,2.44,2.49,2.5,70.4,70.7,62.8,0.87,69.4,70.4,96.3,60.0,68.3,69.7,18.4,12.5,0.5,2.65,71.2,2.4,Low
STU00594,Biology,8,2.24,2.45,2.12,54.3,48.6,63.7,1.0,52.3,86.3,62.1,74.1,13.7,39.6,11.4,9.1,3.5,3.08,80.7,2.32,Medium
STU00595,Psychology,7,2.66,2.92,2.93,89.6,93.2,66.2,1.69,85.6,60.6,90.1,90.4,97.4,71.2,20.3,16.6,6.3,2.76,73.7,2.29,Low
STU00596,Economics,4,2.98,3.15,3.16,100.0,100.0,68.0,0.61,52.6,80.0,66.0,100.0,82.5,90.1,14.3,16.9,4.1,3.02,79.4,3.12,Low
STU00597,Business Administration,2,3.68,3.56,3.51,100.0,90.8,64.3,0.0,57.6,70.6,78.5,94.7,74.1,69.2,19.8,15.3,6.3,3.26,84.6,3.5,Low
STU00598,Mechanical Engineering,4,2.24,2.14,1.81,46.2,43.2,74.0,2.85,40.4,56.4,46.9,41.8,47.8,43.7,15.7,8.7,10.1,2.65,71.2,2.35,Medium
STU00599,Mechanical Engineering,1,4.0,4.0,3.97,95.8,82.2,100.0,0.77,99.8,94.5,87.1,98.1,99.8,100.0,23.9,15.3,8.0,2.65,71.2,3.95,Low
STU00600,Electrical Engineering,8,2.46,2.63,2.75,76.5,71.3,75.5,3.05,51.4,93.9,56.2,76.3,82.9,79.3,16.0,8.5,4.8,3.07,80.5,2.49,Medium
STU00601,Economics,4,3.53,3.33,3.13,45.9,57.1,62.2,2.29,83.2,77.2,53.0,92.2,75.7,68.5,15.8,5.0,6.8,3.02,79.4,3.63,Low
STU00602,Electrical Engineering,1,2.6,2.85,3.18,70.6,77.5,88.6,0.0,88.9,93.4,82.8,86.8,85.5,83.8,19.2,11.7,5.0,3.07,80.5,2.35,Low
STU00603,Business Administration,2,2.73,2.4,2.14,80.1,68.9,70.4,0.47,93.7,57.5,11.6,58.4,64.5,15.2,22.1,8.5,6.0,3.26,84.6,2.75,Low
STU00604,Mechanical Engineering,5,1.91,1.69,1.77,59.0,59.9,59.5,1.96,37.0,55.8,39.1,57.1,54.1,51.0,15.2,6.4,10.6,2.65,71.2,1.99,Medium
STU00605,Mechanical Engineering,3,3.17,2.96,2.9,80.8,68.3,73.4,0.0,90.3,78.2,80.1,79.9,91.1,92.9,23.5,17.7,3.3,2.65,71.2,3.28,Low
STU00606,Business Administration,6,3.77,3.32,3.17,96.5,83.4,90.7,2.52,74.4,81.5,78.1,85.8,76.1,81.3,20.3,13.8,1.1,3.26,84.6,4.0,Low
STU00607,Biology,4,1.74,1.78,1.89,39.6,42.7,65.6,0.0,61.1,42.3,54.2,45.5,50.8,50.1,11.5,18.0,3.7,3.08,80.7,1.6,Medium
STU00608,Biology,5,4.0,3.97,3.93,86.1,75.3,65.8,1.84,97.5,78.4,71.4,83.1,72.4,85.9,25.4,13.9,5.4,3.08,80.7,4.0,Low
STU00609,Mathematics,8,3.91,3.62,3.44,91.5,89.2,88.3,3.88,61.9,85.0,100.0,82.4,67.0,85.2,16.2,17.1,7.3,2.67,71.5,3.97,Low
STU00610,Computer Science,8,2.73,2.73,2.67,85.1,96.9,60.5,,64.5,71.3,100.0,85.1,86.2,91.7,18.8,17.0,7.2,3.49,89.8,2.7,Low
STU00611,Psychology,7,2.01,1.81,2.03,32.7,35.7,29.9,0.78,67.9,61.7,54.9,49.4,52.0,65.6,18.5,14.4,5.1,2.76,73.7,2.17,Medium
STU00612,Mathematics,4,2.23,2.56,2.51,24.3,35.7,74.1,3.89,52.3,54.8,58.1,53.9,54.4,57.5,,12.1,5.0,2.67,71.5,2.09,Medium
STU00613,Economics,8,2.46,2.5,2.86,51.2,46.2,78.0,2.97,70.6,61.3,71.1,65.6,62.8,65.6,12.7,13.7,3.1,3.02,79.4,2.31,Low
STU00614,Economics,6,1.56,1.46,1.43,23.5,30.0,40.6,3.67,46.7,46.5,38.2,35.8,41.4,33.9,7.8,13.0,5.2,3.02,79.4,1.38,High
STU00615,Business Administration,7,3.43,3.52,4.0,98.2,98.8,74.8,0.01,92.9,100.0,100.0,95.8,100.0,95.2,16.8,22.1,3.1,3.26,84.6,3.41,Low
STU00616,Biology,4,2.78,2.85,2.97,81.4,89.7,67.9,0.35,74.4,80.8,75.6,81.1,73.7,70.7,15.3,21.6,5.7,3.08,80.7,2.67,Low
STU00617,Mechanical Engineering,8,2.37,1.98,1.72,74.1,71.7,36.6,5.82,11.6,62.8,44.7,33.8,47.0,44.5,14.6,13.2,4.1,2.65,71.2,2.67,Medium
STU00618,Mathematics,2,2.94,2.87,3.0,62.8,69.4,77.6,0.0,63.7,70.1,87.2,92.1,95.9,69.4,21.9,12.1,3.2,2.67,71.5,2.86,Low
STU00619,Electrical Engineering,7,1.4,1.23,1.44,46.2,44.1,60.5,,39.0,58.4,51.5,56.6,53.7,48.3,6.2,7.0,9.8,3.07,80.5,1.32,High
STU00620,Computer Science,4,0.94,0.75,0.5,28.7,30.0,29.9,7.46,22.9,18.1,18.0,17.9,18.5,0.0,4.7,4.0,8.8,3.49,89.8,0.88,High
STU00621,Biology,7,2.03,2.14,2.33,51.2,51.4,43.6,3.63,46.8,34.2,58.3,44.0,46.0,29.2,17.2,11.4,6.7,3.08,80.7,1.85,Medium
STU00622,Psychology,3,2.51,2.38,2.48,52.3,74.3,88.2,3.09,66.7,76.0,62.1,77.0,65.8,78.7,11.6,11.9,3.5,2.76,73.7,2.46,Medium
STU00623,Computer Science,7,4.0,3.81,3.47,96.0,91.3,86.4,0.31,95.3,90.2,98.8,88.3,69.9,84.5,19.7,18.2,0.0,3.49,89.8,4.0,Low
STU00624,Mathematics,4,1.66,1.77,1.83,39.8,42.3,30.2,3.5,48.1,31.0,70.3,65.3,60.2,73.2,15.9,11.8,9.7,2.67,71.5,1.51,High
STU00625,Mathematics,3,3.8,3.54,3.3,81.5,76.2,87.5,2.46,80.1,59.8,88.3,82.4,99.1,77.4,9.2,6.7,7.2,2.67,71.5,4.0,Low
STU00626,Biology,8,2.09,2.22,2.34,56.0,64.3,41.3,2.1,75.3,77.5,73.6,71.1,77.7,68.2,21.3,14.5,3.9,3.08,80.7,2.02,Medium
STU00627,Computer Science,5,2.82,2.96,2.96,84.1,82.4,42.7,0.0,65.0,48.7,83.6,51.3,64.2,83.9,21.7,10.7,4.6,3.49,89.8,2.72,Low
STU00628,Mechanical Engineering,5,2.54,2.61,2.59,83.1,83.4,89.5,1.63,70.0,68.2,61.5,83.6,69.1,74.4,10.8,16.5,10.6,2.65,71.2,2.4,Low
STU00629,Mechanical Engineering,3,3.34,3.38,3.19,60.4,59.9,100.0,2.53,91.3,74.5,82.0,79.8,72.1,79.1,17.6,14.4,2.8,2.65,71.2,3.38,Low
STU00630,Biology,3,4.0,3.98,4.0,98.2,86.8,87.5,0.0,81.4,100.0,95.2,97.6,92.4,96.2,35.7,17.6,6.9,3.08,80.7,3.97,Low
STU00631,Biology,7,3.0,3.04,2.77,42.2,43.0,60.1,0.0,40.4,57.5,69.0,67.9,66.1,54.1,21.2,14.3,5.6,3.08,80.7,3.03,Low
STU00632,Mechanical Engineering,4,1.78,1.72,1.59,61.2,60.0,27.1,1.87,56.1,46.6,58.1,54.2,55.6,53.6,17.5,6.5,4.4,2.65,71.2,1.81,Medium
STU00633,Mathematics,8,3.37,3.08,3.1,79.7,69.6,49.9,0.0,73.5,84.2,59.5,79.5,68.9,56.4,11.0,12.3,3.8,2.67,71.5,3.26,Low
STU00634,Biology,5,1.94,1.85,2.07,45.3,54.5,48.7,1.97,43.7,48.8,43.9,47.8,39.9,58.9,8.3,15.8,5.1,3.08,80.7,1.84,High
STU00635,Business Administration,5,2.47,2.32,2.13,38.8,31.3,37.3,2.84,28.7,63.8,27.4,46.1,47.6,49.6,13.3,10.1,0.0,3.26,84.6,2.31,Medium
STU00636,Business Administration,5,2.77,2.72,2.8,94.3,92.4,77.6,0.0,68.2,96.7,60.3,89.7,59.1,85.7,27.9,12.9,4.2,3.26,84.6,2.72,Low
STU00637,Electrical Engineering,4,2.84,2.9,2.96,62.9,61.6,98.2,0.0,68.7,68.8,65.5,64.6,68.0,67.1,14.9,5.6,3.6,3.07,80.5,2.73,Low
STU00638,Mathematics,6,2.57,2.53,2.41,88.2,81.1,80.4,1.76,67.9,61.9,58.7,56.6,66.7,76.3,14.1,14.2,4.7,2.67,71.5,2.71,Low
STU00639,Electrical Engineering,3,2.49,2.85,2.95,87.7,95.1,80.2,0.0,86.9,100.0,75.5,89.4,100.0,95.7,21.3,17.3,3.8,3.07,80.5,2.3,Medium
STU00640,Economics,2,1.22,1.04,1.08,34.8,38.1,10.0,4.72,28.6,28.5,23.6,35.0,28.8,49.0,15.1,10.3,7.3,3.02,79.4,1.34,High
STU00641,Electrical Engineering,6,3.87,3.86,3.61,94.6,92.7,94.6,,71.5,75.9,83.8,91.4,83.4,95.9,,9.7,5.9,3.07,80.5,4.0,Low
STU00642,Mechanical Engineering,3,2.48,2.48,2.59,62.5,66.8,71.8,3.33,83.8,68.8,74.7,70.6,70.9,70.0,10.4,13.1,1.0,2.65,71.2,2.36,Medium
STU00643,Computer Science,2,3.75,3.42,3.23,56.5,59.9,72.2,1.26,90.8,60.6,78.0,99.6,79.5,93.8,22.7,9.4,4.4,3.49,89.8,3.92,Low
STU00644,Computer Science,8,3.33,3.14,3.42,94.1,84.4,88.3,0.0,91.9,81.5,96.9,96.1,86.3,75.2,23.7,12.4,2.7,3.49,89.8,3.31,Low
STU00645,Mathematics,5,2.0,2.09,2.34,66.1,72.0,81.0,1.9,50.2,63.1,65.2,64.3,72.4,59.8,12.9,4.1,9.5,2.67,71.5,1.85,Medium
STU00646,Business Administration,5,3.83,3.78,3.62,43.4,46.0,65.5,0.72,46.2,38.5,49.8,45.0,68.8,59.6,14.7,16.2,2.9,3.26,84.6,4.0,Low
STU00647,Mechanical Engineering,2,2.74,2.77,2.9,65.9,71.3,70.3,2.5,72.2,71.4,68.1,76.3,73.2,80.6,11.0,11.2,10.4,2.65,71.2,2.67,Low
STU00648,Business Administration,4,1.56,1.81,1.79,57.7,47.4,55.8,4.16,44.6,45.2,39.6,44.1,45.2,37.5,6.0,12.0,7.6,3.26,84.6,1.58,Medium
STU00649,Computer Science,5,3.21,3.16,3.73,69.7,79.7,76.9,,82.9,100.0,92.6,93.5,90.2,90.8,20.4,19.7,5.0,3.49,89.8,3.01,Low
STU00650,Electrical Engineering,4,2.47,2.36,2.41,62.3,64.7,71.8,0.82,100.0,65.8,89.5,57.0,78.9,54.9,,7.5,3.0,3.07,80.5,2.7,Medium
STU00651,Economics,6,2.64,2.27,1.99,46.3,41.6,46.2,1.79,58.8,60.4,67.9,53.6,46.8,57.8,17.1,16.0,4.9,3.02,79.4,2.75,Medium
STU00652,Business Administration,2,3.44,3.31,3.22,62.1,67.4,66.0,,89.0,63.4,72.3,74.9,86.0,95.3,9.5,11.9,4.2,3.26,84.6,3.45,Low
STU00653,Business Administration,6,3.27,3.09,3.04,53.1,64.4,69.6,0.0,81.0,64.3,65.2,80.9,88.4,83.6,10.9,11.7,5.8,3.26,84.6,3.38,Low
STU00654,Economics,5,2.78,2.85,3.06,69.3,88.0,83.0,2.76,77.1,78.9,75.2,72.0,85.5,91.6,24.3,16.4,0.6,3.02,79.4,2.93,Low
STU00655,Business Administration,7,2.67,2.68,2.8,57.8,59.9,72.2,0.0,48.8,67.2,75.9,61.7,74.4,77.6,0.3,11.8,0.0,3.26,84.6,2.63,Medium
STU00656,Biology,1,0.67,0.87,0.5,51.1,41.9,24.9,4.52,20.9,20.9,17.0,20.1,21.8,20.9,0.0,0.0,8.2,3.08,80.7,0.79,High
STU00657,Business Administration,7,0.55,0.88,0.99,51.3,43.2,10.6,3.27,43.9,31.5,67.5,58.8,31.9,39.5,12.4,11.6,5.1,3.26,84.6,0.34,High
STU00658,Electrical Engineering,7,3.16,2.65,2.29,66.5,60.6,84.4,1.83,62.7,61.7,71.0,44.9,69.4,76.8,13.3,1.7,4.9,3.07,80.5,3.52,Low
STU00659,Mechanical Engineering,6,2.31,2.23,2.09,49.6,49.4,44.4,0.95,44.0,45.4,48.2,47.2,42.8,44.2,4.7,6.2,5.2,2.65,71.2,2.48,Medium
STU00660,Electrical Engineering,5,2.74,2.33,2.21,79.0,64.0,62.3,4.57,56.8,49.4,44.9,50.0,50.9,51.6,8.8,7.0,5.0,3.07,80.5,2.97,Low
STU00661,Business Administration,3,3.12,3.04,2.87,67.5,64.2,58.6,2.8,68.6,78.5,68.0,69.0,69.9,61.2,23.2,8.7,6.0,3.26,84.6,3.08,Low
STU00662,Electrical Engineering,1,1.92,2.1,2.2,49.0,50.0,67.7,2.51,67.1,72.6,60.6,71.8,60.3,61.8,20.1,15.4,6.8,3.07,80.5,1.78,Medium
STU00663,Business Administration,3,2.91,2.77,2.88,32.5,37.3,73.2,2.22,76.6,75.2,72.2,39.3,54.6,72.6,20.4,13.9,2.3,3.26,84.6,3.09,Medium
STU00664,Electrical Engineering,4,4.0,3.97,3.71,84.1,71.6,80.2,0.0,61.0,100.0,76.0,100.0,89.0,81.6,14.9,13.9,4.4,3.07,80.5,4.0,Low
STU00665,Economics,2,2.03,2.02,1.8,51.5,50.3,38.7,0.28,31.9,64.7,35.7,36.6,75.3,35.9,2.5,12.8,4.1,3.02,79.4,2.06,Medium
STU00666,Business Administration,5,2.34,2.24,2.18,58.2,60.1,67.0,0.9,74.0,74.4,69.4,58.5,79.5,66.0,14.8,13.4,6.9,3.26,84.6,2.19,Medium
STU00667,Business Administration,7,1.41,1.05,1.12,60.4,57.3,15.2,3.25,30.3,46.8,34.8,52.0,41.0,28.2,10.1,3.7,3.0,3.26,84.6,1.62,High
STU00668,Mechanical Engineering,4,3.78,3.94,3.66,71.3,68.5,96.0,2.09,79.4,100.0,80.4,100.0,100.0,73.5,9.1,13.2,3.1,2.65,71.2,3.82,Low
STU00669,Mechanical Engineering,8,3.48,3.75,4.0,88.8,94.6,91.9,0.0,95.0,95.7,95.1,100.0,96.0,99.9,32.5,16.4,8.3,2.65,71.2,3.45,Low
STU00670,Computer Science,8,2.78,2.54,2.84,57.9,54.9,41.7,1.99,70.4,44.3,52.8,84.8,61.7,82.2,15.2,7.8,4.1,3.49,89.8,2.69,Medium
STU00671,Business Administration,6,3.24,3.23,3.16,78.8,77.9,59.1,3.4,61.8,77.5,74.0,67.1,58.6,75.7,16.2,16.2,7.0,3.26,84.6,3.12,Low
STU00672,Electrical Engineering,5,1.96,2.16,2.6,88.1,91.0,87.0,2.16,82.2,74.6,72.4,64.2,83.3,77.1,20.6,10.8,7.5,3.07,80.5,1.69,Medium
STU00673,Economics,7,3.19,3.42,3.5,71.0,69.4,63.8,0.0,77.7,100.0,75.0,74.9,83.8,74.7,9.3,17.7,0.0,3.02,79.4,3.24,Low
STU00674,Biology,5,2.49,2.31,2.07,56.3,56.4,48.3,1.31,34.5,68.7,67.4,72.2,59.2,44.4,12.4,12.2,10.5,3.08,80.7,2.71,Medium
STU00675,Computer Science,4,2.7,2.67,2.49,50.7,53.2,64.8,2.36,69.1,70.0,67.0,74.5,69.5,66.2,12.3,8.1,6.0,3.49,89.8,2.97,Medium
STU00676,Biology,3,4.0,3.83,3.39,95.1,92.0,65.6,0.0,96.9,91.6,94.5,87.1,85.2,94.6,13.7,20.8,4.5,3.08,80.7,4.0,Low
STU00677,Economics,8,1.56,1.42,1.35,42.7,43.3,16.7,0.1,58.1,48.6,56.2,39.5,25.7,52.4,7.4,3.3,1.0,3.02,79.4,1.64,High
STU00678,Computer Science,3,3.12,3.31,3.43,70.7,67.5,90.0,1.76,76.9,55.9,54.4,81.0,89.9,69.9,27.2,16.8,2.3,3.49,89.8,3.32,Low
STU00679,Mathematics,3,2.94,2.94,2.8,100.0,89.5,94.4,5.62,75.5,79.0,80.5,75.7,81.7,81.6,,11.3,3.2,2.67,71.5,3.09,Low
STU00680,Mechanical Engineering,8,2.82,2.32,2.06,54.9,56.9,48.5,0.0,51.4,32.7,43.9,37.8,41.5,47.9,10.1,4.0,4.8,2.65,71.2,3.01,Low
STU00681,Mechanical Engineering,8,2.5,2.29,2.29,74.9,62.8,46.6,0.0,53.8,73.6,65.6,53.6,58.4,62.4,7.9,14.6,3.6,2.65,71.2,2.56,Low
STU00682,Mathematics,8,1.99,1.8,1.63,52.0,39.2,76.1,0.0,38.1,51.6,60.1,67.9,39.1,57.8,10.8,9.0,,2.67,71.5,2.19,Medium
STU00683,Psychology,3,1.73,1.84,2.07,25.2,30.0,35.4,2.78,22.7,74.8,35.6,26.0,55.2,27.6,18.2,3.7,9.3,2.76,73.7,1.79,High
STU00684,Electrical Engineering,4,3.2,3.2,3.36,100.0,96.0,100.0,0.05,100.0,90.8,100.0,82.2,88.7,100.0,22.0,11.9,,3.07,80.5,3.3,Low
STU00685,Biology,7,3.04,3.05,3.03,70.0,59.1,51.0,4.16,70.7,78.6,64.6,33.6,67.8,74.8,11.2,10.7,,3.08,80.7,3.17,Low
STU00686,Computer Science,4,3.1,2.73,2.46,75.7,76.5,69.1,2.29,64.3,55.0,53.9,68.6,61.6,63.6,14.2,17.8,8.8,3.49,89.8,3.23,Low
STU00687,Computer Science,3,2.44,2.55,2.48,44.7,50.8,92.2,0.98,57.6,52.7,45.2,65.2,57.6,60.5,10.3,9.6,3.5,3.49,89.8,2.35,Medium
STU00688,Mechanical Engineering,4,1.33,1.3,1.57,43.8,52.5,25.3,4.46,39.7,44.0,35.9,35.2,49.3,44.8,10.8,1.1,6.0,2.65,71.2,0.93,High
STU00689,Psychology,8,2.54,2.55,2.37,51.1,46.6,65.9,2.19,29.1,41.2,60.6,34.6,50.6,55.7,10.1,7.7,5.8,2.76,73.7,2.47,Medium
STU00690,Business Administration,1,2.2,2.38,2.24,44.2,54.9,73.6,2.17,42.3,36.5,45.1,41.3,59.7,41.9,15.3,7.3,0.0,3.26,84.6,2.2,Medium
STU00691,Mathematics,2,3.17,3.34,3.61,62.2,61.0,100.0,,91.4,80.2,63.7,81.4,82.6,88.0,25.7,13.5,11.3,2.67,71.5,3.09,Low
STU00692,Business Administration,4,1.42,1.42,1.44,68.0,64.0,26.5,2.86,50.9,44.8,32.6,34.2,33.2,57.1,20.5,7.3,6.9,3.26,84.6,1.44,Medium
STU00693,Biology,4,2.45,2.64,2.31,67.6,60.9,25.1,0.0,57.2,75.6,69.9,90.1,59.3,44.6,13.4,12.2,8.0,3.08,80.7,2.49,Low
STU00694,Mechanical Engineering,7,3.2,3.54,3.66,77.9,84.3,89.3,2.23,94.0,100.0,96.1,97.2,100.0,88.9,21.0,25.8,4.8,2.65,71.2,3.18,Low
STU00695,Electrical Engineering,4,2.27,2.13,2.16,71.4,60.5,42.1,1.5,47.4,42.9,49.4,50.1,49.2,51.8,,12.7,2.9,3.07,80.5,2.36,Medium
STU00696,Mathematics,2,3.87,3.75,3.6,98.4,87.8,87.1,2.53,77.2,87.7,100.0,90.5,84.7,77.7,13.2,11.1,2.4,2.67,71.5,3.89,Low
STU00697,Psychology,6,3.92,3.99,4.0,97.1,91.5,100.0,0.0,100.0,84.2,85.8,100.0,91.7,88.4,30.0,20.7,8.8,2.76,73.7,3.71,Low
STU00698,Mechanical Engineering,1,3.49,3.14,3.29,64.0,61.7,46.6,2.59,62.6,71.6,78.6,69.8,70.8,76.7,13.3,6.2,5.6,2.65,71.2,3.85,Low
STU00699,Business Administration,5,2.65,2.93,3.02,56.7,65.4,100.0,2.88,82.8,61.9,71.7,70.1,81.1,64.8,17.5,10.5,6.4,3.26,84.6,2.47,Medium
STU00700,Mathematics,1,3.49,3.42,3.26,49.5,44.2,50.7,4.06,65.2,67.9,54.6,62.2,69.3,61.7,9.1,8.7,5.6,2.67,71.5,3.52,Low
STU00701,Mechanical Engineering,6,2.11,2.3,2.41,50.0,55.8,41.9,2.45,31.2,49.4,43.5,46.6,45.3,28.6,19.6,11.9,9.1,2.65,71.2,2.07,Medium
STU00702,Biology,4,2.92,2.78,2.82,74.7,73.4,39.1,2.22,64.6,69.8,76.0,68.2,68.2,69.6,15.8,5.5,2.7,3.08,80.7,2.92,Low
STU00703,Electrical Engineering,1,1.15,1.22,1.43,66.1,77.9,50.9,2.31,40.4,50.2,47.6,42.3,50.3,61.9,12.2,9.0,8.2,3.07,80.5,1.26,High
STU00704,Mathematics,5,1.69,1.24,0.98,28.4,30.0,45.6,3.23,36.4,34.9,29.4,29.0,32.7,37.4,12.9,3.6,7.0,2.67,71.5,1.71,High
STU00705,Psychology,6,1.94,1.92,1.7,61.8,66.0,61.0,0.67,67.6,64.8,62.5,58.2,75.9,58.7,17.2,9.8,5.1,2.76,73.7,1.85,Medium
STU00706,Economics,3,2.46,2.55,2.54,62.1,57.5,88.1,1.04,78.3,54.4,89.3,60.8,58.0,63.5,16.9,7.6,3.3,3.02,79.4,2.53,Low
STU00707,Economics,3,0.87,0.8,0.73,38.0,38.4,41.0,5.06,60.3,47.8,27.8,29.7,26.0,57.4,8.5,4.5,6.0,3.02,79.4,0.95,High
STU00708,Biology,5,4.0,4.0,4.0,95.2,83.9,100.0,0.0,99.8,100.0,100.0,100.0,80.6,100.0,28.6,19.1,2.0,3.08,80.7,3.95,Low
STU00709,Mathematics,5,2.01,2.08,2.07,30.4,30.0,63.8,4.0,62.4,54.0,68.3,59.3,58.3,47.3,16.8,10.9,6.6,2.67,71.5,2.01,Medium
STU00710,Psychology,5,1.48,1.43,1.41,56.5,54.2,35.0,2.86,75.0,51.2,37.6,56.4,59.6,47.6,15.8,8.4,7.0,2.76,73.7,1.6,High
STU00711,Mechanical Engineering,6,3.19,3.39,3.72,71.4,79.3,100.0,0.21,54.8,86.7,71.9,76.7,100.0,94.2,,13.3,,2.65,71.2,3.06,Low
STU00712,Psychology,6,3.99,3.94,3.79,92.0,86.8,100.0,1.88,100.0,100.0,95.5,97.9,97.7,92.0,30.8,17.9,5.3,2.76,73.7,4.0,Low
STU00713,Electrical Engineering,4,1.42,1.65,1.64,47.8,51.6,62.9,0.99,71.1,74.1,62.3,55.8,46.8,52.4,12.0,13.6,6.0,3.07,80.5,1.21,High
STU00714,Biology,3,3.61,3.5,3.46,89.6,86.9,76.7,0.73,79.1,73.3,85.3,82.1,91.6,100.0,20.4,15.3,10.3,3.08,80.7,3.72,Low
STU00715,Business Administration,7,3.52,3.76,3.82,67.7,72.4,97.6,0.16,71.3,75.7,78.5,71.1,69.3,79.5,,13.2,3.6,3.26,84.6,3.44,Low
STU00716,Mechanical Engineering,7,2.5,2.46,2.44,53.8,53.8,68.8,3.06,79.8,65.9,70.2,75.4,81.6,73.7,18.3,11.0,5.5,2.65,71.2,2.51,Medium
STU00717,Mechanical Engineering,1,3.73,3.54,3.42,88.9,88.6,79.9,0.24,95.1,100.0,86.9,96.5,94.7,94.6,26.1,16.2,6.4,2.65,71.2,3.77,Low
STU00718,Economics,1,2.26,2.46,2.69,46.5,51.1,73.7,3.23,78.9,68.7,71.5,68.6,70.3,67.6,12.2,14.5,,3.02,79.4,2.18,Medium
STU00719,Economics,8,1.26,1.15,1.45,52.7,57.7,60.7,1.6,50.6,42.6,38.3,73.6,60.4,61.8,10.6,4.9,7.9,3.02,79.4,1.31,High
STU00720,Business Administration,8,2.77,2.58,2.23,70.9,65.4,65.0,3.73,56.8,55.6,60.4,57.8,51.2,62.2,0.8,2.8,6.6,3.26,84.6,2.86,Medium
STU00721,Biology,5,4.0,4.0,3.96,91.3,75.5,80.2,1.14,100.0,88.1,95.7,89.9,96.7,95.8,23.0,14.3,2.7,3.08,80.7,4.0,Low
STU00722,Computer Science,5,3.07,3.02,2.95,72.8,75.7,95.8,0.0,73.4,67.1,100.0,75.2,69.5,75.2,19.8,15.9,4.3,3.49,89.8,3.31,Low
STU00723,Computer Science,6,3.86,3.95,4.0,100.0,98.9,100.0,0.75,85.1,100.0,100.0,97.1,94.2,93.2,21.9,16.5,8.8,3.49,89.8,3.84,Low
STU00724,Mechanical Engineering,8,2.31,1.87,1.77,53.4,53.4,32.8,1.0,24.4,35.3,79.6,45.2,5.8,71.6,11.4,2.1,4.0,2.65,71.2,2.53,Medium
STU00725,Psychology,4,2.31,2.36,2.35,64.2,62.5,58.7,4.83,62.4,64.5,60.7,57.1,58.2,57.0,9.3,10.6,1.0,2.76,73.7,2.49,Medium
STU00726,Economics,4,2.75,2.63,2.86,82.5,94.1,85.2,3.91,69.1,76.6,83.5,96.6,91.2,60.1,20.2,13.3,8.3,3.02,79.4,2.88,Low
STU00727,Business Administration,4,1.86,1.89,1.58,60.4,45.0,53.1,2.67,55.1,47.7,44.0,50.9,42.2,61.5,4.3,9.2,6.8,3.26,84.6,1.86,Medium
STU00728,Computer Science,5,2.97,3.33,3.34,99.6,91.3,90.3,2.23,100.0,89.5,80.3,57.7,81.7,80.9,21.3,13.0,2.7,3.49,89.8,2.71,Low
STU00729,Biology,5,3.2,2.88,2.77,77.8,74.0,60.0,1.31,80.1,77.9,68.3,62.0,62.3,71.2,24.6,9.3,1.6,3.08,80.7,3.12,Low
STU00730,Electrical Engineering,8,2.66,2.45,2.32,58.6,45.5,41.0,2.87,59.8,39.3,48.0,62.4,17.0,42.5,19.3,7.0,9.6,3.07,80.5,2.76,Medium
STU00731,Biology,3,2.65,2.52,2.26,68.7,67.2,60.2,0.07,75.6,82.0,59.2,85.8,57.7,71.0,14.6,10.6,3.1,3.08,80.7,2.86,Medium
STU00732,Mechanical Engineering,6,2.0,2.53,2.72,59.8,55.1,78.4,3.13,53.0,76.2,57.1,57.8,76.6,42.6,5.1,9.8,7.8,2.65,71.2,1.89,Medium
STU00733,Business Administration,1,1.94,1.62,1.47,61.6,60.9,54.3,2.15,65.0,61.4,32.9,57.9,49.1,36.6,10.8,5.8,5.1,3.26,84.6,1.95,Medium
STU00734,Mathematics,5,3.98,3.73,3.49,89.9,81.6,79.5,2.38,76.7,63.0,73.7,65.9,68.5,68.0,12.5,10.8,3.5,2.67,71.5,4.0,Low
STU00735,Electrical Engineering,8,1.96,1.9,1.81,60.3,47.1,72.7,1.4,72.3,48.6,38.8,46.9,85.9,31.9,10.7,3.9,5.4,3.07,80.5,1.99,Medium
STU00736,Computer Science,2,1.4,1.49,1.44,20.0,32.1,25.7,4.34,33.0,17.7,13.0,31.8,34.1,23.7,6.1,3.4,2.4,3.49,89.8,1.25,High
STU00737,Electrical Engineering,7,3.38,3.23,3.16,70.4,74.8,60.8,4.24,96.1,88.2,99.5,86.2,94.1,88.9,27.7,13.2,3.9,3.07,80.5,3.32,Low
STU00738,Biology,8,2.57,2.65,2.8,74.4,72.2,63.3,3.11,69.2,71.5,67.6,72.8,70.1,64.0,22.7,13.0,3.8,3.08,80.7,2.64,Medium
STU00739,Economics,5,4.0,4.0,4.0,100.0,99.4,100.0,0.0,97.6,100.0,100.0,100.0,100.0,100.0,21.0,20.8,1.7,3.02,79.4,4.0,Low
STU00740,Business Administration,1,3.75,3.75,3.68,68.5,68.6,100.0,0.0,86.2,77.6,100.0,70.7,89.2,87.1,19.5,16.5,1.5,3.26,84.6,4.0,Low
STU00741,Psychology,3,2.6,2.54,2.33,35.4,41.7,39.5,,57.7,54.6,61.5,55.7,56.7,59.3,9.3,10.0,9.2,2.76,73.7,2.7,Medium
STU00742,Computer Science,6,2.63,2.46,2.43,71.6,68.5,63.6,1.41,77.8,63.1,63.5,57.4,76.1,68.9,15.7,7.3,4.9,3.49,89.8,2.67,Low
STU00743,Psychology,1,1.44,1.7,2.0,65.7,55.0,68.3,2.88,47.2,50.3,49.0,57.9,43.4,47.4,20.0,14.9,0.0,2.76,73.7,1.45,Medium
STU00744,Computer Science,6,4.0,3.94,4.0,83.9,87.8,90.0,0.0,100.0,100.0,94.8,100.0,100.0,100.0,22.0,17.5,5.2,3.49,89.8,4.0,Low
STU00745,Biology,3,2.31,2.49,2.74,84.6,87.8,87.6,2.13,66.5,58.1,61.7,73.8,62.1,81.8,22.8,17.7,5.4,3.08,80.7,2.04,Medium
STU00746,Economics,4,4.0,4.0,3.99,88.2,86.8,76.1,0.39,93.4,96.7,91.1,75.9,71.5,57.3,15.6,18.6,4.8,3.02,79.4,3.93,Low
STU00747,Biology,4,2.98,3.14,3.03,77.2,75.8,50.5,2.79,62.4,67.7,77.8,68.7,75.3,48.4,13.5,12.8,8.5,3.08,80.7,2.96,Low
STU00748,Biology,4,2.54,2.46,2.74,80.5,86.4,100.0,3.11,75.4,81.2,84.4,95.1,81.1,76.0,14.4,21.7,6.6,3.08,80.7,2.34,Low
STU00749,Business Administration,5,3.17,3.14,3.18,87.4,83.2,39.1,1.25,63.6,60.5,33.6,59.5,50.3,60.7,18.7,17.0,7.7,3.26,84.6,3.21,Low
STU00750,Computer Science,5,2.34,2.35,2.11,74.5,66.5,52.3,0.48,43.5,60.5,62.5,66.3,52.9,42.4,21.9,10.4,5.5,3.49,89.8,2.44,Medium
STU00751,Computer Science,8,2.51,2.63,2.69,76.2,87.3,71.8,0.2,61.3,55.0,72.9,62.3,58.4,63.6,12.1,7.2,4.7,3.49,89.8,2.46,Medium
STU00752,Mechanical Engineering,3,3.2,3.01,2.69,60.6,59.0,85.3,,85.3,57.5,62.3,82.7,78.5,65.6,20.9,16.3,,2.65,71.2,3.33,Low
STU00753,Economics,2,4.0,3.98,3.68,100.0,100.0,100.0,1.67,83.1,100.0,56.9,100.0,82.5,80.1,23.0,10.1,2.6,3.02,79.4,4.0,Low
STU00754,Biology,5,1.2,1.29,1.21,47.0,47.6,33.7,2.28,42.9,42.6,51.8,46.2,52.4,57.4,21.1,0.0,2.5,3.08,80.7,1.25,High
STU00755,Mechanical Engineering,6,3.97,3.55,3.13,96.0,89.4,82.2,0.76,78.2,90.2,78.3,81.9,84.6,87.4,5.1,14.7,7.4,2.65,71.2,4.0,Low
STU00756,Economics,6,1.41,1.63,1.97,53.6,62.2,83.4,3.37,52.0,55.7,59.2,48.5,74.7,92.4,15.8,11.3,7.5,3.02,79.4,1.25,Medium
STU00757,Mathematics,8,2.05,2.54,2.99,42.7,46.8,73.0,4.46,75.6,65.8,72.4,48.2,53.7,79.8,22.9,6.5,5.7,2.67,71.5,1.68,Medium
STU00758,Electrical Engineering,8,3.66,3.6,3.26,88.6,75.1,77.2,0.0,88.1,52.3,80.3,75.5,55.5,51.8,16.1,7.7,1.8,3.07,80.5,3.67,Low
STU00759,Biology,3,3.61,3.68,3.6,100.0,97.5,100.0,2.06,100.0,100.0,100.0,88.0,74.4,90.6,25.2,19.2,,3.08,80.7,3.45,Low
STU00760,Business Administration,6,2.79,2.95,2.85,64.6,73.4,99.4,1.07,83.5,75.7,78.7,81.0,88.4,86.4,27.7,21.0,3.4,3.26,84.6,2.73,Low
STU00761,Biology,7,1.93,1.93,1.62,55.4,53.7,38.5,3.2,50.5,27.0,51.7,30.0,51.6,39.6,5.4,10.7,7.8,3.08,80.7,2.11,Medium
STU00762,Computer Science,1,0.56,0.59,0.87,30.6,30.0,31.1,2.03,28.2,34.8,25.1,25.1,18.1,18.3,12.0,9.5,7.4,3.49,89.8,0.54,High
STU00763,Economics,5,2.07,2.26,2.44,38.7,45.4,59.2,3.18,44.3,53.9,54.2,41.3,50.3,55.0,15.8,9.2,,3.02,79.4,1.96,Medium
STU00764,Computer Science,4,2.98,2.73,2.59,58.4,56.0,60.0,0.68,50.8,83.3,87.7,58.9,56.7,65.5,11.5,12.9,4.4,3.49,89.8,3.26,Low
STU00765,Biology,5,2.71,2.84,2.69,88.7,84.9,84.0,0.0,71.7,64.1,78.6,88.3,71.5,72.8,32.4,17.8,8.5,3.08,80.7,2.64,Low
STU00766,Mathematics,3,2.37,2.34,2.25,71.5,66.3,74.1,4.04,88.0,64.2,74.0,54.2,68.6,49.9,7.4,12.2,8.8,2.67,71.5,2.39,Medium
STU00767,Mechanical Engineering,4,2.87,2.83,2.37,61.9,56.2,79.1,2.54,51.0,84.0,59.5,58.1,95.2,71.6,20.4,17.0,3.0,2.65,71.2,2.96,Low
STU00768,Biology,8,1.93,2.01,2.1,55.4,63.3,58.3,1.73,73.5,44.4,31.0,71.4,55.4,58.7,19.3,8.4,0.9,3.08,80.7,1.92,Medium
STU00769,Biology,4,2.93,2.75,2.75,77.9,80.9,100.0,0.0,100.0,96.7,99.0,78.3,83.0,100.0,25.8,18.9,3.5,3.08,80.7,2.84,Low
STU00770,Mathematics,2,3.06,3.03,2.77,86.1,76.0,79.9,0.05,79.6,75.5,81.1,92.9,78.9,79.7,20.8,13.2,11.7,2.67,71.5,3.19,Low
STU00771,Electrical Engineering,3,2.48,2.3,2.26,38.4,30.0,71.3,0.56,30.4,39.9,47.8,47.2,43.6,48.4,6.5,10.8,0.0,3.07,80.5,2.48,Medium
STU00772,Business Administration,4,4.0,4.0,3.89,93.0,83.3,82.7,0.0,81.7,89.5,69.1,61.9,80.7,74.8,21.3,11.6,3.2,3.26,84.6,4.0,Low
STU00773,Mechanical Engineering,5,2.98,2.57,2.4,56.0,57.2,72.1,,65.7,54.4,65.5,73.7,62.0,73.8,22.2,13.0,4.9,2.65,71.2,3.05,Low
STU00774,Economics,4,1.81,1.57,1.59,39.1,43.6,52.2,2.41,45.4,66.6,69.9,17.7,55.9,25.7,21.4,10.9,2.5,3.02,79.4,1.84,Medium
STU00775,Electrical Engineering,3,4.0,4.0,4.0,98.0,100.0,76.2,0.71,88.4,89.3,80.3,91.5,71.9,78.7,24.1,7.9,7.7,3.07,80.5,3.79,Low
STU00776,Economics,8,2.73,2.66,2.36,49.4,53.1,63.2,0.96,57.2,44.4,58.4,58.3,73.1,32.7,13.8,7.4,,3.02,79.4,2.9,Medium
STU00777,Business Administration,7,1.29,1.47,1.5,69.6,68.8,63.5,0.61,69.4,32.5,46.7,39.1,78.6,62.5,27.8,8.1,2.8,3.26,84.6,1.39,High
STU00778,Biology,7,2.43,2.33,2.35,73.7,69.7,48.2,0.84,61.5,59.9,54.2,60.3,67.1,38.5,17.1,8.9,6.4,3.08,80.7,2.6,Medium
STU00779,Economics,6,2.62,2.64,2.48,59.7,45.6,50.2,0.0,55.7,68.1,66.8,50.7,48.3,51.9,21.2,9.1,5.2,3.02,79.4,2.74,Low
STU00780,Psychology,7,1.45,1.55,1.91,70.6,74.5,67.2,2.66,57.6,66.7,82.6,77.4,75.9,45.7,21.2,11.7,3.7,2.76,73.7,1.31,Medium
STU00781,Mechanical Engineering,3,3.67,3.79,4.0,87.9,97.3,70.8,0.0,100.0,96.7,94.5,92.8,100.0,100.0,24.6,16.2,4.5,2.65,71.2,3.63,Low
STU00782,Mechanical Engineering,3,2.68,2.59,2.46,49.7,52.7,45.2,1.19,83.7,87.8,46.2,64.7,73.0,46.8,21.4,14.0,0.2,2.65,71.2,2.79,Medium
STU00783,Computer Science,3,2.46,2.45,2.59,66.3,56.8,61.3,0.61,56.4,73.8,93.6,66.6,52.7,58.3,27.9,11.8,3.2,3.49,89.8,2.2,Low
STU00784,Economics,6,3.09,2.97,2.86,100.0,91.8,93.0,1.28,55.1,68.4,47.6,94.3,68.7,80.5,20.7,10.2,4.4,3.02,79.4,3.03,Low
STU00785,Mechanical Engineering,1,2.94,2.94,2.77,71.1,62.4,40.2,2.19,63.2,57.4,63.8,61.8,61.3,66.0,6.7,10.7,12.0,2.65,71.2,3.15,Low
STU00786,Psychology,1,3.06,2.91,2.7,69.5,70.1,98.5,2.75,84.0,17.1,72.9,62.4,33.4,36.1,21.1,9.0,2.3,2.76,73.7,3.1,Low
STU00787,Psychology,2,2.37,2.61,2.57,44.0,48.0,54.9,2.28,51.1,49.9,71.2,45.2,45.1,55.0,10.0,8.3,1.7,2.76,73.7,2.37,Medium
STU00788,Computer Science,7,2.02,2.06,2.09,71.8,67.7,70.7,1.41,79.6,31.8,60.4,43.8,48.2,54.7,,11.5,7.1,3.49,89.8,2.04,Medium
STU00789,Biology,7,1.82,1.92,2.06,30.7,41.9,39.8,,47.1,64.8,46.6,62.4,43.5,37.4,5.3,15.0,1.6,3.08,80.7,1.64,High
STU00790,Psychology,3,3.14,3.23,3.11,92.5,100.0,90.6,0.0,68.3,95.5,82.2,80.2,62.4,97.0,27.2,11.6,0.4,2.76,73.7,2.96,Low
STU00791,Economics,8,3.07,3.45,3.66,93.3,95.0,73.0,1.9,82.7,79.8,85.7,70.2,77.5,78.5,21.5,17.8,2.8,3.02,79.4,2.83,Low
STU00792,Mechanical Engineering,6,2.88,2.83,3.01,61.8,68.1,47.7,2.47,67.4,55.7,66.2,64.4,64.0,59.9,12.9,7.3,6.4,2.65,71.2,2.96,Low
STU00793,Computer Science,4,1.75,1.84,1.93,63.2,56.0,63.8,4.22,68.7,62.0,61.7,46.1,39.6,45.5,4.6,14.9,4.2,3.49,89.8,1.55,High
STU00794,Economics,1,4.0,4.0,4.0,85.8,86.8,78.6,0.9,72.4,100.0,89.6,80.8,75.9,76.6,17.1,23.3,10.4,3.02,79.4,3.88,Low
STU00795,Psychology,6,2.43,2.44,2.45,59.2,60.9,74.0,0.0,54.9,55.2,60.9,62.9,77.3,66.4,18.6,12.7,5.7,2.76,73.7,2.2,Medium
STU00796,Computer Science,6,1.8,2.0,1.94,70.2,68.0,56.3,,60.3,56.6,62.9,60.6,61.5,64.0,8.7,14.3,3.3,3.49,89.8,1.8,Medium
STU00797,Psychology,4,3.18,3.09,3.19,68.0,72.3,68.6,0.02,54.2,68.2,99.2,65.8,82.0,100.0,20.3,16.6,2.2,2.76,73.7,3.11,Low
STU00798,Electrical Engineering,8,2.87,2.68,2.45,52.6,53.2,43.0,3.4,57.5,71.6,31.7,57.9,47.4,62.7,13.1,13.5,4.9,3.07,80.5,2.88,Low
STU00799,Economics,3,0.87,0.78,1.21,24.7,30.0,25.3,4.75,22.9,25.0,27.9,27.7,29.5,27.7,9.1,3.9,3.8,3.02,79.4,0.77,High
STU00800,Business Administration,8,2.45,2.6,2.81,65.5,68.7,73.6,1.52,77.3,78.8,75.6,82.8,73.0,76.7,11.5,12.2,,3.26,84.6,2.43,Medium
STU00801,Computer Science,5,2.14,2.32,2.6,69.6,78.9,82.2,2.96,65.9,62.2,55.7,57.6,64.4,52.8,16.1,13.5,8.0,3.49,89.8,2.16,Medium
STU00802,Electrical Engineering,8,4.0,3.87,3.69,92.6,94.4,100.0,,75.9,100.0,100.0,100.0,97.7,77.6,20.8,15.0,,3.07,80.5,4.0,Low
STU00803,Economics,5,3.8,3.85,3.85,94.5,93.1,98.4,4.06,84.2,66.0,97.5,93.1,100.0,94.1,21.5,20.2,8.8,3.02,79.4,3.68,Low
STU00804,Biology,7,3.26,2.79,2.56,84.5,70.0,51.6,0.84,63.9,55.1,69.8,100.0,53.0,65.6,10.9,11.8,2.7,3.08,80.7,3.49,Low
STU00805,Psychology,5,2.82,2.85,2.82,80.2,82.8,80.7,0.0,67.8,56.5,67.8,67.3,79.4,72.1,13.9,17.4,5.4,2.76,73.7,2.61,Low
STU00806,Electrical Engineering,4,0.52,0.55,1.09,25.5,30.0,27.8,6.04,26.7,13.3,24.4,29.7,16.0,21.0,11.7,5.3,5.5,3.07,80.5,0.29,High
STU00807,Psychology,6,2.27,2.12,2.32,46.5,55.9,91.4,3.88,58.5,57.6,67.1,56.9,60.6,57.4,,13.4,5.3,2.76,73.7,2.39,Medium
STU00808,Economics,5,2.22,2.44,2.35,60.1,50.1,51.5,5.2,38.9,30.2,42.8,32.2,35.7,39.7,14.2,10.3,3.0,3.02,79.4,2.36,Medium
STU00809,Electrical Engineering,4,3.7,3.66,3.41,78.6,77.4,100.0,2.92,85.1,69.3,100.0,100.0,80.6,100.0,19.2,21.4,3.5,3.07,80.5,3.89,Low
STU00810,Economics,8,3.23,3.67,3.71,100.0,100.0,99.1,1.28,100.0,95.0,98.1,98.4,95.2,97.7,20.6,15.1,8.2,3.02,79.4,3.13,Low
STU00811,Mechanical Engineering,1,2.84,2.56,2.15,59.8,52.8,61.3,4.57,45.5,41.4,49.6,43.8,39.5,43.9,8.3,13.1,5.5,2.65,71.2,2.96,Medium
STU00812,Computer Science,1,3.72,3.68,3.57,80.7,77.6,61.4,0.0,78.7,75.1,77.7,100.0,71.0,79.5,16.5,16.1,3.4,3.49,89.8,3.75,Low
STU00813,Economics,8,2.89,3.21,3.03,75.8,66.0,100.0,2.37,86.9,56.0,100.0,71.3,72.3,84.0,26.3,18.5,7.7,3.02,79.4,2.81,Low
STU00814,Psychology,5,3.25,3.27,3.18,79.0,73.2,65.7,0.83,82.0,81.3,59.4,96.1,88.8,76.4,16.2,16.1,6.2,2.76,73.7,3.4,Low
STU00815,Mathematics,3,1.36,1.88,2.06,36.5,34.8,25.6,3.93,45.4,40.8,48.6,39.6,48.4,37.7,13.8,5.6,8.4,2.67,71.5,1.19,High
STU00816,Economics,3,2.79,2.94,2.8,75.4,64.7,49.2,,43.6,71.2,36.2,48.0,59.7,51.2,12.4,5.2,0.0,3.02,79.4,2.82,Medium
STU00817,Psychology,4,2.01,2.18,2.37,59.0,63.2,60.4,3.5,66.7,67.3,72.7,55.1,85.7,65.3,10.6,11.7,4.1,2.76,73.7,2.03,High
STU00818,Economics,7,2.4,2.6,3.04,85.2,76.5,85.8,0.0,67.0,63.0,59.4,68.2,65.0,61.1,15.8,14.8,4.6,3.02,79.4,2.19,Low
STU00819,Economics,3,1.43,1.54,1.62,50.2,52.7,44.3,1.77,37.1,37.9,42.4,35.2,34.6,41.7,11.0,8.8,6.0,3.02,79.4,1.44,High
STU00820,Computer Science,5,3.43,3.44,3.44,52.3,61.3,77.6,0.8,30.8,76.7,78.1,60.6,75.7,58.7,11.4,16.7,4.5,3.49,89.8,3.48,Low
STU00821,Electrical Engineering,1,1.23,1.57,1.73,29.1,32.3,48.0,4.99,45.0,45.2,47.6,41.3,26.8,35.1,2.0,9.1,4.5,3.07,80.5,1.22,High
STU00822,Biology,5,1.3,1.33,1.53,57.1,62.1,37.1,2.16,53.8,71.1,65.8,57.0,57.6,52.0,10.3,12.0,3.4,3.08,80.7,1.42,High
STU00823,Computer Science,5,3.52,3.66,3.6,97.0,88.8,75.1,1.48,72.1,64.1,82.9,80.5,81.9,69.5,12.5,13.8,5.2,3.49,89.8,3.47,Low
STU00824,Business Administration,5,3.94,4.0,4.0,72.2,75.8,100.0,0.0,91.6,94.4,100.0,91.6,100.0,100.0,24.1,19.4,5.0,3.26,84.6,3.98,Low
STU00825,Electrical Engineering,6,1.65,1.32,1.52,39.8,32.5,24.7,0.81,42.5,52.7,45.1,56.0,48.1,50.5,13.2,10.6,5.1,3.07,80.5,1.74,High
STU00826,Economics,2,2.91,3.33,3.41,64.0,63.7,67.6,2.01,69.4,100.0,89.6,54.1,60.7,100.0,16.6,13.2,2.1,3.02,79.4,2.82,Medium
STU00827,Biology,8,2.51,2.38,2.33,78.6,73.9,70.6,0.83,72.6,77.4,76.1,78.9,82.7,86.0,19.5,9.0,4.2,3.08,80.7,2.76,Low
STU00828,Business Administration,5,3.96,4.0,4.0,93.5,100.0,72.8,1.03,91.7,97.7,100.0,100.0,99.3,96.7,31.0,16.6,6.0,3.26,84.6,3.89,Low
STU00829,Psychology,8,3.67,3.68,3.99,92.0,100.0,96.4,,100.0,98.1,99.6,97.5,95.4,94.0,10.7,16.0,9.6,2.76,73.7,3.6,Low
STU00830,Computer Science,7,2.55,2.66,2.7,43.5,40.5,94.9,6.51,49.4,52.0,67.3,59.1,48.1,46.7,20.9,3.9,5.6,3.49,89.8,2.47,Medium
STU00831,Psychology,3,3.3,3.11,3.01,63.0,60.9,57.4,0.0,68.9,72.1,67.0,69.5,69.2,66.6,17.1,16.3,5.6,2.76,73.7,3.31,Low
STU00832,Business Administration,2,4.0,3.98,4.0,91.3,100.0,100.0,2.89,90.7,99.7,100.0,92.2,98.3,95.9,19.6,21.5,0.8,3.26,84.6,4.0,Low
STU00833,Electrical Engineering,5,1.89,2.08,1.91,46.9,47.0,43.3,1.78,64.5,74.2,75.0,59.1,73.3,72.2,24.2,13.6,4.9,3.07,80.5,1.97,Medium
STU00834,Computer Science,2,3.77,3.53,3.45,100.0,98.0,100.0,0.42,100.0,99.6,98.5,98.5,95.3,96.5,33.9,21.6,0.6,3.49,89.8,3.87,Low
STU00835,Business Administration,5,3.09,3.12,3.08,77.8,74.2,54.8,2.18,69.4,65.9,70.7,64.5,67.6,61.4,21.4,13.1,10.9,3.26,84.6,3.18,Medium
STU00836,Mechanical Engineering,7,2.3,2.66,2.73,62.1,63.4,78.0,4.27,44.9,94.9,62.2,64.2,85.9,64.8,23.7,14.1,0.0,2.65,71.2,2.28,Medium
STU00837,Mechanical Engineering,1,3.46,3.46,3.27,84.9,80.1,79.8,3.15,66.0,84.2,77.3,80.4,59.2,77.1,24.6,19.7,7.2,2.65,71.2,3.67,Low
STU00838,Biology,2,3.64,3.41,3.5,85.2,76.5,77.8,0.25,74.7,78.0,84.5,90.7,91.9,75.3,13.7,12.4,1.5,3.08,80.7,3.65,Low
STU00839,Business Administration,5,1.13,1.33,1.58,34.9,40.0,47.5,6.78,41.2,25.6,28.1,39.1,39.8,29.9,7.6,0.2,,3.26,84.6,1.06,High
STU00840,Biology,6,2.4,2.53,2.6,66.8,61.6,49.6,0.65,72.9,69.0,76.6,58.3,57.0,59.6,18.7,16.6,1.3,3.08,80.7,2.62,Low
STU00841,Biology,8,2.49,2.56,2.78,71.6,74.7,80.0,2.28,75.7,74.5,78.1,72.3,71.3,62.7,27.3,15.9,4.6,3.08,80.7,2.06,Low
STU00842,Computer Science,3,2.93,2.51,2.33,55.5,47.3,34.2,1.41,46.5,57.3,54.4,59.2,55.8,46.2,13.8,10.3,2.2,3.49,89.8,3.02,Low
STU00843,Mathematics,1,2.89,2.83,2.45,67.4,62.1,36.4,2.91,51.7,50.6,28.9,55.8,19.0,33.9,2.1,15.1,,2.67,71.5,3.11,Medium
STU00844,Business Administration,3,2.98,3.12,3.13,95.1,94.9,87.6,0.58,75.3,60.5,91.5,98.2,61.1,72.0,15.4,11.3,8.6,3.26,84.6,2.99,Low
STU00845,Computer Science,4,3.37,3.24,2.98,65.9,62.9,90.5,1.12,62.0,61.2,73.0,55.5,52.2,64.5,9.2,6.4,6.7,3.49,89.8,3.58,Low
STU00846,Mechanical Engineering,3,3.24,3.5,3.58,73.1,63.9,90.5,0.03,89.2,80.3,94.1,99.4,81.4,82.2,19.2,15.8,3.3,2.65,71.2,3.28,Low
STU00847,Electrical Engineering,7,2.43,2.63,3.01,41.0,40.9,74.4,4.16,40.4,63.3,38.9,49.3,71.2,64.4,11.6,8.4,5.3,3.07,80.5,2.4,Medium
STU00848,Mechanical Engineering,5,1.61,1.63,2.09,45.2,54.2,65.2,0.0,63.3,64.7,60.3,61.7,63.2,73.1,14.6,16.2,8.0,2.65,71.2,1.68,High
STU00849,Psychology,7,1.91,1.78,1.78,56.7,54.8,70.2,1.08,38.6,38.6,53.1,27.4,47.3,31.5,20.4,6.8,10.0,2.76,73.7,1.87,Medium
STU00850,Biology,7,1.29,1.53,1.75,28.6,36.4,41.7,3.92,43.0,49.6,71.7,43.8,60.5,49.1,10.9,8.4,4.8,3.08,80.7,1.03,High
STU00851,Psychology,3,3.66,3.35,2.86,67.4,70.6,66.2,0.86,89.4,79.6,81.8,87.0,69.5,78.4,17.3,12.8,,2.76,73.7,3.98,Low
STU00852,Electrical Engineering,6,2.2,2.23,2.46,77.9,77.8,100.0,1.23,80.0,97.2,79.8,90.4,86.0,82.3,20.5,11.6,4.1,3.07,80.5,2.23,Low
STU00853,Business Administration,5,2.56,2.66,2.19,59.6,47.7,40.9,3.52,43.2,47.9,47.5,46.4,46.3,42.6,6.5,12.9,4.6,3.26,84.6,2.68,Medium
STU00854,Biology,1,3.22,3.01,3.1,79.0,93.0,96.6,4.11,90.0,76.6,81.3,82.3,84.7,84.5,18.8,18.2,4.2,3.08,80.7,3.1,Low
STU00855,Economics,6,2.06,2.07,1.94,59.2,57.7,32.7,3.97,44.8,42.3,43.8,59.3,66.3,58.5,12.8,7.7,8.3,3.02,79.4,2.11,High
STU00856,Economics,2,3.35,3.38,3.41,100.0,96.5,78.6,0.0,77.6,55.5,62.3,84.5,80.0,91.8,13.2,13.0,,3.02,79.4,3.5,Low
STU00857,Mechanical Engineering,6,2.48,2.53,2.47,68.0,75.1,77.1,0.85,62.2,53.7,57.8,68.6,72.5,59.9,1.3,11.9,,2.65,71.2,2.57,Medium
STU00858,Computer Science,2,2.62,2.66,2.73,99.7,90.5,70.6,0.0,74.6,56.0,57.8,100.0,66.7,62.0,16.5,11.4,9.7,3.49,89.8,2.73,Low
STU00859,Business Administration,3,3.17,3.01,3.11,62.5,76.1,68.9,3.21,54.9,84.7,71.3,72.9,81.9,72.3,21.2,14.0,4.7,3.26,84.6,3.09,Low
STU00860,Biology,6,3.92,4.0,3.97,70.7,78.2,91.0,0.08,72.4,91.4,77.9,84.9,73.1,65.3,11.6,9.7,6.0,3.08,80.7,3.98,Low
STU00861,Economics,6,2.41,2.46,2.52,82.2,85.3,79.1,,70.2,66.9,76.3,75.4,72.8,69.6,19.5,9.3,4.6,3.02,79.4,2.45,Medium
STU00862,Electrical Engineering,3,0.29,0.47,1.06,49.3,44.2,36.0,1.15,42.9,31.2,33.3,42.0,23.0,43.9,14.3,0.9,2.1,3.07,80.5,0.03,High
STU00863,Mechanical Engineering,6,3.05,3.0,2.76,77.0,71.9,58.6,3.92,54.1,55.9,59.4,71.9,73.6,60.5,14.4,8.6,5.3,2.65,71.2,3.24,Low
STU00864,Biology,6,2.0,2.08,2.25,85.4,75.7,88.1,1.14,53.3,58.9,80.1,100.0,100.0,74.1,10.6,17.3,4.2,3.08,80.7,1.96,Medium
STU00865,Psychology,6,2.3,2.25,2.19,54.1,54.3,49.0,4.16,92.7,85.1,65.3,43.0,62.9,58.8,9.3,12.7,2.5,2.76,73.7,2.31,Medium
STU00866,Computer Science,7,2.99,2.94,3.02,63.3,59.8,34.6,2.68,69.9,52.2,38.5,53.6,58.9,61.8,14.8,9.3,4.8,3.49,89.8,3.02,Low
STU00867,Mathematics,8,3.03,3.09,3.19,94.0,98.9,72.5,2.17,80.3,71.8,60.3,74.4,67.6,75.5,25.7,16.3,9.6,2.67,71.5,2.96,Low
STU00868,Electrical Engineering,5,1.72,1.53,1.33,59.3,52.2,39.8,2.1,43.2,58.3,63.9,43.8,47.4,30.3,10.2,11.0,6.1,3.07,80.5,1.8,Medium
STU00869,Economics,7,1.83,1.9,2.1,51.2,54.1,100.0,4.11,57.0,75.6,49.5,52.2,57.8,62.9,5.1,7.6,6.8,3.02,79.4,1.91,Medium
STU00870,Economics,2,2.43,2.77,2.92,68.1,68.1,49.5,5.47,52.3,61.3,64.4,57.8,55.9,78.3,22.2,10.0,5.7,3.02,79.4,2.09,Medium
STU00871,Business Administration,2,3.59,3.53,3.59,100.0,94.8,80.8,0.0,100.0,97.9,93.7,100.0,100.0,100.0,19.8,15.6,5.9,3.26,84.6,3.53,Low
STU00872,Economics,8,2.77,2.8,3.02,53.9,56.9,66.5,0.0,73.6,51.0,78.6,72.2,71.1,78.6,10.3,5.3,6.2,3.02,79.4,2.48,Medium
STU00873,Economics,8,1.8,2.19,2.13,49.3,51.7,51.6,,65.3,57.2,68.0,43.3,66.9,54.2,11.3,15.0,8.5,3.02,79.4,1.94,High
STU00874,Computer Science,1,3.38,3.51,3.37,72.6,73.0,88.4,1.79,79.4,57.5,100.0,100.0,96.0,84.5,14.2,10.5,2.1,3.49,89.8,3.51,Low
STU00875,Psychology,5,1.23,1.4,1.83,52.2,56.9,48.8,0.84,51.7,38.5,39.5,42.6,28.9,31.8,18.0,16.2,9.8,2.76,73.7,0.88,High
STU00876,Business Administration,8,1.65,1.72,1.51,46.9,50.4,14.6,2.11,39.2,49.6,48.1,50.1,36.4,25.0,14.1,5.9,2.3,3.26,84.6,1.66,High
STU00877,Mathematics,1,3.01,3.0,2.88,84.4,68.2,58.9,0.0,69.7,61.3,73.5,68.2,76.5,71.3,13.0,11.3,2.4,2.67,71.5,3.06,Low
STU00878,Mechanical Engineering,8,2.32,2.15,2.17,66.9,79.4,57.8,1.42,61.8,64.4,66.7,63.8,68.1,69.0,19.7,16.4,2.0,2.65,71.2,2.43,Low
STU00879,Economics,5,2.26,2.55,2.79,54.6,60.3,55.3,5.47,63.2,63.6,60.7,61.1,61.0,58.3,17.4,15.1,7.4,3.02,79.4,2.01,Medium
STU00880,Biology,7,4.0,4.0,3.83,71.4,73.6,44.1,1.42,94.9,79.9,72.0,81.9,85.3,70.1,17.2,19.7,2.8,3.08,80.7,3.73,Low
STU00881,Computer Science,5,1.95,2.14,2.31,68.5,77.5,78.2,3.66,61.7,74.5,66.9,63.8,59.8,67.5,,8.0,4.0,3.49,89.8,1.84,Medium
STU00882,Business Administration,7,2.12,1.95,1.8,48.4,41.2,57.8,2.76,30.1,52.8,55.8,51.1,68.3,43.7,21.2,11.7,6.9,3.26,84.6,2.06,Medium
STU00883,Computer Science,1,3.01,3.19,2.94,64.5,53.7,79.6,0.74,55.9,67.5,57.9,60.0,58.7,70.0,20.1,13.6,4.7,3.49,89.8,3.14,Low
STU00884,Mathematics,2,1.72,1.87,2.19,89.0,90.4,89.7,1.21,77.1,86.4,74.1,94.6,87.8,81.7,15.2,13.6,5.3,2.67,71.5,1.76,Medium
STU00885,Mechanical Engineering,6,2.45,2.71,2.81,59.3,66.1,82.0,1.5,78.7,36.5,100.0,74.8,69.7,66.1,19.9,14.8,7.9,2.65,71.2,2.3,Low
STU00886,Business Administration,1,4.0,3.85,3.54,100.0,100.0,81.6,0.0,100.0,100.0,100.0,87.0,97.9,95.3,23.1,14.5,8.9,3.26,84.6,4.0,Low
STU00887,Mechanical Engineering,1,3.91,4.0,4.0,87.4,81.7,63.6,0.06,81.9,91.0,87.4,86.2,82.2,82.0,30.2,12.6,6.8,2.65,71.2,3.55,Low
STU00888,Biology,5,4.0,3.86,3.88,76.6,88.5,100.0,1.28,100.0,80.0,100.0,100.0,100.0,100.0,28.5,16.9,6.0,3.08,80.7,3.92,Low
STU00889,Electrical Engineering,6,3.11,2.59,2.46,59.8,58.2,33.5,2.63,57.5,74.6,73.0,68.5,60.4,73.5,8.0,20.3,2.9,3.07,80.5,3.25,Low
STU00890,Electrical Engineering,2,2.67,2.41,2.31,33.3,31.8,58.8,5.5,29.9,34.7,47.5,57.8,31.9,40.5,7.8,12.8,9.0,3.07,80.5,2.67,Medium
STU00891,Economics,1,1.18,1.52,1.75,55.0,60.0,49.5,1.94,43.6,64.7,52.6,62.9,70.6,48.4,15.5,3.8,9.6,3.02,79.4,0.95,High
STU00892,Electrical Engineering,6,3.89,3.95,3.85,82.4,86.6,63.8,,94.3,94.2,99.1,99.0,78.7,93.3,28.0,17.4,6.4,3.07,80.5,3.93,Low
STU00893,Business Administration,4,2.81,2.84,2.78,79.9,72.9,66.8,0.1,62.4,61.5,59.5,53.0,52.2,58.5,18.9,10.3,10.7,3.26,84.6,2.68,Low
STU00894,Psychology,1,1.23,1.59,1.95,29.5,33.6,69.1,3.52,82.7,38.6,54.9,61.8,63.4,46.1,16.1,6.2,1.9,2.76,73.7,1.02,High
STU00895,Electrical Engineering,3,2.15,2.15,1.87,59.3,57.6,53.0,4.3,46.5,43.8,59.5,48.6,45.6,47.5,10.5,11.0,0.8,3.07,80.5,2.31,Medium
STU00896,Economics,1,1.96,1.81,1.56,43.8,42.4,58.6,4.13,50.3,64.6,59.2,62.5,60.5,59.6,12.2,10.7,3.7,3.02,79.4,2.09,Medium
STU00897,Economics,8,2.94,2.86,3.23,82.7,85.3,73.3,0.0,73.3,74.0,73.2,74.6,69.2,67.4,29.7,11.6,4.4,3.02,79.4,3.04,Low
STU00898,Psychology,7,2.47,2.69,2.85,52.8,51.7,33.2,4.04,68.3,53.8,48.9,58.8,57.6,47.1,,7.5,4.5,2.76,73.7,2.21,Medium
STU00899,Mathematics,6,1.06,0.86,0.99,65.1,45.9,68.7,2.99,68.4,47.3,43.2,35.7,45.4,49.2,22.8,4.1,5.2,2.67,71.5,1.03,Medium
STU00900,Computer Science,8,3.63,3.38,3.03,66.6,58.0,63.0,0.41,70.2,73.4,68.7,76.4,84.7,86.2,17.6,13.9,9.7,3.49,89.8,3.89,Low
STU00901,Mathematics,6,2.53,2.59,2.83,85.0,83.1,75.9,3.0,52.9,67.6,71.6,73.3,32.5,52.0,,11.5,0.0,2.67,71.5,2.7,Low
STU00902,Economics,3,3.56,3.46,3.1,67.8,63.6,97.2,0.72,62.3,62.0,64.4,77.8,96.1,96.8,6.7,14.4,0.0,3.02,79.4,3.83,Low
STU00903,Psychology,1,2.66,2.4,2.2,55.8,58.1,55.7,,43.0,31.9,26.5,78.8,49.6,62.8,23.4,8.3,3.1,2.76,73.7,2.81,Medium
STU00904,Economics,3,4.0,4.0,4.0,98.6,95.9,100.0,0.39,61.7,98.0,71.7,80.9,100.0,88.7,21.5,16.3,3.0,3.02,79.4,3.81,Low
STU00905,Business Administration,7,1.04,1.45,1.53,59.4,62.2,64.8,1.07,55.6,61.5,68.3,75.4,54.5,59.7,22.6,13.4,7.0,3.26,84.6,0.85,High
STU00906,Electrical Engineering,2,2.5,2.48,2.27,53.4,52.8,49.9,0.47,75.0,76.0,76.4,65.9,51.1,61.4,18.5,12.2,6.8,3.07,80.5,2.5,Medium
STU00907,Business Administration,4,3.1,3.04,3.1,84.0,88.6,94.5,0.0,93.1,87.6,83.1,88.8,90.9,87.8,,18.3,1.9,3.26,84.6,3.12,Low
STU00908,Biology,8,1.97,1.95,1.81,31.3,30.0,61.3,3.48,43.0,44.2,12.7,31.0,20.2,32.5,6.5,5.7,8.2,3.08,80.7,2.14,High
STU00909,Computer Science,8,2.48,2.28,2.66,73.3,79.6,64.9,2.18,58.8,52.3,67.7,75.1,56.1,69.5,20.7,12.1,0.2,3.49,89.8,2.43,Medium
STU00910,Mathematics,3,2.76,2.8,2.69,65.8,80.3,68.9,5.77,68.1,67.4,68.4,61.2,62.9,66.5,8.8,12.9,2.5,2.67,71.5,2.73,Medium
STU00911,Computer Science,2,4.0,3.84,3.55,74.0,58.3,74.1,0.97,80.4,84.7,80.3,72.4,100.0,85.9,23.0,12.1,3.1,3.49,89.8,4.0,Low
STU00912,Psychology,7,1.59,1.68,2.01,25.8,30.8,71.7,3.56,35.9,64.3,24.6,50.6,68.8,67.4,14.2,18.5,6.8,2.76,73.7,1.47,High
STU00913,Biology,8,1.91,2.2,2.02,73.8,70.0,34.0,0.45,52.9,43.9,62.7,49.1,51.0,39.8,18.4,9.2,6.8,3.08,80.7,2.08,Medium
STU00914,Mechanical Engineering,7,3.49,3.51,3.71,100.0,94.5,83.4,0.35,100.0,96.1,66.6,100.0,93.3,77.7,24.5,13.0,5.9,2.65,71.2,3.63,Low
STU00915,Business Administration,6,2.59,2.64,2.47,89.3,87.0,100.0,0.56,72.6,75.1,76.5,77.0,82.2,68.1,20.8,16.3,8.0,3.26,84.6,2.65,Low
STU00916,Mechanical Engineering,1,4.0,3.97,3.8,89.8,83.6,82.6,0.0,100.0,100.0,100.0,100.0,92.3,84.5,18.8,14.4,1.6,2.65,71.2,4.0,Low
STU00917,Computer Science,4,2.15,2.21,2.32,76.2,73.6,84.8,0.48,52.3,52.0,62.2,91.2,69.7,66.6,15.3,12.7,10.1,3.49,89.8,2.0,Medium
STU00918,Economics,7,2.7,2.35,2.15,53.6,52.9,57.7,1.02,66.5,61.1,61.3,72.1,69.2,71.9,22.8,10.6,1.4,3.02,79.4,2.65,Low
STU00919,Electrical Engineering,5,2.15,2.14,2.15,82.8,75.4,47.8,0.06,66.5,68.4,67.7,65.3,63.5,67.6,15.5,19.1,,3.07,80.5,2.1,Low
STU00920,Biology,6,2.96,2.53,2.48,80.7,72.3,56.8,1.46,64.7,63.6,62.9,64.5,67.2,68.3,21.6,14.0,0.0,3.08,80.7,3.09,Low
STU00921,Computer Science,6,3.6,3.39,3.39,92.3,84.0,86.8,0.4,81.5,82.5,82.4,100.0,64.2,100.0,13.7,11.8,7.2,3.49,89.8,3.49,Low
STU00922,Biology,6,1.5,2.12,1.92,46.3,46.3,64.2,3.12,38.7,59.6,51.5,46.2,39.1,45.1,20.3,12.3,5.6,3.08,80.7,1.44,High
STU00923,Psychology,2,3.69,3.5,3.53,61.7,64.6,75.9,0.0,89.0,83.3,84.6,84.7,89.1,81.9,18.7,14.1,8.4,2.76,73.7,3.8,Low
STU00924,Electrical Engineering,8,4.0,4.0,3.96,94.2,83.2,70.4,1.04,81.7,100.0,71.2,94.7,73.3,100.0,25.5,13.7,11.6,3.07,80.5,4.0,Low
STU00925,Computer Science,5,3.39,3.11,2.84,65.7,63.4,61.3,0.0,69.2,51.7,65.3,87.0,68.5,68.9,17.7,7.3,6.9,3.49,89.8,3.44,Low
STU00926,Psychology,3,1.68,1.71,1.84,38.7,40.4,34.2,,23.1,72.7,41.3,40.2,39.5,40.9,8.9,10.0,5.1,2.76,73.7,1.78,High
STU00927,Business Administration,2,4.0,3.96,3.59,92.2,93.0,90.0,0.64,74.1,77.6,84.3,87.7,77.0,84.7,25.9,15.1,7.8,3.26,84.6,4.0,Low
STU00928,Electrical Engineering,4,2.99,3.13,2.89,91.3,91.5,78.9,4.07,96.8,75.8,86.4,70.4,83.7,71.9,17.3,9.8,10.7,3.07,80.5,3.0,Low
STU00929,Mechanical Engineering,5,4.0,3.72,3.44,100.0,100.0,72.4,0.0,72.1,100.0,84.9,100.0,99.3,74.0,28.5,17.5,9.0,2.65,71.2,4.0,Low
STU00930,Business Administration,8,1.12,1.25,1.18,37.8,43.9,52.9,0.0,22.2,16.4,23.7,58.0,13.7,41.3,10.7,5.6,6.9,3.26,84.6,1.07,High
STU00931,Biology,4,1.86,1.61,1.34,39.6,43.7,51.7,4.67,50.2,57.9,57.1,58.1,55.1,52.9,21.7,7.2,2.4,3.08,80.7,2.08,Medium
STU00932,Electrical Engineering,8,2.19,2.02,2.24,49.8,55.8,69.0,2.62,44.6,51.6,45.3,61.3,55.2,55.7,10.8,9.7,6.9,3.07,80.5,2.37,Medium
STU00933,Economics,1,2.3,1.95,2.06,59.3,61.6,46.8,2.6,54.9,46.6,48.5,49.5,42.4,60.9,14.3,5.6,9.4,3.02,79.4,2.4,Medium
STU00934,Electrical Engineering,5,1.66,1.96,1.83,66.5,65.4,56.9,1.26,79.0,34.4,65.6,28.7,80.7,50.6,7.7,4.6,1.2,3.07,80.5,1.61,High
STU00935,Psychology,4,1.72,2.08,2.43,64.0,67.6,66.7,1.48,64.2,40.1,89.9,56.3,53.3,71.9,19.0,10.8,3.4,2.76,73.7,1.68,Medium
STU00936,Electrical Engineering,7,1.91,2.33,2.5,59.7,59.9,71.9,0.74,63.1,67.7,64.3,63.6,60.8,66.6,22.6,22.0,6.2,3.07,80.5,1.63,Medium
STU00937,Computer Science,7,2.8,2.55,2.28,55.5,70.1,55.5,2.94,55.0,60.8,60.3,54.8,66.0,57.2,16.6,5.9,4.4,3.49,89.8,2.89,Low
STU00938,Economics,4,2.64,2.72,2.93,45.8,58.1,99.6,,64.7,64.9,73.2,61.0,62.6,69.7,10.7,7.3,5.4,3.02,79.4,2.54,Medium
STU00939,Economics,4,1.74,1.89,1.96,65.9,64.7,61.0,0.0,72.6,70.0,59.3,60.5,59.1,70.9,12.6,13.0,5.8,3.02,79.4,1.72,High
STU00940,Business Administration,1,1.17,1.56,1.97,54.3,54.0,25.3,3.92,37.7,28.7,54.8,41.1,30.9,44.7,8.6,13.2,6.5,3.26,84.6,0.84,High
STU00941,Psychology,3,2.94,2.83,2.81,60.8,55.8,36.4,2.11,53.8,59.2,50.6,56.6,44.7,61.3,16.4,7.2,10.8,2.76,73.7,2.88,Low
STU00942,Psychology,2,1.78,1.72,1.74,35.1,32.6,33.3,3.89,48.4,32.9,38.7,31.2,32.0,45.7,16.3,0.0,8.5,2.76,73.7,1.71,High
STU00943,Electrical Engineering,3,1.79,1.68,1.66,55.1,55.5,58.9,1.03,41.7,44.6,46.6,52.9,49.9,48.9,,2.0,1.9,3.07,80.5,1.61,Medium
STU00944,Mathematics,2,1.88,2.01,2.36,26.1,31.4,40.4,4.24,54.6,48.3,34.2,62.9,58.3,59.4,4.7,15.9,2.7,2.67,71.5,1.66,High
STU00945,Economics,7,2.86,2.83,3.11,79.8,73.2,75.2,1.81,83.7,67.6,58.9,64.8,56.8,71.5,22.0,11.7,0.1,3.02,79.4,2.57,Low
STU00946,Mathematics,2,1.27,1.3,1.42,31.9,38.0,60.8,2.93,20.6,28.6,39.3,31.2,27.1,31.0,17.6,7.0,1.0,2.67,71.5,1.49,High
STU00947,Economics,2,2.41,2.5,2.78,100.0,100.0,81.6,0.96,79.5,79.8,70.2,81.5,81.3,84.3,16.8,11.2,5.0,3.02,79.4,2.32,Low
STU00948,Electrical Engineering,4,0.95,1.07,0.89,57.1,35.3,37.5,3.39,51.4,17.3,23.3,30.0,35.1,34.2,,9.3,6.7,3.07,80.5,1.12,High
STU00949,Psychology,3,2.69,2.7,2.32,69.2,75.8,96.0,0.0,76.2,65.9,67.8,80.4,71.5,66.8,20.9,10.1,0.3,2.76,73.7,2.67,Low
STU00950,Biology,5,3.67,3.53,3.37,96.5,92.0,100.0,0.93,100.0,96.6,94.4,100.0,94.0,95.7,23.0,22.2,,3.08,80.7,3.73,Low
STU00951,Mathematics,4,3.4,3.25,2.86,87.8,76.7,67.5,0.0,51.7,57.4,60.8,58.8,53.6,73.1,19.7,12.3,3.8,2.67,71.5,3.5,Low
STU00952,Business Administration,8,3.93,3.7,3.69,96.0,100.0,100.0,0.24,94.0,97.9,98.7,69.1,93.7,98.4,21.2,17.4,1.0,3.26,84.6,4.0,Low
STU00953,Psychology,2,3.38,3.73,3.99,89.3,100.0,98.0,0.0,79.7,94.9,82.7,88.1,93.5,84.2,18.7,17.0,5.6,2.76,73.7,3.25,Low
STU00954,Biology,6,2.45,2.43,2.11,56.6,62.4,49.6,1.92,72.4,49.1,72.3,71.0,50.7,54.3,12.3,5.4,2.2,3.08,80.7,2.61,Medium
STU00955,Economics,3,1.54,1.54,1.54,39.7,30.0,31.3,2.05,33.2,19.7,28.7,16.7,7.6,21.0,5.7,8.9,5.2,3.02,79.4,1.42,High
STU00956,Economics,8,1.91,1.99,1.98,53.8,51.6,72.0,2.92,50.4,64.9,62.3,55.9,91.4,36.2,11.2,14.2,,3.02,79.4,1.9,Medium
STU00957,Biology,1,4.0,4.0,3.87,82.4,82.9,100.0,,80.4,95.0,96.8,85.6,73.2,89.7,22.1,17.2,7.6,3.08,80.7,3.98,Low
STU00958,Mathematics,3,1.66,1.32,1.41,38.0,32.2,19.8,1.85,26.4,26.8,32.2,40.3,24.4,25.2,9.3,10.1,0.9,2.67,71.5,1.68,High
STU00959,Mathematics,8,3.59,3.32,3.19,57.4,67.3,94.6,2.96,64.4,68.3,75.9,78.0,71.8,69.2,,15.1,6.8,2.67,71.5,3.75,Low
STU00960,Mathematics,5,3.55,3.61,3.55,50.6,49.8,87.4,1.57,83.5,81.0,83.2,81.3,82.4,86.9,17.4,9.9,10.4,2.67,71.5,3.78,Low
STU00961,Biology,4,2.01,1.72,2.0,77.9,70.7,52.0,3.99,40.2,43.3,54.3,40.1,36.6,21.2,7.2,4.8,5.5,3.08,80.7,2.27,Medium
STU00962,Mathematics,6,2.55,2.45,2.16,32.0,32.4,88.1,3.71,31.7,44.2,42.7,49.7,54.8,60.4,8.5,1.6,6.7,2.67,71.5,2.76,Medium
STU00963,Business Administration,3,3.03,3.16,3.55,87.3,85.5,70.3,2.29,76.2,74.4,76.3,72.8,78.8,67.3,23.4,15.0,5.5,3.26,84.6,2.97,Low
STU00964,Mathematics,1,2.7,2.78,3.0,70.5,69.8,58.3,0.0,80.8,52.6,60.5,98.4,73.0,100.0,16.1,11.3,4.8,2.67,71.5,2.52,Low
STU00965,Mathematics,3,2.29,2.38,2.32,75.4,80.7,80.5,0.88,59.1,45.9,59.2,80.1,99.0,65.2,28.6,16.0,0.8,2.67,71.5,2.39,Low
STU00966,Psychology,1,1.01,1.08,1.01,40.3,30.0,10.0,4.31,23.2,18.7,21.7,26.9,17.9,14.6,6.5,0.0,4.2,2.76,73.7,0.71,High
STU00967,Computer Science,2,3.56,3.19,2.95,56.9,47.9,91.7,1.08,79.7,28.8,59.3,82.6,59.2,54.3,14.3,4.0,7.1,3.49,89.8,3.7,Low
STU00968,Economics,6,2.21,2.18,2.39,87.9,73.1,63.6,1.34,66.4,65.2,54.0,58.6,58.8,56.6,,12.5,2.9,3.02,79.4,2.14,Medium
STU00969,Biology,6,1.41,1.61,1.86,47.5,47.2,66.2,2.85,51.8,69.0,81.4,57.4,50.0,65.6,17.8,0.0,5.0,3.08,80.7,1.33,High
STU00970,Business Administration,7,3.01,3.0,2.75,54.1,61.2,82.2,5.51,38.2,54.5,41.6,43.0,67.7,44.9,15.8,19.4,4.0,3.26,84.6,3.13,Low
STU00971,Mathematics,1,1.13,1.05,1.02,67.0,61.3,36.2,2.03,60.6,36.7,55.3,48.3,43.0,48.1,18.2,4.6,3.8,2.67,71.5,1.16,High
STU00972,Business Administration,5,0.85,1.06,1.4,60.7,49.3,32.2,,55.6,39.4,54.9,45.1,52.2,46.2,13.5,12.2,9.5,3.26,84.6,0.8,High
STU00973,Computer Science,6,2.43,2.1,2.18,41.6,32.5,39.7,5.23,40.4,37.8,43.2,35.5,48.0,29.0,17.2,14.2,2.3,3.49,89.8,2.56,Medium
STU00974,Psychology,1,2.34,2.34,2.04,40.1,41.8,29.9,1.66,29.8,51.6,22.3,50.6,30.2,39.4,14.3,17.3,5.3,2.76,73.7,2.55,Medium
STU00975,Computer Science,6,2.77,2.76,2.43,51.6,44.1,78.4,2.1,50.5,78.5,47.2,55.0,53.4,78.5,13.3,6.9,6.3,3.49,89.8,2.95,Medium
STU00976,Psychology,2,2.16,2.21,2.51,74.9,69.6,88.0,2.25,53.2,67.9,36.4,58.9,52.2,63.7,,9.9,6.4,2.76,73.7,2.07,Medium
STU00977,Business Administration,8,2.09,1.74,1.59,64.8,44.1,52.1,5.32,34.1,29.1,64.2,37.2,45.6,31.7,,8.6,6.2,3.26,84.6,2.25,Medium
STU00978,Business Administration,3,3.43,3.19,2.62,28.4,30.9,48.5,3.03,70.2,61.6,44.8,59.4,54.6,54.4,5.5,14.0,5.3,3.26,84.6,3.6,Low
STU00979,Mechanical Engineering,2,2.23,2.62,2.97,80.5,90.5,76.9,1.24,100.0,42.4,52.3,53.5,84.6,96.6,11.3,17.9,2.9,2.65,71.2,1.86,Medium
STU00980,Business Administration,1,2.72,2.52,2.67,56.9,62.5,75.3,0.43,68.0,74.8,66.0,65.7,65.1,54.6,25.3,13.3,7.2,3.26,84.6,2.83,Low
STU00981,Biology,6,1.15,1.22,1.16,54.5,55.3,29.2,0.0,59.3,42.3,6.3,36.9,39.9,52.2,19.1,10.9,6.3,3.08,80.7,1.13,High
STU00982,Electrical Engineering,1,1.47,1.26,1.07,41.7,35.0,23.0,0.01,38.1,36.1,45.9,30.1,26.4,40.8,3.4,9.0,4.0,3.07,80.5,1.42,High
STU00983,Electrical Engineering,4,3.25,3.1,2.73,60.7,50.4,59.9,0.49,80.9,73.7,81.9,61.2,65.2,68.8,15.8,8.7,2.3,3.07,80.5,3.28,Low
STU00984,Mechanical Engineering,6,2.47,2.42,2.19,49.3,50.4,27.8,2.35,58.3,61.1,54.3,64.4,83.5,62.7,16.7,3.5,1.4,2.65,71.2,2.35,Medium
STU00985,Mechanical Engineering,8,2.07,1.67,1.33,39.6,39.4,41.4,4.83,29.6,23.7,14.0,17.5,33.2,5.0,13.2,4.4,2.5,2.65,71.2,2.38,Medium
STU00986,Mechanical Engineering,7,2.63,2.52,2.36,68.5,70.6,69.2,3.09,73.2,49.6,50.9,72.6,65.1,61.4,19.2,14.6,3.4,2.65,71.2,2.57,Low
STU00987,Electrical Engineering,1,3.31,3.55,3.49,78.7,77.9,87.4,1.99,90.3,96.6,100.0,100.0,94.5,65.6,18.0,18.3,5.8,3.07,80.5,3.49,Low
STU00988,Economics,6,2.42,2.3,2.13,57.9,48.9,45.9,3.24,32.8,42.6,42.7,37.3,44.7,46.3,13.2,8.8,3.2,3.02,79.4,2.46,Medium
STU00989,Business Administration,8,2.46,2.47,2.17,72.2,62.9,47.9,3.67,48.4,54.6,52.3,55.6,48.5,59.0,12.9,12.5,8.6,3.26,84.6,2.59,Medium
STU00990,Mathematics,7,3.13,3.06,2.9,55.0,51.6,84.1,1.3,89.8,82.1,80.3,79.9,73.0,78.9,17.2,18.3,,2.67,71.5,3.4,Low
STU00991,Mathematics,4,3.04,3.04,3.03,100.0,98.3,79.4,,89.9,80.9,74.3,81.0,86.7,88.0,26.6,10.2,3.7,2.67,71.5,2.88,Low
STU00992,Biology,1,1.57,1.7,1.77,50.5,56.3,41.4,2.25,54.4,41.4,48.1,47.4,44.7,57.1,16.3,8.2,10.8,3.08,80.7,1.52,Medium
STU00993,Biology,4,1.19,1.54,1.73,55.8,60.6,61.1,1.06,60.5,70.2,60.8,62.5,61.1,61.0,15.9,11.2,3.6,3.08,80.7,0.94,High
STU00994,Mathematics,7,3.57,3.3,3.05,68.3,71.8,64.3,3.54,71.3,73.0,79.5,84.1,70.8,73.9,,9.6,2.1,2.67,71.5,3.76,Low
STU00995,Business Administration,4,3.1,3.28,3.72,70.2,77.1,94.6,0.0,71.0,100.0,81.0,90.7,67.3,92.7,10.3,16.2,5.8,3.26,84.6,2.82,Low
STU00996,Business Administration,3,3.72,3.4,3.26,87.6,81.8,72.0,1.09,76.1,77.4,85.6,77.6,77.8,74.5,21.7,12.5,3.6,3.26,84.6,3.79,Low
STU00997,Economics,6,3.17,2.96,2.6,72.4,73.6,58.8,0.0,45.1,39.8,70.1,52.5,74.9,43.6,13.2,6.3,6.3,3.02,79.4,3.39,Low
STU00998,Mathematics,8,0.47,0.94,1.14,37.1,38.2,44.8,3.38,26.7,40.8,61.7,30.1,60.0,58.0,11.3,13.4,3.7,2.67,71.5,0.39,High
STU00999,Electrical Engineering,1,0.78,0.55,0.53,31.0,30.0,32.4,3.41,26.3,30.3,20.0,31.4,36.7,23.3,11.5,4.2,7.4,3.07,80.5,0.9,High
STU01000,Electrical Engineering,5,3.43,3.42,3.18,78.1,68.1,45.4,1.15,50.9,35.4,60.5,40.9,72.6,40.1,11.3,10.5,9.6,3.07,80.5,3.51,Low
STU01001,Mechanical Engineering,1,2.8,2.88,3.29,87.1,84.5,77.9,0.8,77.2,83.1,80.0,79.0,75.4,80.0,16.2,15.0,1.6,2.65,71.2,2.6,Low
STU01002,Mechanical Engineering,5,0.73,0.76,1.17,46.9,46.2,34.3,2.58,41.9,41.9,43.9,41.7,44.0,42.5,15.6,5.1,0.0,2.65,71.2,0.72,High
STU01003,Computer Science,4,2.12,2.3,2.31,72.4,72.4,54.6,0.62,65.9,63.3,70.9,66.6,60.3,75.0,5.1,11.6,0.0,3.49,89.8,2.13,Medium
STU01004,Computer Science,7,1.47,1.39,1.14,61.1,58.1,24.6,,54.4,69.5,44.8,45.4,47.0,39.9,15.7,9.3,7.4,3.49,89.8,1.62,High
STU01005,Mechanical Engineering,5,4.0,3.64,3.53,67.7,72.7,100.0,,75.0,82.5,85.1,86.4,84.5,90.4,19.8,19.7,3.1,2.65,71.2,4.0,Low
STU01006,Business Administration,4,2.65,2.99,3.2,85.3,88.3,100.0,1.38,73.7,84.7,92.7,62.8,100.0,88.1,19.0,13.5,1.7,3.26,84.6,2.71,Low
STU01007,Economics,2,1.36,1.35,1.59,50.8,51.1,40.0,3.67,48.0,46.0,45.3,39.9,45.2,50.5,16.8,7.3,8.9,3.02,79.4,1.12,High
STU01008,Mechanical Engineering,2,2.1,2.0,1.9,48.4,40.1,25.3,1.05,11.7,10.2,23.7,57.0,44.1,38.5,6.8,7.4,3.4,2.65,71.2,2.03,Medium
STU01009,Computer Science,6,3.56,3.15,2.9,60.7,62.7,51.1,0.36,55.2,78.6,70.7,64.2,90.4,52.6,21.6,11.8,7.4,3.49,89.8,3.53,Low
STU01010,Economics,1,3.6,3.49,3.45,83.9,79.8,52.8,,61.8,69.6,63.5,69.7,69.3,65.5,22.2,12.3,,3.02,79.4,3.61,Low
STU01011,Mechanical Engineering,1,2.33,2.69,2.91,65.4,67.4,73.1,4.33,63.7,76.9,69.2,62.1,62.0,67.2,11.4,8.0,9.3,2.65,71.2,2.04,Medium
STU01012,Mechanical Engineering,8,3.1,2.9,2.58,65.4,56.9,59.2,3.08,54.2,48.0,55.2,56.0,48.7,63.1,10.2,15.3,6.9,2.65,71.2,3.46,Low
STU01013,Electrical Engineering,5,4.0,4.0,4.0,91.5,98.8,100.0,2.62,95.5,89.0,100.0,100.0,93.9,94.4,25.7,15.5,0.0,3.07,80.5,3.9,Low
STU01014,Economics,7,2.7,2.49,2.32,63.0,58.4,77.2,4.7,64.4,64.5,49.4,79.9,29.2,49.0,20.5,9.2,9.8,3.02,79.4,2.68,Low
STU01015,Psychology,6,2.44,2.48,2.7,57.9,56.4,100.0,0.39,56.4,81.4,70.9,64.9,69.1,86.8,21.5,20.2,5.0,2.76,73.7,2.34,Low
STU01016,Mechanical Engineering,2,1.3,1.5,1.68,50.8,53.4,50.3,3.02,43.1,40.0,36.6,52.2,50.2,36.1,,4.4,4.4,2.65,71.2,1.16,High
STU01017,Computer Science,2,2.77,2.88,2.95,69.3,72.5,72.0,1.45,76.3,77.2,76.5,74.1,74.4,76.9,21.8,17.8,6.7,3.49,89.8,2.66,Low
STU01018,Computer Science,7,2.79,2.58,2.17,53.0,53.1,51.8,3.85,60.1,41.5,51.9,51.3,60.4,62.7,11.2,4.2,8.1,3.49,89.8,3.0,Medium
STU01019,Computer Science,2,2.19,2.24,2.12,86.7,78.2,79.9,4.86,62.9,58.9,83.3,93.2,47.0,77.0,14.5,6.1,5.4,3.49,89.8,2.02,Medium
STU01020,Biology,3,1.23,1.22,1.51,49.1,54.1,40.2,1.25,38.3,50.0,47.2,57.9,34.3,51.1,14.9,2.0,1.8,3.08,80.7,1.21,High
STU01021,Electrical Engineering,2,2.78,2.76,2.51,49.6,53.0,78.5,5.41,38.9,55.8,65.3,52.1,44.9,37.0,5.9,11.1,9.4,3.07,80.5,2.8,Medium
STU01022,Computer Science,2,2.88,2.95,3.12,100.0,98.7,90.7,0.0,66.9,84.0,71.4,59.0,79.1,84.0,19.3,13.2,4.0,3.49,89.8,2.67,Low
STU01023,Computer Science,6,3.12,2.92,2.77,59.3,66.8,50.8,3.81,84.4,51.8,70.8,61.5,64.6,72.1,19.2,9.4,0.9,3.49,89.8,3.29,Low
STU01024,Business Administration,6,2.65,2.3,2.06,58.9,50.7,74.6,3.13,59.5,66.1,72.6,64.1,62.1,56.2,11.7,14.9,7.9,3.26,84.6,2.91,Low
STU01025,Mathematics,3,2.17,2.02,2.07,88.8,80.8,51.7,2.86,44.4,50.7,48.1,47.8,43.5,39.2,9.8,10.1,3.7,2.67,71.5,2.18,Medium
STU01026,Electrical Engineering,7,2.18,2.25,2.65,90.4,91.2,53.3,0.0,73.7,65.1,80.2,67.0,70.3,60.6,22.0,17.5,7.5,3.07,80.5,2.11,Low
STU01027,Mathematics,5,3.18,2.97,2.79,73.3,73.4,76.5,2.89,83.2,78.5,66.2,49.8,79.0,75.5,15.6,17.3,7.5,2.67,71.5,3.3,Low
STU01028,Business Administration,4,3.01,2.87,2.81,62.2,66.9,50.9,,66.3,87.2,68.0,76.3,82.6,65.8,16.5,15.6,6.9,3.26,84.6,2.81,Low
STU01029,Psychology,6,2.53,2.44,2.49,62.0,57.1,71.5,2.64,27.1,64.1,37.4,71.4,33.1,61.3,18.5,7.1,7.9,2.76,73.7,2.58,Medium
STU01030,Computer Science,7,2.81,3.0,3.11,65.9,72.9,52.7,1.8,65.3,94.5,69.3,88.5,62.8,73.7,17.6,11.3,3.9,3.49,89.8,2.6,Low
STU01031,Economics,8,3.49,3.4,3.43,92.9,83.9,81.8,0.04,86.5,68.9,77.7,71.8,81.8,76.5,18.1,12.2,7.2,3.02,79.4,3.54,Low
STU01032,Electrical Engineering,1,3.21,3.37,3.4,89.5,76.0,83.0,0.0,76.1,100.0,86.9,60.3,52.3,66.6,17.5,16.4,1.5,3.07,80.5,2.97,Low
STU01033,Psychology,4,2.86,2.7,2.75,37.6,47.7,85.1,5.16,66.3,63.9,62.7,74.3,64.5,68.3,16.4,7.2,6.6,2.76,73.7,2.88,Low
STU01034,Biology,7,3.03,3.08,3.18,84.1,75.5,47.8,1.14,61.3,84.3,69.7,81.5,72.4,70.0,18.8,17.4,5.7,3.08,80.7,2.93,Low
STU01035,Mechanical Engineering,7,2.87,2.54,2.41,86.4,72.4,55.7,3.36,75.7,70.7,72.2,54.5,91.6,66.5,15.9,7.7,4.7,2.65,71.2,2.91,Low
STU01036,Business Administration,4,1.6,1.5,1.68,87.2,84.4,64.5,3.19,52.9,58.5,55.0,82.4,60.5,46.6,22.3,5.0,0.0,3.26,84.6,1.68,Medium
STU01037,Mechanical Engineering,2,2.53,2.58,2.41,49.0,47.1,66.5,3.7,66.0,65.1,68.7,54.0,40.4,73.8,20.7,12.0,3.4,2.65,71.2,2.58,Low
STU01038,Computer Science,5,0.91,1.31,1.32,22.3,30.5,33.7,4.22,39.5,35.5,43.4,32.1,33.6,40.0,14.6,11.6,9.8,3.49,89.8,0.77,High
STU01039,Biology,2,2.34,2.2,2.01,41.8,44.9,70.0,0.0,52.2,53.8,50.7,52.2,54.4,49.8,,14.7,6.8,3.08,80.7,2.08,Medium
STU01040,Mathematics,7,2.07,2.04,2.15,56.9,67.0,83.8,3.56,85.2,79.2,67.1,52.8,67.1,88.3,18.2,6.7,1.6,2.67,71.5,2.11,Medium
STU01041,Economics,1,1.22,1.23,1.04,28.9,30.0,46.3,5.28,32.2,32.3,18.0,30.6,37.8,50.0,6.8,6.4,2.2,3.02,79.4,1.37,High
STU01042,Biology,6,2.63,2.83,2.78,70.7,81.8,85.3,0.0,73.1,84.1,69.1,77.3,76.8,83.9,23.7,16.2,6.1,3.08,80.7,2.45,Low
STU01043,Economics,1,2.74,2.58,2.69,61.3,64.6,63.7,,68.5,64.8,71.6,63.9,70.6,70.7,14.6,13.5,5.6,3.02,79.4,2.76,Low
STU01044,Biology,2,2.83,2.4,2.2,76.6,73.6,71.7,3.58,66.0,68.8,56.8,60.9,72.9,48.0,9.5,12.0,7.9,3.08,80.7,2.99,Medium
STU01045,Psychology,2,3.88,3.84,3.57,63.1,69.5,69.7,0.69,54.7,66.6,71.2,63.2,76.0,77.2,11.9,11.3,8.0,2.76,73.7,3.8,Low
STU01046,Business Administration,7,2.74,2.45,2.16,48.5,46.7,60.8,2.31,60.3,64.9,76.7,40.7,60.4,80.3,20.3,16.7,5.0,3.26,84.6,2.79,Low
STU01047,Computer Science,2,2.33,2.01,1.7,45.0,38.3,45.1,0.94,53.1,58.4,61.2,54.8,43.8,57.6,6.4,9.8,3.7,3.49,89.8,2.45,Medium
STU01048,Economics,4,2.32,2.38,2.02,37.0,37.6,22.9,5.64,43.9,32.2,41.5,47.3,42.3,39.6,15.3,4.1,3.5,3.02,79.4,2.17,Medium
STU01049,Computer Science,4,2.39,2.19,2.45,66.0,75.8,48.5,4.05,61.2,67.8,62.4,46.1,74.5,52.5,15.9,12.5,5.1,3.49,89.8,2.36,Medium
STU01050,Biology,7,3.69,3.49,3.47,68.2,68.1,70.8,,86.0,76.8,79.2,76.5,77.1,70.3,16.3,20.0,6.4,3.08,80.7,3.72,Low
STU01051,Economics,3,2.88,3.0,3.04,68.2,58.7,50.8,0.86,68.0,72.4,67.0,71.7,80.0,75.2,16.5,15.7,3.4,3.02,79.4,3.04,Low
STU01052,Electrical Engineering,2,1.96,1.91,1.64,53.0,52.4,24.7,4.26,62.0,67.5,46.7,34.2,71.5,40.1,7.8,7.9,2.1,3.07,80.5,1.99,High
STU01053,Mechanical Engineering,4,2.21,1.99,1.8,76.4,75.4,54.5,2.4,65.7,78.1,74.4,62.3,72.4,66.9,13.5,6.5,7.9,2.65,71.2,2.33,Low
STU01054,Business Administration,8,2.32,2.03,1.86,37.1,41.7,29.8,1.5,55.1,32.9,41.8,55.7,43.1,51.5,9.6,11.8,3.9,3.26,84.6,2.43,Medium
STU01055,Psychology,1,2.13,2.15,2.29,52.6,55.4,65.8,3.2,64.6,64.3,75.8,67.6,66.0,77.9,21.0,11.0,6.3,2.76,73.7,2.01,Medium
STU01056,Mechanical Engineering,3,2.98,3.24,3.35,69.3,78.9,77.8,2.14,62.9,64.4,83.4,63.1,78.7,79.4,18.0,11.1,5.4,2.65,71.2,3.08,Low
STU01057,Biology,5,2.5,2.25,2.12,29.4,30.0,63.7,0.0,68.8,56.3,66.4,36.0,69.8,47.4,11.8,12.6,5.9,3.08,80.7,2.46,Medium
STU01058,Mathematics,8,3.38,3.31,3.2,77.6,79.4,74.5,2.96,50.2,85.4,66.4,80.1,66.2,55.5,22.0,18.6,1.9,2.67,71.5,3.45,Low
STU01059,Computer Science,1,2.71,2.62,2.32,66.0,64.9,56.4,3.34,46.9,53.1,57.2,47.7,44.1,45.1,20.8,10.0,3.4,3.49,89.8,2.78,Medium
STU01060,Computer Science,3,2.41,2.66,2.8,71.3,79.1,47.7,0.0,69.0,77.2,68.8,71.1,78.0,59.0,18.8,13.5,4.4,3.49,89.8,2.37,Medium
STU01061,Mathematics,2,1.75,2.04,2.68,53.0,56.7,57.0,1.51,60.5,56.8,66.0,53.7,62.4,54.4,12.3,12.4,5.7,2.67,71.5,1.45,Medium
STU01062,Psychology,6,2.75,2.36,2.11,33.4,30.0,24.4,4.6,18.2,26.9,40.2,53.9,35.9,32.4,1.4,12.4,4.9,2.76,73.7,2.98,Medium
STU01063,Economics,7,3.47,3.5,3.24,78.7,72.9,100.0,2.26,69.5,73.9,79.9,75.9,70.4,81.7,20.6,17.2,0.0,3.02,79.4,3.65,Low
STU01064,Mathematics,6,3.65,3.7,4.0,96.8,89.7,65.1,0.41,96.6,97.8,87.0,78.7,100.0,93.0,27.9,15.0,3.1,2.67,71.5,3.53,Low
STU01065,Economics,8,3.47,3.23,3.4,88.6,78.2,100.0,0.0,89.3,100.0,74.9,100.0,67.2,100.0,13.7,14.0,5.3,3.02,79.4,3.47,Low
STU01066,Economics,7,1.39,1.25,1.61,29.6,30.0,16.4,0.0,34.9,41.9,27.7,25.1,64.7,10.8,5.7,13.9,6.9,3.02,79.4,1.48,High
STU01067,Business Administration,1,3.67,3.83,3.84,100.0,100.0,78.8,0.76,68.8,88.0,80.9,62.3,55.9,74.8,11.4,6.8,8.4,3.26,84.6,3.59,Low
STU01068,Business Administration,2,1.99,2.19,2.41,62.6,58.7,45.9,1.01,73.7,54.4,70.9,71.2,52.0,70.3,,13.2,4.9,3.26,84.6,1.81,Medium
STU01069,Mathematics,1,3.11,3.11,3.01,59.8,64.5,44.5,1.86,49.6,61.2,54.7,59.1,59.0,50.4,20.0,12.2,1.9,2.67,71.5,3.02,Low
STU01070,Mechanical Engineering,8,4.0,3.9,4.0,91.2,81.1,87.9,1.7,92.7,97.1,91.3,92.9,95.4,99.1,17.8,4.0,7.0,2.65,71.2,4.0,Low
STU01071,Economics,8,2.45,2.84,3.01,51.1,54.5,62.8,0.0,67.9,75.5,68.2,68.3,71.7,71.2,25.1,15.7,4.0,3.02,79.4,2.35,Medium
STU01072,Mathematics,7,1.95,1.53,1.63,61.0,56.5,59.0,2.04,36.0,34.7,47.4,48.0,46.9,43.6,10.9,10.7,8.4,2.67,71.5,2.34,Medium
STU01073,Electrical Engineering,1,2.59,2.85,2.93,62.0,68.8,77.8,1.18,75.0,72.2,74.1,95.3,80.5,84.6,18.4,6.4,0.0,3.07,80.5,2.43,Medium
STU01074,Mathematics,5,2.15,2.11,2.25,36.9,44.2,47.8,1.85,32.9,47.4,60.2,52.0,56.0,63.3,6.4,7.2,5.5,2.67,71.5,2.25,Medium
STU01075,Biology,8,3.68,3.38,3.13,75.6,70.4,86.7,0.0,59.1,79.4,83.6,67.9,60.5,72.7,17.5,8.7,3.0,3.08,80.7,3.95,Low
STU01076,Psychology,8,2.65,2.25,2.3,58.4,56.8,72.2,2.27,59.6,56.9,63.8,60.5,39.2,39.9,15.1,9.2,10.7,2.76,73.7,2.99,Low
STU01077,Mechanical Engineering,2,2.74,2.65,2.56,65.7,62.2,66.7,0.0,63.6,64.9,91.2,80.4,88.8,72.8,16.9,13.9,8.2,2.65,71.2,2.96,Low
STU01078,Economics,6,2.62,2.48,2.35,81.5,75.5,78.2,2.76,55.1,58.5,76.4,60.2,59.7,75.8,,17.3,4.0,3.02,79.4,2.72,Low
STU01079,Mechanical Engineering,3,2.26,1.94,1.66,67.1,59.8,53.7,2.29,53.0,50.0,58.5,53.1,50.2,55.2,10.0,6.2,3.9,2.65,71.2,2.33,Medium
STU01080,Mechanical Engineering,2,2.66,2.58,2.84,100.0,100.0,68.8,1.13,87.7,80.9,76.1,78.4,79.0,78.0,29.4,12.4,5.5,2.65,71.2,2.7,Low
STU01081,Business Administration,6,3.43,3.56,3.35,85.0,81.5,40.2,0.0,71.1,71.3,70.5,65.8,64.8,79.9,16.3,11.5,2.9,3.26,84.6,3.48,Low
STU01082,Psychology,3,2.26,2.36,2.35,68.7,68.2,44.5,2.76,53.7,70.0,59.7,49.5,51.1,50.2,25.3,12.9,,2.76,73.7,2.13,Medium
STU01083,Mechanical Engineering,2,2.57,2.64,3.11,73.1,65.2,63.3,2.99,65.7,72.3,73.7,71.2,72.0,64.6,18.9,18.0,4.5,2.65,71.2,2.42,Low
STU01084,Electrical Engineering,8,3.66,3.58,3.57,87.5,90.3,75.8,0.36,92.7,89.3,83.1,75.7,92.8,82.0,12.7,7.6,7.4,3.07,80.5,3.71,Low
STU01085,Electrical Engineering,7,4.0,4.0,4.0,100.0,94.3,60.2,2.94,70.6,80.9,73.8,60.9,89.7,73.9,15.5,20.2,1.4,3.07,80.5,3.93,Low
STU01086,Mathematics,1,2.4,2.17,2.01,30.9,30.0,21.4,2.5,43.8,41.2,48.4,48.7,46.4,35.3,8.0,11.4,7.4,2.67,71.5,2.47,Medium
STU01087,Psychology,3,3.59,3.28,2.88,59.8,61.2,79.9,0.41,54.0,74.2,58.5,48.0,55.1,47.0,10.7,7.4,0.0,2.76,73.7,3.83,Low
STU01088,Electrical Engineering,7,1.19,1.48,1.04,33.7,34.7,53.2,1.86,46.3,72.5,58.6,61.3,58.5,32.8,7.5,7.9,6.9,3.07,80.5,1.22,High
STU01089,Mechanical Engineering,2,1.84,1.54,1.45,55.9,53.8,48.0,3.57,41.5,43.7,42.4,44.2,42.8,34.9,12.5,5.8,1.7,2.65,71.2,1.97,Medium
STU01090,Mathematics,5,3.53,3.27,2.91,64.3,68.8,91.5,3.59,80.1,45.9,71.2,78.3,72.6,74.2,17.6,8.0,12.1,2.67,71.5,3.77,Low
STU01091,Psychology,8,0.88,1.04,1.13,23.6,30.0,62.8,5.04,22.3,45.0,31.5,31.8,8.0,30.3,10.9,12.0,,2.76,73.7,0.87,High
STU01092,Mechanical Engineering,2,2.2,2.01,2.0,25.8,30.0,42.2,3.32,34.4,38.3,49.8,60.9,41.0,35.4,10.2,4.7,2.7,2.65,71.2,2.24,High
STU01093,Biology,3,0.99,1.47,1.39,22.2,30.0,39.5,4.07,45.6,23.9,33.2,28.5,24.0,47.4,,9.4,2.5,3.08,80.7,0.63,High
STU01094,Economics,7,3.8,3.63,3.6,72.4,68.6,71.9,2.38,77.4,97.9,99.6,100.0,89.5,79.9,20.2,13.1,2.9,3.02,79.4,3.82,Low
STU01095,Electrical Engineering,8,2.95,3.07,3.01,58.6,62.3,81.9,1.48,71.5,59.8,75.8,57.0,56.1,65.8,22.1,16.5,6.8,3.07,80.5,3.02,Low
STU01096,Economics,5,3.6,3.51,3.83,81.0,86.9,83.4,2.23,93.1,77.4,100.0,92.4,84.5,98.0,32.5,9.7,2.6,3.02,79.4,3.58,Low
STU01097,Electrical Engineering,4,2.95,3.15,2.99,91.2,76.1,69.9,0.0,46.5,62.2,70.7,57.3,51.9,63.8,11.1,14.6,0.0,3.07,80.5,3.0,Low
STU01098,Biology,1,3.01,2.41,2.25,68.5,53.7,43.4,0.77,49.9,59.8,72.0,51.6,68.9,70.7,9.3,10.6,9.7,3.08,80.7,3.21,Low
STU01099,Biology,8,4.0,3.88,3.74,82.8,77.8,85.4,0.22,84.8,98.9,69.1,97.3,71.2,99.6,19.4,6.3,7.2,3.08,80.7,4.0,Low
STU01100,Biology,7,1.79,1.58,1.39,66.4,77.1,40.8,1.95,46.9,56.5,46.9,49.2,56.4,61.5,10.2,11.9,5.4,3.08,80.7,1.83,Medium
STU01101,Psychology,8,3.89,3.64,3.37,72.0,75.1,100.0,0.0,100.0,100.0,66.2,91.0,91.0,88.2,15.3,11.6,5.7,2.76,73.7,4.0,Low
STU01102,Psychology,2,2.63,2.41,2.48,78.2,76.6,73.5,0.0,51.1,89.9,42.6,75.6,73.3,45.2,20.2,13.1,10.7,2.76,73.7,2.66,Low
STU01103,Economics,8,1.45,1.57,1.55,35.5,49.5,38.0,4.06,56.8,43.2,25.5,45.2,44.9,54.0,9.7,8.3,3.1,3.02,79.4,1.33,High
STU01104,Electrical Engineering,7,2.94,2.89,2.6,39.0,43.1,69.1,2.76,50.7,52.7,49.3,49.3,45.2,53.8,18.0,7.7,4.6,3.07,80.5,2.9,Medium
STU01105,Psychology,8,2.09,2.14,2.44,36.9,39.8,42.5,4.52,20.0,64.0,40.0,48.7,80.7,84.4,11.1,12.5,3.3,2.76,73.7,1.92,Medium
STU01106,Psychology,2,1.53,1.34,1.09,40.5,30.0,19.1,1.67,43.4,44.7,20.3,13.0,9.9,52.5,9.1,4.7,4.6,2.76,73.7,1.76,High
STU01107,Psychology,1,3.28,3.19,2.91,83.2,79.9,76.7,2.55,72.2,74.3,70.3,75.4,70.5,74.9,14.9,11.1,6.8,2.76,73.7,3.66,Low
STU01108,Mathematics,4,3.09,2.95,2.82,80.8,90.2,61.2,1.51,60.0,100.0,100.0,81.4,75.4,68.9,22.2,22.0,10.4,2.67,71.5,3.3,Low
STU01109,Biology,3,2.49,2.31,2.26,74.6,76.4,51.3,4.31,69.9,49.1,58.2,66.7,67.2,66.9,16.6,9.1,4.5,3.08,80.7,2.58,Medium
STU01110,Business Administration,7,3.03,2.76,2.63,69.0,69.1,50.9,3.24,60.9,61.0,61.1,55.3,66.6,65.8,17.9,12.7,2.7,3.26,84.6,3.26,Low
STU01111,Computer Science,3,2.37,2.09,1.86,36.0,43.9,43.9,2.4,61.8,70.0,50.6,44.0,59.8,55.8,19.2,0.0,2.2,3.49,89.8,2.52,Medium
STU01112,Computer Science,5,3.81,3.56,3.02,87.3,85.0,93.3,3.76,70.2,80.6,75.9,93.5,81.8,80.0,12.7,16.4,3.5,3.49,89.8,3.99,Low
STU01113,Mechanical Engineering,7,1.93,2.27,2.08,47.7,50.2,33.6,3.12,49.5,40.3,69.6,54.7,52.8,59.5,13.7,2.7,3.5,2.65,71.2,1.71,High
STU01114,Business Administration,2,1.73,1.62,1.64,57.9,44.8,60.0,4.08,44.8,63.0,46.7,32.8,46.2,39.8,10.7,16.7,1.3,3.26,84.6,1.65,Medium
STU01115,Computer Science,8,1.78,1.7,1.51,78.3,67.3,35.0,4.33,35.3,54.8,48.4,42.3,10.3,38.4,6.0,10.6,4.4,3.49,89.8,2.18,Medium
STU01116,Biology,2,3.42,3.55,3.67,95.8,95.3,52.8,2.77,59.8,99.0,100.0,81.3,100.0,87.2,24.5,12.1,9.9,3.08,80.7,3.52,Low
STU01117,Economics,5,1.24,1.36,1.36,34.0,34.4,10.0,4.46,33.1,30.0,26.6,34.4,35.9,33.5,6.7,9.3,4.4,3.02,79.4,1.32,High
STU01118,Electrical Engineering,5,2.86,2.86,2.56,75.7,75.2,48.7,0.25,66.7,77.3,69.7,74.7,75.0,80.4,11.2,16.4,5.0,3.07,80.5,2.81,Low
STU01119,Electrical Engineering,8,4.0,4.0,3.82,68.5,69.9,99.5,2.48,98.3,66.4,90.8,81.5,98.5,61.1,21.6,15.5,0.0,3.07,80.5,3.83,Low
STU01120,Economics,7,2.51,2.26,2.14,54.5,51.7,52.1,2.7,47.5,54.0,49.3,55.1,54.2,51.4,12.7,11.9,7.4,3.02,79.4,2.75,Medium
STU01121,Biology,7,3.97,4.0,4.0,100.0,100.0,79.5,0.2,100.0,100.0,88.5,82.9,100.0,96.5,,19.5,4.8,3.08,80.7,4.0,Low
STU01122,Biology,5,2.17,1.96,1.88,45.7,51.9,66.3,3.06,50.8,42.7,60.6,41.4,44.3,44.9,16.6,6.2,0.0,3.08,80.7,2.2,Medium
STU01123,Mechanical Engineering,7,1.47,1.54,1.7,51.5,41.7,34.7,2.17,68.1,64.7,60.0,49.5,69.5,56.8,12.3,15.2,4.9,2.65,71.2,1.4,Medium
STU01124,Mechanical Engineering,6,1.03,0.8,0.83,34.8,41.6,62.6,3.25,70.2,42.9,67.4,56.2,58.3,60.7,13.8,10.1,8.8,2.65,71.2,1.0,High
STU01125,Computer Science,5,4.0,4.0,4.0,98.5,83.2,94.7,0.0,78.2,98.1,92.8,97.0,100.0,100.0,26.4,18.5,4.1,3.49,89.8,4.0,Low
STU01126,Electrical Engineering,5,3.05,3.11,3.03,79.3,83.9,85.0,0.0,75.8,71.8,38.0,48.8,73.4,56.2,12.1,17.6,11.6,3.07,80.5,2.92,Low
STU01127,Business Administration,4,2.23,2.33,2.31,52.0,57.7,56.0,2.6,69.6,68.7,49.3,74.8,69.5,71.5,13.8,12.2,,3.26,84.6,2.22,Medium
STU01128,Mechanical Engineering,8,4.0,4.0,3.9,88.2,77.4,79.8,2.24,85.1,92.9,92.2,95.6,87.2,88.3,22.1,14.9,,2.65,71.2,4.0,Low
STU01129,Electrical Engineering,6,2.36,2.25,2.29,74.0,75.4,54.6,0.0,53.9,52.7,57.0,52.4,49.0,76.6,12.0,2.4,3.9,3.07,80.5,2.27,Medium
STU01130,Electrical Engineering,7,3.54,3.46,3.29,43.0,48.3,61.7,1.17,47.7,86.3,77.9,78.4,77.0,63.0,11.0,15.2,5.6,3.07,80.5,3.71,Low
STU01131,Computer Science,2,3.81,3.52,3.1,99.8,98.2,96.8,,86.1,80.2,85.4,92.8,85.7,85.7,21.7,16.6,4.0,3.49,89.8,3.89,Low
STU01132,Mathematics,3,1.53,1.84,2.09,31.1,38.2,47.2,0.0,54.8,54.5,54.1,50.4,55.3,43.2,22.5,12.4,5.3,2.67,71.5,1.31,Medium
STU01133,Electrical Engineering,5,2.72,2.59,2.39,72.5,71.1,21.5,2.32,39.2,49.4,93.5,50.0,51.8,61.2,18.6,10.7,8.5,3.07,80.5,2.73,Low
STU01134,Economics,3,2.74,2.79,2.91,94.0,90.5,94.2,,57.0,91.6,90.7,87.6,93.7,91.6,,20.2,5.6,3.02,79.4,2.98,Low
STU01135,Mathematics,4,1.92,1.57,1.65,49.1,32.3,43.5,1.13,36.2,64.3,30.9,38.8,34.1,45.3,10.4,7.3,10.6,2.67,71.5,1.99,Medium
STU01136,Computer Science,4,2.63,2.61,2.68,99.0,95.9,69.0,1.81,82.7,69.1,68.6,70.2,51.7,67.7,25.8,12.0,1.9,3.49,89.8,2.54,Low
STU01137,Computer Science,4,3.5,3.68,3.85,92.1,88.6,97.2,1.26,100.0,83.7,100.0,100.0,93.3,89.2,26.8,16.1,2.9,3.49,89.8,3.49,Low
STU01138,Mechanical Engineering,8,1.35,1.41,1.37,28.9,34.4,48.1,6.0,44.9,20.2,32.0,32.7,56.9,32.5,16.5,5.1,3.5,2.65,71.2,1.53,High
STU01139,Computer Science,1,3.06,3.46,3.73,83.5,93.4,100.0,0.0,100.0,96.0,94.7,95.7,91.8,90.8,14.4,11.4,9.9,3.49,89.8,2.5,Low
STU01140,Psychology,6,1.18,1.28,1.54,35.5,50.0,73.9,2.26,52.2,60.6,65.5,53.0,53.6,57.5,21.4,8.2,,2.76,73.7,1.11,High
STU01141,Mechanical Engineering,2,3.57,3.37,3.54,100.0,100.0,100.0,0.59,80.1,91.7,87.6,76.1,82.5,77.7,20.6,11.4,5.2,2.65,71.2,3.56,Low
STU01142,Biology,4,3.38,3.28,3.78,100.0,100.0,91.4,1.24,97.0,94.0,87.7,100.0,93.8,98.8,21.8,20.3,5.3,3.08,80.7,2.94,Low
STU01143,Biology,1,1.95,2.02,1.85,87.2,73.8,50.4,3.82,50.2,46.8,49.8,63.2,48.2,49.9,17.2,4.2,2.5,3.08,80.7,1.98,Medium
STU01144,Economics,2,1.76,1.91,2.23,59.3,66.2,46.6,1.75,52.0,70.7,64.8,57.1,43.7,70.8,10.1,10.7,4.8,3.02,79.4,1.57,High
STU01145,Electrical Engineering,2,0.99,0.96,0.81,40.4,38.7,20.1,0.38,20.4,45.2,40.1,34.8,45.5,28.4,6.3,0.0,7.3,3.07,80.5,1.05,High
STU01146,Economics,2,3.76,3.51,3.48,84.8,78.2,96.7,0.0,79.8,70.7,84.9,94.3,100.0,60.9,19.7,16.4,5.9,3.02,79.4,3.92,Low
STU01147,Electrical Engineering,8,3.28,3.24,2.95,74.4,73.7,64.6,1.76,80.2,82.8,68.5,77.9,83.4,66.2,18.3,8.8,3.1,3.07,80.5,3.55,Low
STU01148,Economics,2,1.27,1.56,1.93,80.0,71.4,68.7,3.66,52.6,33.8,98.3,48.6,86.1,53.3,18.7,16.4,9.2,3.02,79.4,0.97,Medium
STU01149,Biology,3,2.05,1.88,2.11,44.5,36.1,58.9,1.1,76.6,72.6,43.4,49.0,37.2,30.9,17.3,12.1,7.3,3.08,80.7,2.12,Medium
STU01150,Biology,5,3.5,3.43,3.61,85.8,85.0,90.7,0.0,72.7,96.2,86.6,64.9,71.3,74.1,16.3,15.3,2.1,3.08,80.7,3.59,Low
STU01151,Electrical Engineering,1,3.01,2.84,2.71,57.0,57.9,70.6,2.18,48.5,76.0,55.7,84.7,59.2,75.3,3.1,6.7,4.1,3.07,80.5,3.17,Low
STU01152,Business Administration,5,2.59,2.68,3.15,65.4,69.9,78.8,0.74,79.0,72.4,66.8,88.7,72.8,62.4,21.4,14.8,2.5,3.26,84.6,2.38,Low
STU01153,Mechanical Engineering,7,3.27,3.06,2.53,36.5,39.4,31.7,0.39,66.7,58.3,56.2,76.4,24.2,53.0,8.7,2.5,1.4,2.65,71.2,3.4,Low
STU01154,Computer Science,2,3.03,3.02,3.12,66.8,73.6,77.9,,90.1,94.3,90.5,84.2,73.6,74.0,18.2,9.2,4.9,3.49,89.8,3.12,Low
STU01155,Biology,8,2.65,2.17,1.76,66.1,48.9,50.7,2.46,55.6,63.6,54.3,67.9,68.3,61.0,,18.0,4.4,3.08,80.7,2.99,Medium
STU01156,Business Administration,5,3.23,3.24,2.86,68.5,71.7,64.2,2.04,80.7,67.0,65.4,76.9,55.8,71.7,9.1,10.0,3.1,3.26,84.6,3.3,Low
STU01157,Biology,2,1.7,1.6,1.73,65.5,66.9,57.1,1.76,53.6,52.1,91.1,45.3,56.4,57.2,14.4,3.6,6.5,3.08,80.7,1.87,Medium
STU01158,Electrical Engineering,7,1.27,1.52,1.58,39.3,30.0,33.0,4.68,38.6,33.7,33.2,26.1,41.1,40.6,14.6,8.7,11.1,3.07,80.5,1.3,High
STU01159,Mechanical Engineering,5,1.64,1.43,1.17,46.2,39.4,56.6,4.35,63.0,37.0,53.2,28.2,76.2,18.9,11.2,5.8,7.0,2.65,71.2,1.86,High
STU01160,Electrical Engineering,7,3.28,3.36,3.37,83.3,89.0,100.0,0.0,97.3,93.9,94.7,100.0,100.0,100.0,24.9,17.2,6.7,3.07,80.5,3.22,Low
STU01161,Psychology,4,2.93,2.96,2.96,75.4,66.4,94.6,3.08,69.4,83.3,61.0,75.0,66.9,100.0,25.7,17.7,0.5,2.76,73.7,2.94,Low
STU01162,Psychology,4,3.78,3.52,3.57,96.5,80.4,85.2,2.45,100.0,100.0,74.2,72.4,100.0,100.0,14.4,12.9,10.1,2.76,73.7,3.93,Low
STU01163,Electrical Engineering,5,1.64,1.61,1.72,76.1,77.3,41.3,2.12,62.8,51.5,55.7,47.0,58.1,57.3,19.2,13.9,6.7,3.07,80.5,1.61,Medium
STU01164,Mathematics,3,3.5,3.6,3.5,65.2,67.5,57.9,0.0,69.8,68.2,50.1,83.1,67.9,63.1,11.7,11.7,0.3,2.67,71.5,3.21,Low
STU01165,Mechanical Engineering,2,2.69,2.92,3.08,37.5,55.5,50.7,1.19,61.9,63.4,96.2,78.9,96.3,81.1,16.5,8.3,5.6,2.65,71.2,2.57,Medium
STU01166,Biology,2,2.13,2.07,1.63,51.6,44.3,69.6,1.16,89.9,54.5,51.1,49.5,61.0,57.8,11.1,6.6,4.7,3.08,80.7,2.14,Medium
STU01167,Biology,5,2.75,2.65,2.54,60.0,55.3,95.2,0.0,86.9,68.3,62.1,71.4,67.6,65.4,8.6,10.4,1.7,3.08,80.7,2.93,Low
STU01168,Business Administration,3,3.57,3.53,3.22,100.0,98.3,99.0,0.11,76.0,69.9,72.5,78.0,84.4,75.1,16.7,20.9,4.1,3.26,84.6,3.67,Low
STU01169,Business Administration,7,1.95,1.98,1.89,64.8,73.3,90.7,3.59,64.6,65.2,66.2,63.6,65.1,58.8,16.4,9.5,1.3,3.26,84.6,2.0,Medium
STU01170,Biology,7,3.36,3.28,3.2,79.8,67.9,100.0,3.21,76.5,73.2,89.3,87.1,77.9,68.3,10.0,15.9,5.6,3.08,80.7,3.27,Low
STU01171,Electrical Engineering,6,3.77,3.53,3.36,97.6,96.3,65.4,1.26,97.6,70.8,62.4,94.2,75.8,77.2,16.3,12.4,9.2,3.07,80.5,4.0,Low
STU01172,Electrical Engineering,1,3.48,3.43,3.57,98.6,100.0,81.5,0.0,69.6,85.6,36.6,96.1,100.0,83.7,26.1,8.0,0.8,3.07,80.5,3.51,Low
STU01173,Mathematics,5,3.15,3.3,3.48,65.4,63.7,77.4,3.07,74.7,77.7,65.2,63.1,73.2,70.0,31.8,14.6,5.2,2.67,71.5,2.9,Low
STU01174,Economics,4,2.62,2.88,3.04,71.4,73.5,95.6,1.44,93.2,77.0,64.8,80.7,75.9,76.5,13.4,14.9,,3.02,79.4,2.44,Low
STU01175,Business Administration,7,3.23,3.5,3.64,66.2,75.2,81.3,3.27,92.1,63.8,83.4,69.1,60.3,66.4,16.5,19.1,3.3,3.26,84.6,3.13,Low
STU01176,Economics,5,3.03,3.03,3.01,39.5,51.3,68.5,1.09,67.8,82.5,56.6,62.0,35.4,43.3,18.3,15.9,7.1,3.02,79.4,3.03,Medium
STU01177,Electrical Engineering,4,2.61,2.35,2.19,70.2,66.4,75.9,3.85,41.0,84.0,62.6,63.5,64.6,68.5,16.0,11.2,8.9,3.07,80.5,2.63,Medium
STU01178,Computer Science,8,3.7,3.49,3.45,76.8,75.3,41.2,1.35,81.9,76.1,69.3,94.6,70.6,84.8,14.8,14.3,2.3,3.49,89.8,3.84,Low
STU01179,Biology,7,4.0,3.86,4.0,98.8,99.3,100.0,0.6,95.2,95.1,72.7,100.0,63.8,96.2,30.4,18.7,7.0,3.08,80.7,4.0,Low
STU01180,Mechanical Engineering,5,3.85,4.0,4.0,61.3,63.7,96.2,5.53,94.2,86.3,99.7,86.3,99.0,86.2,24.8,16.5,4.6,2.65,71.2,3.85,Low
STU01181,Mathematics,7,2.7,2.5,2.44,89.0,85.7,61.8,0.97,82.0,66.8,78.2,71.8,98.6,88.5,25.0,13.6,7.5,2.67,71.5,2.95,Low
STU01182,Electrical Engineering,7,3.04,3.29,3.22,66.6,59.4,55.9,3.78,54.5,57.9,59.4,68.6,58.2,50.4,,11.3,6.5,3.07,80.5,3.04,Low
STU01183,Psychology,3,2.64,2.42,2.42,100.0,98.6,80.2,1.68,96.4,88.0,83.6,70.1,80.9,64.3,19.4,14.8,0.0,2.76,73.7,2.56,Low
STU01184,Psychology,3,3.57,3.51,3.18,86.5,91.6,68.8,0.0,64.0,90.6,62.8,84.0,74.3,77.2,14.8,14.5,5.4,2.76,73.7,3.57,Low
STU01185,Mechanical Engineering,4,1.93,1.96,1.91,53.0,52.3,65.5,3.02,65.1,64.6,66.8,66.6,60.5,64.9,8.5,14.3,7.3,2.65,71.2,1.92,Medium
STU01186,Economics,7,2.32,1.98,1.54,26.9,30.0,10.0,1.83,68.4,39.6,26.2,33.8,0.0,21.7,12.6,7.2,0.1,3.02,79.4,2.45,Medium
STU01187,Mechanical Engineering,1,3.99,3.69,3.31,78.1,80.8,94.6,0.0,100.0,69.7,79.0,100.0,79.6,87.2,12.0,19.8,0.0,2.65,71.2,4.0,Low
STU01188,Electrical Engineering,3,3.45,3.8,4.0,79.0,92.2,87.1,0.0,96.2,100.0,100.0,96.4,95.9,93.8,27.3,16.8,6.1,3.07,80.5,3.25,Low
STU01189,Electrical Engineering,8,1.69,1.45,1.41,32.0,32.7,60.8,3.52,46.0,58.4,65.4,55.7,48.0,53.0,12.5,1.7,3.0,3.07,80.5,1.7,High
STU01190,Mathematics,7,3.85,3.96,4.0,91.5,100.0,84.5,0.0,100.0,84.7,100.0,91.9,94.1,93.7,24.2,15.7,5.3,2.67,71.5,3.85,Low
STU01191,Economics,8,3.33,3.06,3.05,41.5,45.7,91.8,1.94,61.5,92.0,58.5,80.7,80.9,61.7,18.9,9.6,6.6,3.02,79.4,3.38,Low
STU01192,Biology,7,3.42,3.0,2.8,54.1,56.2,47.2,0.8,62.6,45.4,39.6,73.8,88.8,56.9,17.7,13.1,9.7,3.08,80.7,3.59,Low
STU01193,Electrical Engineering,3,2.05,2.24,2.41,68.9,73.0,76.0,0.49,67.6,67.8,63.6,68.5,60.3,52.5,19.5,12.4,3.2,3.07,80.5,1.7,Medium
STU01194,Computer Science,8,3.82,3.44,3.3,81.0,75.0,57.2,0.0,73.9,44.4,67.0,64.8,65.9,55.0,13.1,16.4,6.3,3.49,89.8,3.75,Low
STU01195,Computer Science,3,1.86,2.15,2.3,77.4,78.5,85.1,2.17,74.8,84.8,73.8,65.3,62.1,76.4,12.7,15.6,2.7,3.49,89.8,1.6,Medium
STU01196,Business Administration,5,2.93,3.01,3.08,54.1,67.0,100.0,0.85,77.9,86.8,76.2,77.1,67.8,96.5,30.9,10.7,8.7,3.26,84.6,3.08,Low
STU01197,Mathematics,6,2.59,2.49,2.79,62.8,71.1,78.0,1.04,68.7,68.1,42.1,55.3,87.1,57.8,,9.2,4.2,2.67,71.5,2.54,Medium
STU01198,Psychology,2,2.12,2.25,2.55,72.1,84.3,75.6,1.69,72.1,80.6,59.6,48.4,73.9,75.9,16.5,12.9,7.6,2.76,73.7,1.96,Medium
STU01199,Business Administration,2,1.05,1.2,1.3,34.8,30.0,44.1,4.9,37.6,30.9,43.5,42.5,27.0,32.5,11.9,6.6,0.8,3.26,84.6,0.81,High
STU01200,Psychology,2,3.49,3.75,3.69,61.1,59.8,63.4,0.0,78.0,75.5,73.4,77.5,75.8,72.2,8.5,19.1,2.9,2.76,73.7,3.19,Low
STU01201,Electrical Engineering,5,2.92,3.0,3.11,99.0,100.0,86.9,0.27,100.0,100.0,85.7,91.7,100.0,96.2,17.8,18.9,7.0,3.07,80.5,2.87,Low
STU01202,Economics,4,1.89,1.77,1.75,57.5,55.7,73.3,3.51,50.8,52.6,38.6,76.4,55.5,55.1,6.2,4.3,4.7,3.02,79.4,2.02,Medium
STU01203,Economics,7,3.03,3.25,3.62,86.1,97.8,100.0,0.97,84.0,100.0,100.0,90.5,94.0,99.9,23.3,16.9,3.4,3.02,79.4,2.69,Low
STU01204,Electrical Engineering,8,3.98,3.9,4.0,82.9,89.0,100.0,0.08,91.3,91.7,92.9,98.6,97.5,98.8,,26.8,5.4,3.07,80.5,3.99,Low
STU01205,Biology,5,3.42,3.33,3.1,61.0,59.4,52.9,0.0,73.1,83.7,85.1,87.5,47.6,77.6,9.7,8.7,7.5,3.08,80.7,3.61,Low
STU01206,Computer Science,8,2.44,2.28,2.29,60.1,55.8,74.5,4.96,53.9,53.5,23.7,50.1,49.9,39.2,11.1,0.0,1.7,3.49,89.8,2.7,Medium
STU01207,Psychology,5,2.24,2.14,2.06,70.1,73.8,52.8,1.09,69.3,43.8,36.3,51.1,53.0,54.7,21.3,14.0,6.6,2.76,73.7,2.24,Medium
STU01208,Business Administration,2,1.27,1.54,1.97,36.9,47.3,45.9,,53.0,28.6,51.8,56.4,37.6,38.7,4.4,9.7,4.0,3.26,84.6,1.02,High
STU01209,Electrical Engineering,7,1.66,1.87,1.76,57.6,47.4,39.8,3.41,43.9,58.1,43.6,53.5,52.6,47.3,,3.1,4.8,3.07,80.5,1.74,Medium
STU01210,Computer Science,8,2.87,2.89,3.05,74.9,73.2,48.9,1.46,58.8,57.8,71.7,71.3,74.4,77.9,22.5,6.3,4.8,3.49,89.8,2.83,Medium
STU01211,Business Administration,6,2.24,2.11,1.78,34.7,32.9,21.2,0.9,48.4,45.1,41.0,45.7,55.0,51.8,17.8,8.4,9.8,3.26,84.6,2.32,Medium
STU01212,Electrical Engineering,4,1.56,1.86,2.17,100.0,99.5,60.8,3.19,76.6,69.0,49.9,27.4,71.1,55.4,15.8,8.8,2.4,3.07,80.5,1.3,Medium
STU01213,Business Administration,7,2.52,2.39,2.61,56.5,67.1,61.6,1.95,39.0,71.6,65.6,60.3,47.7,54.7,18.0,5.8,4.5,3.26,84.6,2.32,Medium
STU01214,Computer Science,8,2.61,2.71,2.64,64.6,64.6,100.0,0.0,63.5,70.0,74.9,69.0,69.5,70.4,19.6,15.2,0.8,3.49,89.8,2.75,Low
STU01215,Mathematics,4,1.98,1.88,1.76,73.8,72.5,79.4,2.31,72.3,47.8,55.4,79.1,38.9,71.1,15.8,15.4,6.2,2.67,71.5,1.97,Medium
STU01216,Economics,7,2.18,2.15,2.29,64.9,59.7,42.7,0.0,52.6,60.2,54.6,55.2,41.3,55.3,17.3,3.0,3.4,3.02,79.4,2.1,Medium
STU01217,Psychology,6,2.47,2.62,2.82,65.7,77.0,100.0,1.81,86.6,84.2,79.7,88.4,86.1,92.0,14.0,18.0,6.6,2.76,73.7,2.53,Low
STU01218,Electrical Engineering,5,2.0,2.19,2.51,58.5,63.2,100.0,2.43,69.1,75.8,76.8,67.7,72.3,81.1,17.1,13.5,0.4,3.07,80.5,1.61,Medium
STU01219,Mechanical Engineering,6,3.45,3.48,3.61,79.1,86.3,77.7,2.88,73.5,77.2,75.9,100.0,76.1,77.9,27.6,16.7,8.0,2.65,71.2,3.34,Low
STU01220,Economics,7,1.83,1.62,1.61,36.6,30.0,22.1,2.57,41.3,43.1,39.4,50.8,51.1,40.8,11.2,9.1,0.0,3.02,79.4,2.05,Medium
STU01221,Mechanical Engineering,3,2.37,2.69,2.83,90.1,92.7,85.4,0.0,78.8,94.4,83.4,80.6,96.0,82.7,15.7,17.7,,2.65,71.2,2.19,Low
STU01222,Mechanical Engineering,8,1.47,1.53,1.63,34.4,34.1,61.2,4.1,32.5,56.4,55.2,60.8,33.4,49.0,7.1,4.9,6.1,2.65,71.2,1.4,High
STU01223,Economics,4,1.71,2.27,2.31,43.4,60.3,50.2,5.26,58.7,65.6,53.7,48.1,47.7,57.9,8.5,12.3,5.9,3.02,79.4,1.35,High
STU01224,Business Administration,8,2.85,2.83,2.71,43.7,51.6,51.5,3.1,60.8,51.8,65.6,58.8,52.3,55.3,14.2,5.0,3.1,3.26,84.6,2.73,Medium
STU01225,Computer Science,4,0.35,0.5,0.68,34.8,30.0,35.4,3.96,36.7,6.8,0.0,22.7,54.5,0.0,0.9,8.4,3.1,3.49,89.8,0.15,High
STU01226,Psychology,2,3.54,3.41,3.11,62.2,68.6,80.6,0.0,82.0,77.6,68.6,50.7,74.5,55.1,21.9,9.3,0.5,2.76,73.7,3.68,Low
STU01227,Mechanical Engineering,1,3.85,3.86,3.54,78.6,80.6,86.7,1.49,52.3,84.3,57.1,83.1,76.8,71.8,17.1,11.9,2.5,2.65,71.2,4.0,Low
STU01228,Mathematics,4,3.4,3.3,3.19,98.5,93.8,100.0,,93.4,93.4,91.9,94.8,100.0,86.3,30.9,16.9,4.1,2.67,71.5,3.56,Low
STU01229,Biology,8,2.3,2.56,2.73,58.9,67.4,45.8,2.59,57.3,75.0,59.9,61.9,63.0,60.3,12.7,8.4,9.2,3.08,80.7,2.32,Medium
STU01230,Mathematics,2,3.36,3.58,3.41,88.9,87.5,100.0,2.54,87.5,100.0,67.8,78.1,100.0,79.6,19.8,15.4,1.2,2.67,71.5,3.46,Low
STU01231,Psychology,5,4.0,3.98,3.96,79.4,76.7,88.6,1.0,90.0,100.0,84.8,99.5,92.4,100.0,28.1,17.1,5.3,2.76,73.7,3.96,Low
STU01232,Biology,7,2.47,2.28,2.6,50.4,47.6,67.5,0.58,48.3,59.6,60.6,47.2,59.6,56.7,9.6,7.2,0.0,3.08,80.7,2.56,Medium
STU01233,Economics,4,3.2,3.13,2.92,76.3,73.2,95.5,0.0,80.6,93.1,56.9,62.3,85.6,89.2,20.2,6.3,1.8,3.02,79.4,3.57,Low
STU01234,Mechanical Engineering,2,4.0,3.62,3.61,79.2,87.3,100.0,2.61,80.0,100.0,72.6,82.2,69.6,80.5,26.0,15.0,3.9,2.65,71.2,4.0,Low
STU01235,Economics,8,2.95,3.06,3.13,66.2,75.7,90.7,0.15,80.0,64.7,60.7,65.7,68.3,72.1,23.8,11.0,10.0,3.02,79.4,2.85,Low
STU01236,Biology,7,4.0,3.91,3.57,69.4,71.8,86.7,0.0,80.4,75.9,61.6,88.0,83.1,91.1,17.1,18.4,5.1,3.08,80.7,4.0,Low
STU01237,Mathematics,2,2.05,2.01,1.64,28.0,30.0,56.5,3.0,56.3,46.1,61.0,49.3,47.0,34.9,7.3,0.0,8.7,2.67,71.5,2.13,Medium
STU01238,Computer Science,5,0.45,0.83,0.88,24.7,30.0,24.0,5.51,37.7,15.1,0.0,32.1,30.7,35.3,12.7,8.3,1.7,3.49,89.8,0.43,High
STU01239,Mechanical Engineering,6,2.39,2.65,2.53,57.8,56.7,91.3,0.37,73.7,80.5,84.6,61.1,51.4,70.2,14.2,14.1,6.6,2.65,71.2,2.43,Low
STU01240,Electrical Engineering,1,3.93,3.69,3.38,80.6,69.5,63.5,4.28,91.8,74.6,73.8,70.3,84.4,82.0,12.6,14.2,7.1,3.07,80.5,4.0,Low
STU01241,Mathematics,7,4.0,3.63,3.46,74.0,76.1,73.1,0.48,85.2,99.3,96.1,79.9,79.0,64.6,18.3,8.1,11.2,2.67,71.5,4.0,Low
STU01242,Business Administration,4,3.73,3.49,3.38,93.7,100.0,100.0,0.0,98.7,87.0,93.2,70.1,88.7,84.7,21.1,7.5,5.6,3.26,84.6,3.83,Low
STU01243,Mathematics,2,2.49,2.65,2.93,54.4,59.4,41.0,5.02,72.2,89.5,62.2,61.6,69.3,57.1,3.3,15.9,3.2,2.67,71.5,2.27,Medium
STU01244,Psychology,8,3.12,3.05,2.78,58.2,51.9,79.9,3.05,64.5,70.4,59.3,66.2,63.6,62.4,21.0,22.1,8.3,2.76,73.7,3.37,Low
STU01245,Computer Science,2,4.0,4.0,4.0,95.9,97.3,95.5,0.42,94.3,85.2,83.2,76.1,100.0,90.5,4.5,17.6,6.1,3.49,89.8,3.9,Low
STU01246,Economics,6,1.58,1.85,1.91,42.9,41.8,84.1,,55.2,56.5,44.1,52.2,40.2,49.8,9.7,8.1,2.6,3.02,79.4,1.43,High
STU01247,Economics,4,2.97,2.76,2.43,56.1,54.4,77.4,3.96,81.8,79.1,66.6,59.2,63.1,65.9,25.6,6.9,3.3,3.02,79.4,3.26,Low
STU01248,Electrical Engineering,8,4.0,4.0,3.96,100.0,100.0,92.5,0.95,100.0,94.3,88.9,100.0,92.2,97.2,18.9,23.0,4.8,3.07,80.5,4.0,Low
STU01249,Electrical Engineering,1,2.2,2.37,2.09,67.0,64.6,44.5,4.48,33.6,46.3,54.5,34.8,0.0,49.0,21.8,6.6,0.6,3.07,80.5,2.44,Medium
STU01250,Mechanical Engineering,4,3.64,3.35,3.26,64.0,71.5,79.6,2.1,76.6,68.8,62.4,72.2,65.7,78.9,12.1,19.1,5.0,2.65,71.2,3.51,Low
STU01251,Biology,4,2.25,2.49,2.93,65.6,71.4,73.4,3.49,82.0,82.9,59.4,69.7,66.7,74.6,14.7,12.2,5.2,3.08,80.7,2.13,Medium
STU01252,Business Administration,8,2.83,2.7,2.72,44.5,45.9,60.0,2.26,83.8,57.3,77.3,67.0,59.2,78.3,19.6,12.9,10.2,3.26,84.6,2.99,Medium
STU01253,Economics,1,3.3,3.51,3.52,82.1,84.8,64.2,0.22,72.1,94.2,89.9,84.7,69.7,90.8,11.0,5.2,4.3,3.02,79.4,3.35,Low
STU01254,Electrical Engineering,8,3.41,3.03,2.91,57.5,54.9,61.4,0.0,68.8,55.9,65.2,59.0,54.4,66.3,15.1,11.2,5.8,3.07,80.5,3.78,Low
STU01255,Psychology,2,1.65,2.14,2.45,32.6,48.4,58.9,4.76,54.7,57.5,67.6,52.0,64.7,68.8,19.3,12.8,3.6,2.76,73.7,1.14,High
STU01256,Mathematics,5,2.53,2.63,2.62,94.6,85.0,55.6,2.7,62.5,65.0,62.4,65.6,64.7,73.1,18.3,18.2,8.4,2.67,71.5,2.45,Low
STU01257,Psychology,2,1.98,2.13,2.22,54.8,67.0,54.1,2.13,55.1,64.0,68.0,69.4,60.4,65.7,22.6,13.0,8.9,2.76,73.7,1.96,Medium
STU01258,Mathematics,2,1.53,1.84,1.87,87.5,77.5,37.5,0.01,59.8,53.6,52.3,59.5,53.5,46.8,10.6,3.8,4.3,2.67,71.5,1.35,High
STU01259,Electrical Engineering,3,1.84,1.93,2.25,57.3,56.0,46.0,1.69,49.7,53.6,50.0,78.1,59.2,72.7,21.4,7.6,5.1,3.07,80.5,1.69,Medium
STU01260,Economics,7,1.69,1.97,2.03,64.9,57.8,21.3,1.27,40.6,42.4,54.0,60.4,22.6,56.3,10.2,13.6,0.0,3.02,79.4,1.48,High
STU01261,Mechanical Engineering,6,2.68,2.39,2.22,76.3,72.9,81.9,0.82,74.2,70.7,78.4,85.2,36.7,29.9,24.5,6.3,1.7,2.65,71.2,2.62,Low
STU01262,Economics,6,2.23,2.15,2.44,62.3,77.4,55.2,0.36,67.4,67.2,55.0,46.2,56.7,45.7,9.4,8.4,5.4,3.02,79.4,2.25,Medium
STU01263,Biology,6,1.75,1.95,1.95,34.1,30.0,49.4,4.33,36.1,34.5,56.6,44.0,55.8,5.8,11.6,1.8,4.9,3.08,80.7,1.91,High
STU01264,Economics,4,1.55,1.62,1.53,46.1,49.6,57.6,2.74,44.6,52.4,43.0,41.5,48.3,44.8,12.8,10.5,0.0,3.02,79.4,1.42,High
STU01265,Biology,8,3.95,3.93,3.87,100.0,99.8,99.7,1.47,100.0,100.0,79.8,95.1,100.0,98.7,26.0,19.9,0.9,3.08,80.7,3.91,Low
STU01266,Mathematics,3,2.2,2.13,1.93,39.1,32.7,50.3,3.96,46.3,67.1,47.7,54.5,53.9,27.6,7.8,9.5,4.5,2.67,71.5,2.33,Medium
STU01267,Computer Science,2,3.3,3.05,2.8,85.7,86.7,78.2,0.59,81.1,73.6,72.8,67.7,63.8,71.4,22.7,11.5,6.2,3.49,89.8,3.62,Low
STU01268,Biology,3,2.49,2.61,2.66,80.8,75.7,75.5,3.6,61.0,76.5,66.9,71.1,64.0,64.4,9.6,16.0,8.6,3.08,80.7,2.66,Low
STU01269,Biology,4,4.0,4.0,3.77,89.0,90.2,100.0,0.0,100.0,77.0,100.0,100.0,93.5,100.0,22.0,19.2,3.9,3.08,80.7,4.0,Low
STU01270,Computer Science,2,2.88,2.91,2.36,59.3,50.5,67.6,0.0,56.1,31.5,71.1,60.1,57.6,49.4,18.2,12.0,4.3,3.49,89.8,3.16,Low
STU01271,Mathematics,3,3.01,3.12,2.95,76.4,70.2,40.2,2.31,85.1,50.5,98.0,96.4,63.5,82.7,14.0,15.8,4.5,2.67,71.5,2.61,Low
STU01272,Business Administration,2,2.73,2.57,2.42,20.0,30.6,65.6,2.9,66.8,40.3,58.3,54.4,72.7,69.1,13.9,6.8,8.1,3.26,84.6,2.63,Medium
STU01273,Psychology,3,2.66,2.78,2.9,54.0,55.4,71.7,5.52,60.3,67.6,65.6,68.9,79.8,62.1,14.0,5.3,4.4,2.76,73.7,2.53,Medium
STU01274,Mechanical Engineering,3,2.9,2.99,3.02,85.0,74.4,68.8,0.6,82.3,64.2,65.8,69.7,72.2,79.2,18.9,17.5,4.1,2.65,71.2,2.9,Low
STU01275,Electrical Engineering,7,1.93,1.75,1.59,35.8,30.0,10.0,,32.9,40.7,36.8,30.2,30.7,44.5,15.5,10.7,5.0,3.07,80.5,1.9,High
STU01276,Business Administration,5,2.92,3.32,3.43,91.2,87.7,73.7,3.84,64.9,86.3,88.7,66.6,73.1,83.1,19.5,15.0,3.9,3.26,84.6,3.08,Low
STU01277,Economics,3,3.68,3.65,3.58,72.3,78.4,65.8,1.18,90.9,91.6,90.9,83.0,87.7,86.4,15.5,11.2,6.2,3.02,79.4,3.78,Low
STU01278,Mechanical Engineering,4,3.77,3.75,3.42,100.0,100.0,100.0,2.37,69.4,85.2,76.9,72.3,80.6,75.4,17.7,8.8,5.7,2.65,71.2,4.0,Low
STU01279,Mathematics,7,2.7,2.59,2.63,80.2,74.4,64.4,1.2,74.1,93.7,91.0,95.3,80.7,92.6,16.3,13.1,,2.67,71.5,2.56,Low
STU01280,Mechanical Engineering,8,2.65,2.02,1.91,62.9,66.5,82.1,1.76,59.6,62.7,56.0,73.9,64.7,54.7,,8.4,7.1,2.65,71.2,2.85,Medium
STU01281,Computer Science,1,1.33,1.57,1.7,45.9,43.9,65.8,3.83,53.1,42.3,43.7,54.9,43.2,48.3,22.9,13.2,5.3,3.49,89.8,1.21,High
STU01282,Mechanical Engineering,7,1.88,2.44,2.51,79.8,85.3,83.2,1.45,85.7,80.2,83.2,90.5,78.8,80.9,18.1,27.1,6.8,2.65,71.2,1.78,Medium
STU01283,Economics,2,2.57,2.49,2.5,71.9,66.3,75.5,0.0,54.9,67.2,58.7,53.6,64.1,54.8,11.9,12.1,,3.02,79.4,2.66,Medium
STU01284,Economics,6,3.48,3.92,3.98,96.0,100.0,96.9,2.07,100.0,100.0,83.4,99.2,97.2,98.7,21.0,11.5,9.6,3.02,79.4,3.32,Low
STU01285,Mathematics,8,1.76,1.91,2.02,68.5,64.3,67.2,3.81,76.0,61.7,70.6,72.7,64.6,62.9,19.1,13.4,7.1,2.67,71.5,1.7,High
STU01286,Economics,6,2.56,2.32,2.25,87.7,83.7,41.7,3.7,3.3,1.5,71.9,50.9,44.8,36.1,13.7,10.3,,3.02,79.4,2.81,Medium
STU01287,Economics,2,3.54,3.82,3.87,94.3,100.0,100.0,0.69,83.7,77.9,88.6,97.7,71.7,87.0,24.1,8.0,4.4,3.02,79.4,3.32,Low
STU01288,Electrical Engineering,2,2.74,2.62,2.29,53.6,49.4,60.2,2.8,80.3,66.4,98.6,71.7,52.5,56.5,9.3,20.1,9.8,3.07,80.5,3.14,Medium
STU01289,Business Administration,4,3.86,3.58,3.25,100.0,92.6,56.0,2.02,64.5,45.9,68.0,44.9,86.6,77.4,7.3,12.1,,3.26,84.6,3.92,Low
STU01290,Business Administration,2,0.9,1.09,1.14,41.4,36.7,12.1,3.93,44.0,32.2,33.1,29.9,27.9,21.6,10.0,8.3,6.2,3.26,84.6,0.94,High
STU01291,Psychology,6,2.67,2.94,2.98,47.2,59.4,57.9,3.34,69.1,79.1,68.9,84.3,70.9,81.3,21.6,14.0,9.7,2.76,73.7,2.66,Medium
STU01292,Psychology,6,3.56,3.91,3.65,92.5,95.5,83.1,0.0,71.3,100.0,95.1,83.2,100.0,92.9,21.6,17.3,2.6,2.76,73.7,3.53,Low
STU01293,Psychology,2,3.28,3.23,3.5,89.3,84.7,84.3,2.47,81.4,27.8,67.5,56.4,90.2,81.8,13.7,15.3,0.7,2.76,73.7,3.12,Low
STU01294,Biology,3,3.74,3.59,3.52,77.6,74.0,71.8,0.0,64.6,72.1,98.0,77.2,78.7,91.0,15.4,13.1,7.5,3.08,80.7,3.53,Low
STU01295,Electrical Engineering,2,2.1,2.07,2.05,60.4,62.4,79.0,4.09,53.7,43.1,58.3,52.6,39.0,44.1,10.4,11.0,7.4,3.07,80.5,2.19,Medium
STU01296,Biology,7,2.65,2.91,2.66,57.1,59.7,66.1,0.51,68.7,66.3,55.5,74.2,59.0,55.6,15.3,13.1,1.4,3.08,80.7,2.66,Low
STU01297,Business Administration,6,1.44,1.44,1.45,38.3,30.0,62.7,1.78,31.1,54.0,56.5,14.2,22.0,44.6,14.5,5.9,2.8,3.26,84.6,1.62,High
STU01298,Mathematics,6,2.47,2.71,2.94,56.4,66.3,60.7,2.64,62.2,59.6,60.4,65.5,62.3,67.6,13.2,18.2,7.1,2.67,71.5,2.26,Medium
STU01299,Biology,8,1.62,1.84,2.12,78.9,77.1,10.0,2.66,89.2,61.9,61.1,44.2,51.6,43.8,20.3,3.2,9.1,3.08,80.7,1.46,Medium
STU01300,Mathematics,1,1.95,1.99,2.39,56.2,51.3,54.8,2.97,50.4,87.3,54.8,50.9,71.6,63.2,20.6,12.5,4.4,2.67,71.5,1.87,Medium
STU01301,Biology,4,3.55,3.58,3.62,84.9,94.0,90.6,0.0,86.5,100.0,84.4,100.0,88.2,85.6,19.6,19.2,0.9,3.08,80.7,3.42,Low
STU01302,Economics,7,1.73,1.78,1.67,49.4,45.2,71.5,3.02,34.2,31.8,42.6,64.3,72.5,54.1,10.3,16.2,4.8,3.02,79.4,1.66,Medium
STU01303,Biology,7,1.1,0.8,0.72,31.9,30.0,21.3,3.24,22.0,32.3,17.1,28.3,5.7,31.1,2.9,5.8,6.2,3.08,80.7,1.2,High
STU01304,Mechanical Engineering,5,1.25,1.45,1.47,35.5,53.6,76.5,3.65,45.8,30.3,21.6,52.3,35.7,49.8,11.8,3.7,6.8,2.65,71.2,1.06,High
STU01305,Mechanical Engineering,7,1.42,1.4,1.56,76.7,73.1,58.2,3.45,37.5,45.7,45.2,72.8,56.2,29.6,13.3,11.6,1.5,2.65,71.2,1.54,High
STU01306,Economics,3,2.14,1.94,1.69,44.1,37.8,53.4,0.0,89.0,80.6,74.5,18.4,33.4,14.1,11.3,4.6,2.6,3.02,79.4,2.06,Medium
STU01307,Computer Science,7,3.3,3.38,3.14,88.5,92.7,51.8,3.51,82.9,70.0,76.9,74.8,73.8,84.0,21.7,8.6,4.2,3.49,89.8,3.38,Low
STU01308,Biology,8,1.52,1.18,0.94,51.2,57.1,56.2,3.06,40.3,35.0,36.7,42.1,32.5,32.8,14.7,6.3,0.0,3.08,80.7,1.67,High
STU01309,Electrical Engineering,6,1.76,1.76,1.9,60.0,62.9,50.5,0.0,65.5,67.1,71.1,67.9,66.9,69.3,14.6,18.0,8.4,3.07,80.5,1.94,Medium
STU01310,Mechanical Engineering,3,4.0,3.94,3.8,70.4,66.2,91.9,0.0,100.0,84.3,83.3,79.5,50.0,100.0,9.8,12.4,1.7,2.65,71.2,4.0,Low
STU01311,Mathematics,8,1.78,1.99,2.09,66.1,62.4,48.9,0.06,27.4,57.9,63.4,40.5,53.1,51.4,20.5,17.3,8.5,2.67,71.5,1.82,Medium
STU01312,Electrical Engineering,8,3.14,3.11,3.04,70.9,73.2,80.5,0.0,77.6,76.8,84.0,65.8,71.0,90.8,19.7,11.9,7.4,3.07,80.5,2.92,Low
STU01313,Mechanical Engineering,2,3.02,2.84,2.65,46.0,49.3,80.6,3.39,53.1,71.5,68.6,64.4,56.5,60.9,20.1,16.9,1.9,2.65,71.2,3.21,Low
STU01314,Electrical Engineering,1,2.66,2.32,2.3,73.2,67.0,70.3,1.41,45.4,76.3,67.3,46.7,46.4,59.2,17.7,15.2,0.3,3.07,80.5,2.75,Low
STU01315,Biology,1,4.0,4.0,4.0,100.0,100.0,100.0,0.0,100.0,95.0,97.3,99.3,94.0,89.0,22.4,17.0,9.1,3.08,80.7,4.0,Low
STU01316,Business Administration,5,1.16,1.03,1.4,32.1,32.4,41.7,2.93,46.6,38.8,44.2,38.8,44.1,42.4,,11.2,5.7,3.26,84.6,1.07,High
STU01317,Economics,1,2.59,2.53,2.75,73.0,74.5,75.5,0.81,72.2,96.7,20.8,93.3,88.1,43.1,22.3,17.2,6.7,3.02,79.4,2.63,Low
STU01318,Mathematics,2,3.11,3.24,3.18,67.5,67.0,59.4,1.26,90.1,95.2,84.1,76.8,78.6,81.4,21.0,13.3,2.4,2.67,71.5,3.12,Low
STU01319,Electrical Engineering,2,3.76,3.67,3.6,69.1,72.8,42.1,0.53,81.7,95.2,82.6,90.7,71.8,70.1,20.4,17.1,1.1,3.07,80.5,3.8,Low
STU01320,Economics,8,2.48,2.42,2.3,48.8,41.4,22.9,1.74,21.7,44.4,35.6,23.1,49.3,30.9,17.1,10.0,9.7,3.02,79.4,2.45,Medium
STU01321,Mechanical Engineering,2,1.56,1.7,1.78,72.1,68.5,44.3,0.76,53.1,57.5,57.0,49.0,54.4,64.7,15.7,13.5,4.6,2.65,71.2,1.47,Medium
STU01322,Business Administration,7,2.4,2.38,2.67,86.7,80.0,100.0,0.66,85.5,74.2,90.3,81.1,98.6,79.9,23.3,16.6,3.6,3.26,84.6,2.11,Low
STU01323,Electrical Engineering,7,2.38,2.6,2.78,35.2,44.7,43.5,1.73,56.3,36.6,44.6,36.7,35.7,69.7,9.3,8.0,8.1,3.07,80.5,2.45,Medium
STU01324,Computer Science,8,3.12,3.16,3.18,61.7,57.2,91.2,4.33,74.2,71.4,75.9,71.0,74.8,74.4,21.7,17.9,3.3,3.49,89.8,3.28,Low
STU01325,Computer Science,6,1.87,2.22,2.52,73.0,70.1,86.9,1.32,63.5,57.4,75.4,64.3,71.0,74.8,23.3,15.7,3.0,3.49,89.8,1.88,Medium
STU01326,Mathematics,2,1.86,2.02,2.12,28.7,30.0,29.9,1.6,30.9,48.2,23.4,30.5,34.5,46.6,7.7,3.8,5.5,2.67,71.5,1.72,High
STU01327,Mathematics,8,4.0,4.0,4.0,74.9,91.6,90.4,0.0,96.0,87.1,85.0,98.7,98.8,100.0,21.3,11.9,0.0,2.67,71.5,4.0,Low
STU01328,Business Administration,7,3.34,3.16,3.29,97.9,88.9,100.0,2.28,86.2,51.1,59.5,100.0,91.2,71.6,24.6,18.7,1.0,3.26,84.6,3.46,Low
STU01329,Biology,4,2.09,2.24,2.27,71.6,75.8,74.5,2.73,38.8,82.0,70.7,62.2,61.7,80.3,17.1,14.1,2.9,3.08,80.7,2.11,Medium
STU01330,Business Administration,5,3.19,3.24,3.26,57.1,62.4,100.0,4.54,80.5,100.0,96.8,91.7,100.0,66.5,16.5,11.4,4.1,3.26,84.6,3.04,Low
STU01331,Business Administration,5,2.82,2.53,2.17,52.4,53.4,59.1,2.31,69.4,63.7,61.3,44.2,64.3,64.8,15.9,12.9,7.1,3.26,84.6,2.99,Low
STU01332,Biology,8,2.45,2.71,3.01,66.3,71.3,62.5,4.16,71.9,70.6,54.7,61.0,60.8,86.0,9.5,13.0,4.2,3.08,80.7,2.31,Medium
STU01333,Electrical Engineering,2,2.47,2.54,2.86,40.2,46.0,68.9,2.13,49.4,59.2,60.3,57.0,58.4,60.2,17.1,15.5,0.0,3.07,80.5,2.15,Medium
STU01334,Computer Science,3,3.24,3.07,2.89,74.7,69.2,56.8,1.27,68.5,70.6,70.9,71.7,69.8,67.2,17.5,11.9,,3.49,89.8,3.18,Low
STU01335,Business Administration,4,3.73,3.72,3.7,76.0,84.9,100.0,2.77,68.9,90.7,62.7,79.7,81.5,81.5,14.4,11.7,5.4,3.26,84.6,3.77,Low
STU01336,Computer Science,5,2.15,2.18,2.04,43.1,42.7,46.9,3.33,50.2,60.6,55.3,50.0,70.7,77.8,12.1,14.3,2.9,3.49,89.8,2.13,Medium
STU01337,Biology,1,4.0,4.0,3.94,92.9,88.2,66.5,,69.4,100.0,80.8,94.0,95.7,87.4,24.7,6.0,4.3,3.08,80.7,3.81,Low
STU01338,Computer Science,5,1.56,1.94,2.2,36.0,46.5,67.3,2.52,52.1,60.6,48.7,53.6,70.3,56.4,16.0,7.8,4.1,3.49,89.8,1.38,High
STU01339,Psychology,1,2.31,2.43,2.53,66.1,70.4,81.8,0.95,74.7,61.9,75.3,61.2,49.5,65.2,8.5,14.9,7.4,2.76,73.7,2.25,Medium
STU01340,Economics,4,3.19,3.01,2.94,92.3,80.2,43.9,1.83,66.7,91.2,73.2,64.2,72.6,57.5,29.6,9.8,9.0,3.02,79.4,3.46,Low
STU01341,Psychology,8,3.06,2.72,2.42,80.9,83.1,61.7,4.29,68.5,68.5,64.4,40.2,57.9,68.1,15.6,14.4,7.3,2.76,73.7,3.13,Low
STU01342,Mechanical Engineering,8,2.94,2.85,3.17,82.0,90.8,100.0,3.02,100.0,86.9,98.1,100.0,100.0,100.0,22.2,16.0,4.5,2.65,71.2,2.87,Low
STU01343,Electrical Engineering,1,2.98,3.35,3.45,93.3,89.6,66.0,0.0,88.7,73.5,91.9,100.0,85.4,73.8,29.4,14.2,5.0,3.07,80.5,2.9,Low
STU01344,Mathematics,7,2.56,2.75,2.57,81.3,73.6,54.2,1.33,65.1,87.8,73.6,69.7,78.6,78.3,12.3,3.6,3.4,2.67,71.5,2.58,Low
STU01345,Computer Science,1,2.33,2.67,3.16,89.6,100.0,80.5,0.0,79.6,70.6,82.1,79.3,75.1,66.7,11.4,22.4,0.9,3.49,89.8,1.98,Medium
STU01346,Mathematics,8,3.44,3.47,3.46,56.8,62.8,100.0,1.31,62.6,68.7,72.2,60.2,93.0,67.0,17.0,6.7,2.5,2.67,71.5,3.46,Low
STU01347,Economics,8,1.63,1.67,1.78,44.9,54.5,45.9,0.86,55.0,48.5,68.9,52.2,87.3,61.3,20.6,6.7,5.0,3.02,79.4,1.46,High
STU01348,Electrical Engineering,6,2.71,2.73,2.27,55.7,54.1,75.9,0.0,66.6,39.0,91.8,73.8,68.6,82.9,17.3,8.6,4.5,3.07,80.5,2.78,Low
STU01349,Computer Science,8,2.62,2.51,2.51,93.2,89.3,63.5,,71.9,50.6,80.7,94.3,100.0,60.3,23.2,11.0,1.6,3.49,89.8,2.66,Low
STU01350,Economics,6,1.2,1.34,1.63,36.1,38.7,49.2,7.7,57.9,35.4,35.5,43.5,49.6,65.4,15.8,4.4,,3.02,79.4,0.89,High
STU01351,Psychology,2,0.83,0.87,0.82,31.3,30.1,10.0,5.96,31.2,23.6,6.9,34.2,13.4,18.3,12.0,5.8,9.0,2.76,73.7,1.04,High
STU01352,Computer Science,6,1.65,1.64,1.6,39.3,36.7,42.0,3.48,49.2,54.9,45.7,33.5,61.4,42.4,11.2,9.0,4.8,3.49,89.8,1.67,High
STU01353,Mechanical Engineering,5,1.67,1.57,1.54,44.3,41.7,40.2,4.99,50.9,22.5,27.9,39.1,30.4,30.4,13.8,6.1,0.5,2.65,71.2,1.97,Medium
STU01354,Biology,2,3.15,3.17,3.22,90.7,100.0,89.7,0.84,70.8,88.2,83.0,79.4,94.7,90.1,26.6,11.0,2.9,3.08,80.7,3.12,Low
STU01355,Electrical Engineering,7,2.58,2.84,3.29,66.2,71.9,82.0,0.0,71.2,100.0,68.8,68.3,100.0,92.2,18.8,17.7,5.9,3.07,80.5,2.08,Low
STU01356,Computer Science,6,2.74,2.56,2.38,51.6,45.3,52.6,0.52,55.9,48.8,55.0,71.7,48.8,32.9,16.2,7.2,1.1,3.49,89.8,2.96,Medium
STU01357,Computer Science,4,2.98,3.02,2.73,81.5,81.8,72.3,0.14,85.9,92.2,75.1,64.5,64.7,70.6,23.2,8.3,0.0,3.49,89.8,3.12,Low
STU01358,Business Administration,6,2.87,3.16,3.37,90.8,100.0,95.0,0.0,100.0,98.9,80.1,100.0,99.9,97.3,24.8,17.5,4.1,3.26,84.6,2.77,Low
STU01359,Mechanical Engineering,6,3.89,3.93,3.9,73.5,73.0,85.1,,83.5,66.1,77.9,92.7,93.2,87.3,23.7,11.5,4.2,2.65,71.2,3.94,Low
STU01360,Electrical Engineering,4,3.3,3.19,3.1,44.1,52.9,47.6,0.65,88.2,100.0,73.8,33.9,86.6,59.5,15.2,9.2,5.6,3.07,80.5,3.28,Low
STU01361,Biology,4,2.35,2.2,2.33,69.3,63.4,80.5,1.92,50.3,56.4,41.2,51.0,60.8,58.4,26.1,6.4,4.9,3.08,80.7,2.39,Low
STU01362,Business Administration,1,1.1,0.96,1.07,33.4,34.9,45.2,3.11,18.3,53.3,53.4,28.3,35.6,47.8,8.0,8.5,2.9,3.26,84.6,1.0,High
STU01363,Mathematics,4,3.76,3.22,3.11,100.0,100.0,53.2,0.42,65.4,73.6,72.4,68.6,65.8,70.0,13.7,15.6,6.7,2.67,71.5,3.91,Low
STU01364,Electrical Engineering,8,2.27,2.56,2.79,43.2,50.6,59.7,5.27,49.3,57.1,56.9,60.8,59.5,46.0,5.4,7.7,4.6,3.07,80.5,2.22,Medium
STU01365,Economics,6,3.13,3.55,3.71,70.7,73.6,92.8,0.0,100.0,92.3,100.0,96.2,100.0,98.3,31.1,21.5,3.2,3.02,79.4,2.97,Low
STU01366,Mechanical Engineering,4,2.22,1.95,2.06,61.5,61.5,43.8,2.52,54.4,68.7,46.0,59.2,58.4,58.1,15.8,6.3,10.1,2.65,71.2,2.32,Medium
STU01367,Economics,5,1.35,1.29,1.37,43.2,51.2,56.3,2.37,51.0,64.6,52.6,54.3,49.7,57.8,14.8,0.0,7.7,3.02,79.4,1.3,High
STU01368,Biology,5,1.33,1.09,1.0,57.4,58.2,45.0,3.88,27.2,37.6,48.6,14.7,16.4,40.4,16.1,6.6,0.0,3.08,80.7,1.47,High
STU01369,Business Administration,8,3.54,3.48,3.26,96.3,90.7,85.4,0.59,78.4,84.9,81.1,81.3,72.9,77.3,23.0,9.7,5.8,3.26,84.6,3.68,Low
STU01370,Psychology,3,3.37,3.29,3.25,62.2,64.6,79.7,1.17,75.9,61.4,66.6,82.5,69.8,62.1,15.5,15.3,0.0,2.76,73.7,3.23,Low
STU01371,Business Administration,3,1.76,1.95,1.93,58.6,63.6,86.6,2.2,64.1,66.3,65.4,55.3,67.8,59.2,,10.7,5.9,3.26,84.6,1.81,Medium
STU01372,Mathematics,2,0.58,0.81,0.79,21.8,30.0,27.5,3.69,65.3,42.3,36.4,28.9,21.4,34.3,5.8,4.1,0.7,2.67,71.5,0.47,High
STU01373,Biology,5,3.47,3.18,3.28,45.7,54.2,84.2,3.05,72.3,78.9,78.1,69.1,82.1,62.2,29.0,9.0,4.9,3.08,80.7,3.49,Low
STU01374,Psychology,1,4.0,3.97,3.83,89.6,89.3,100.0,0.0,99.1,98.8,87.7,100.0,100.0,97.3,27.8,13.8,1.5,2.76,73.7,4.0,Low
STU01375,Computer Science,7,2.47,2.61,2.73,41.7,41.5,34.9,3.03,24.9,47.0,74.9,63.8,47.9,49.7,8.6,7.4,5.4,3.49,89.8,2.52,Medium
STU01376,Business Administration,8,3.09,2.91,2.91,100.0,99.2,91.9,0.0,72.1,72.8,83.5,77.4,95.0,100.0,12.6,9.4,9.0,3.26,84.6,3.0,Low
STU01377,Mathematics,7,3.35,3.04,3.02,92.1,80.9,70.5,3.61,62.8,49.0,56.4,41.4,52.2,69.6,,10.7,2.6,2.67,71.5,3.47,Low
STU01378,Psychology,1,3.61,3.49,3.49,72.0,69.2,65.9,2.07,73.8,83.9,71.4,68.6,81.8,88.3,27.9,11.3,4.2,2.76,73.7,3.66,Low
STU01379,Psychology,6,2.64,2.73,2.67,63.1,64.8,99.7,0.0,80.8,70.3,62.7,74.5,80.4,70.2,,20.9,3.8,2.76,73.7,2.73,Low
STU01380,Psychology,3,2.26,2.32,2.43,57.6,55.9,68.5,0.0,91.7,83.1,80.8,51.2,93.4,90.3,10.7,13.4,4.3,2.76,73.7,2.04,Medium
STU01381,Mathematics,6,3.97,3.84,3.89,88.9,89.7,100.0,0.7,98.0,86.5,95.6,99.7,100.0,89.1,19.4,13.6,3.1,2.67,71.5,4.0,Low
STU01382,Business Administration,5,3.62,3.65,3.62,66.6,69.6,94.3,0.0,58.7,85.3,72.2,57.5,75.4,78.0,21.2,13.2,2.8,3.26,84.6,3.62,Low
STU01383,Computer Science,4,2.92,2.77,2.3,46.6,47.9,55.0,2.08,41.7,54.2,74.6,62.8,72.0,53.1,12.4,14.7,6.9,3.49,89.8,2.95,Medium
STU01384,Mechanical Engineering,5,3.87,3.92,3.99,89.0,89.1,94.9,1.06,77.8,100.0,81.4,84.7,85.0,92.7,22.2,18.6,3.5,2.65,71.2,3.43,Low
STU01385,Mechanical Engineering,5,3.37,3.47,3.3,57.8,68.7,56.7,0.84,58.4,75.4,86.2,85.5,99.9,74.6,9.7,18.7,5.6,2.65,71.2,3.49,Low
STU01386,Business Administration,5,3.53,3.63,3.73,100.0,98.4,100.0,1.55,96.9,88.9,86.4,85.5,92.9,100.0,17.5,12.4,,3.26,84.6,3.49,Low
STU01387,Electrical Engineering,2,3.18,3.18,3.3,52.8,53.3,88.0,1.17,100.0,92.9,96.4,68.7,100.0,100.0,18.1,17.4,6.7,3.07,80.5,3.12,Low
STU01388,Mechanical Engineering,1,0.85,0.85,1.29,38.7,35.9,48.1,1.06,64.0,44.4,61.3,46.3,47.0,42.7,9.2,11.2,6.5,2.65,71.2,0.64,High
STU01389,Economics,8,3.8,3.72,3.61,87.6,100.0,100.0,1.15,100.0,61.2,100.0,100.0,100.0,73.4,27.7,23.9,5.1,3.02,79.4,3.96,Low
STU01390,Mathematics,8,3.7,3.64,3.75,94.2,100.0,76.0,0.49,79.8,92.7,70.8,64.0,53.6,100.0,17.9,16.9,3.5,2.67,71.5,3.76,Low
STU01391,Business Administration,5,3.04,2.68,2.37,64.1,61.5,89.8,2.75,43.4,42.4,53.9,57.1,50.8,47.9,19.8,9.5,1.4,3.26,84.6,3.26,Low
STU01392,Biology,2,3.18,3.31,3.53,94.9,100.0,89.8,1.23,97.1,100.0,94.5,92.7,95.3,100.0,23.2,13.5,6.2,3.08,80.7,3.07,Low
STU01393,Electrical Engineering,1,3.17,3.38,3.47,83.7,91.7,64.3,2.74,95.4,84.4,89.6,98.9,100.0,94.6,20.5,13.7,7.7,3.07,80.5,2.94,Low
STU01394,Economics,8,2.33,2.6,3.01,86.4,93.3,97.4,3.03,78.9,86.7,85.7,86.0,84.3,88.7,7.9,17.6,10.9,3.02,79.4,2.04,Low
STU01395,Mechanical Engineering,2,3.39,3.65,3.76,90.8,82.3,77.8,0.71,59.8,91.4,69.0,73.8,62.9,89.0,,13.7,4.9,2.65,71.2,3.36,Low
STU01396,Electrical Engineering,2,2.57,2.44,2.47,78.6,74.0,44.0,4.22,66.7,49.2,70.4,58.2,73.9,56.7,13.6,10.6,0.4,3.07,80.5,2.66,Low
STU01397,Business Administration,5,3.31,3.29,3.42,57.9,61.4,77.6,2.8,96.1,71.0,69.9,74.3,52.5,67.0,16.1,11.9,5.8,3.26,84.6,3.14,Low
STU01398,Business Administration,3,3.38,3.29,3.27,80.3,86.1,74.6,0.94,93.3,86.4,76.1,85.3,79.2,88.6,11.1,22.5,4.0,3.26,84.6,3.38,Low
STU01399,Business Administration,8,2.13,2.25,2.17,55.3,49.5,25.7,3.77,61.3,54.1,56.8,65.6,52.6,46.0,7.1,7.9,5.6,3.26,84.6,2.14,Medium
STU01400,Computer Science,4,3.35,3.19,2.95,91.7,88.7,86.3,0.96,78.0,100.0,85.7,100.0,100.0,96.0,23.4,23.5,8.2,3.49,89.8,3.5,Low
STU01401,Computer Science,7,3.34,3.56,3.71,100.0,93.2,97.9,,100.0,100.0,100.0,98.0,96.0,92.9,20.8,12.3,0.0,3.49,89.8,3.23,Low
STU01402,Mechanical Engineering,5,3.16,3.29,3.61,100.0,100.0,100.0,0.11,89.1,99.1,100.0,91.5,100.0,100.0,22.5,13.7,4.8,2.65,71.2,2.87,Low
STU01403,Biology,8,1.18,1.07,1.02,39.5,30.0,39.4,2.36,37.6,40.1,28.3,24.1,30.7,38.7,20.0,3.3,4.7,3.08,80.7,1.22,High
STU01404,Mechanical Engineering,6,2.02,1.81,1.58,31.5,32.3,17.1,4.37,14.9,15.6,34.9,26.5,46.7,31.8,9.0,3.6,0.4,2.65,71.2,2.19,High
STU01405,Computer Science,8,2.88,2.76,2.93,79.1,73.8,88.0,0.0,83.6,78.8,74.6,71.2,62.1,60.5,14.4,8.9,3.2,3.49,89.8,2.87,Low
STU01406,Economics,1,2.74,2.24,2.24,66.0,51.1,47.4,3.08,75.8,52.9,46.8,52.0,73.7,35.3,9.7,9.2,,3.02,79.4,3.1,Low
STU01407,Business Administration,2,1.58,1.55,1.69,46.2,61.8,28.0,4.06,48.8,55.3,47.3,51.6,65.9,55.5,9.5,14.1,5.8,3.26,84.6,1.45,High
STU01408,Biology,2,0.41,0.39,0.52,25.3,30.0,28.9,4.11,22.4,26.0,12.2,25.1,14.8,20.4,,5.6,11.7,3.08,80.7,0.18,High
STU01409,Mechanical Engineering,5,3.39,3.25,2.7,64.7,66.5,85.0,2.94,77.8,68.0,69.2,100.0,92.6,88.9,19.8,9.9,5.8,2.65,71.2,3.62,Low
STU01410,Mathematics,1,2.62,2.81,2.51,90.7,83.0,60.1,1.87,87.0,66.2,69.2,87.3,98.1,64.3,19.1,11.7,4.7,2.67,71.5,2.54,Medium
STU01411,Economics,8,2.64,2.63,2.52,79.5,84.7,87.7,0.8,100.0,87.6,91.6,79.9,100.0,55.1,15.2,19.6,,3.02,79.4,2.85,Low
STU01412,Biology,3,4.0,4.0,4.0,81.1,79.6,74.3,0.55,79.1,98.6,70.0,67.1,80.5,97.9,14.1,18.9,0.1,3.08,80.7,3.83,Low
STU01413,Business Administration,7,1.32,1.43,1.51,33.2,36.7,31.4,1.86,38.6,36.6,33.4,47.2,50.7,41.4,11.6,5.4,8.2,3.26,84.6,1.24,High
STU01414,Business Administration,4,2.84,2.21,2.02,40.7,37.2,72.4,4.44,62.5,54.2,59.5,55.2,50.6,69.3,0.0,17.6,7.8,3.26,84.6,3.31,Medium
STU01415,Business Administration,2,1.44,1.46,1.48,33.5,30.7,69.7,2.45,54.3,66.9,46.2,46.9,71.1,70.8,16.9,6.7,2.1,3.26,84.6,1.59,High
STU01416,Mathematics,1,2.26,2.07,2.11,55.1,52.4,59.0,2.06,56.9,73.4,58.5,76.2,71.3,70.3,15.2,13.3,0.0,2.67,71.5,1.89,Medium
STU01417,Economics,2,0.49,0.71,0.56,32.7,30.0,11.5,3.89,24.8,47.1,34.0,39.0,31.6,21.2,12.8,11.8,6.0,3.02,79.4,0.32,High
STU01418,Biology,6,3.08,2.85,2.39,99.5,90.7,67.9,0.05,78.0,85.4,100.0,86.8,76.5,81.0,26.2,8.5,7.7,3.08,80.7,3.18,Low
STU01419,Economics,4,2.31,2.26,2.31,39.1,45.2,74.1,3.36,46.5,61.1,53.5,56.1,66.7,69.7,11.8,4.4,4.4,3.02,79.4,2.34,Medium
STU01420,Mathematics,8,3.08,3.0,2.81,79.0,72.9,79.9,0.71,62.1,77.5,71.5,53.7,94.1,100.0,16.8,10.7,4.2,2.67,71.5,3.03,Low
STU01421,Computer Science,5,3.53,3.39,3.15,62.5,70.0,97.5,0.03,75.4,61.4,82.3,98.3,83.8,71.1,11.6,19.3,2.6,3.49,89.8,3.73,Low
STU01422,Economics,1,1.84,1.63,1.47,60.5,64.8,49.2,3.49,53.1,44.5,46.6,45.7,52.3,59.4,17.2,5.2,2.9,3.02,79.4,2.0,Medium
STU01423,Business Administration,7,3.43,3.62,3.57,74.5,69.2,81.9,0.78,100.0,57.2,65.3,44.9,59.5,51.2,15.1,12.1,6.4,3.26,84.6,3.44,Low
STU01424,Mathematics,1,3.38,3.16,2.92,69.7,72.6,65.8,1.35,64.5,62.6,68.9,63.4,67.2,69.0,19.3,15.1,4.4,2.67,71.5,3.46,Low
STU01425,Psychology,5,1.5,1.59,2.06,55.5,53.0,52.2,3.14,57.9,40.7,51.5,54.4,63.3,59.0,18.6,11.3,2.5,2.76,73.7,1.22,Medium
STU01426,Mathematics,5,2.37,2.45,2.75,51.0,66.4,78.4,,76.2,72.2,71.9,81.1,80.4,73.3,14.9,13.5,5.2,2.67,71.5,2.23,Medium
STU01427,Mechanical Engineering,6,1.34,1.31,1.17,42.3,42.0,48.0,3.86,64.5,51.8,77.6,62.7,48.6,56.7,11.3,8.1,1.1,2.65,71.2,1.64,High
STU01428,Mathematics,4,1.36,1.5,1.71,48.2,48.7,47.2,1.78,38.2,25.0,31.8,24.6,42.6,29.6,4.1,7.0,0.0,2.67,71.5,1.19,High
STU01429,Psychology,7,3.41,3.13,2.92,82.9,69.6,76.7,0.32,70.6,100.0,64.7,51.2,54.8,64.8,24.3,11.5,9.7,2.76,73.7,3.68,Low
STU01430,Psychology,8,2.97,2.84,2.65,100.0,95.3,70.7,,68.1,72.9,51.0,73.4,40.8,83.3,15.8,12.5,6.3,2.76,73.7,3.0,Low
STU01431,Mechanical Engineering,6,2.58,2.61,2.58,76.7,77.9,93.9,0.59,72.6,73.6,78.1,70.9,67.1,69.9,21.5,9.6,0.6,2.65,71.2,2.51,Low
STU01432,Business Administration,6,2.37,2.02,1.91,43.8,39.6,60.8,1.54,43.8,41.1,17.0,62.2,61.0,46.8,13.7,3.8,1.4,3.26,84.6,2.49,Medium
STU01433,Mathematics,7,3.31,3.22,2.73,85.6,78.3,73.2,0.91,62.0,72.5,82.2,36.6,72.2,75.4,7.9,13.2,2.6,2.67,71.5,3.48,Low
STU01434,Electrical Engineering,7,2.4,2.4,2.03,53.1,44.7,52.4,1.42,59.4,73.7,31.5,67.4,54.9,50.0,11.1,19.6,6.8,3.07,80.5,2.45,Medium
STU01435,Biology,6,1.74,2.31,2.59,75.5,73.5,68.4,0.88,64.2,72.9,73.2,43.7,60.5,74.2,16.6,14.7,5.3,3.08,80.7,1.5,Medium
STU01436,Biology,1,3.16,3.35,3.39,100.0,85.1,73.3,0.34,69.0,87.1,95.7,84.3,100.0,98.6,13.6,14.5,9.6,3.08,80.7,3.09,Low
STU01437,Computer Science,4,3.38,2.95,2.81,70.0,64.5,68.1,0.0,57.4,62.7,82.9,70.6,51.8,37.2,17.8,7.2,1.5,3.49,89.8,3.66,Low
STU01438,Biology,8,3.17,3.24,3.29,91.1,98.5,44.5,0.1,84.5,85.9,84.0,70.9,54.6,71.1,11.5,12.7,7.3,3.08,80.7,3.01,Low
STU01439,Mechanical Engineering,3,1.64,1.66,1.57,26.0,30.0,58.3,3.54,50.7,51.8,41.6,39.8,32.6,40.2,10.9,10.4,4.9,2.65,71.2,1.55,High
STU01440,Mathematics,2,1.65,1.93,2.12,86.1,83.2,74.3,0.0,55.6,87.4,51.1,79.3,66.1,74.4,24.5,14.0,9.3,2.67,71.5,1.47,Medium
STU01441,Biology,5,3.34,3.11,3.05,73.6,67.6,60.5,2.14,67.1,57.0,72.8,69.8,62.9,88.9,16.1,13.9,3.1,3.08,80.7,3.47,Low
STU01442,Computer Science,3,2.0,2.38,2.36,68.1,76.3,68.3,,58.3,57.1,58.4,51.4,49.1,47.3,18.1,6.0,5.9,3.49,89.8,1.96,Medium
STU01443,Computer Science,2,2.97,2.83,2.86,53.6,51.9,76.1,0.62,66.4,68.5,62.9,70.9,68.8,67.5,9.0,14.1,3.1,3.49,89.8,3.06,Medium
STU01444,Psychology,1,3.85,3.82,3.89,94.3,82.6,97.7,0.0,84.6,91.3,82.4,100.0,90.8,66.8,22.5,18.1,3.7,2.76,73.7,3.83,Low
STU01445,Electrical Engineering,8,2.15,2.1,2.28,90.9,85.9,74.7,0.91,85.0,76.3,63.7,65.0,95.6,61.5,12.5,14.9,4.9,3.07,80.5,2.05,Low
STU01446,Mathematics,6,2.06,1.76,1.89,67.3,61.0,45.2,1.19,59.9,50.1,69.0,52.7,46.2,47.8,12.3,6.3,4.9,2.67,71.5,2.27,Medium
STU01447,Computer Science,4,2.62,2.56,2.63,70.5,65.5,60.7,0.98,80.9,60.7,73.5,74.6,64.2,67.3,13.7,12.5,2.1,3.49,89.8,2.71,Medium
STU01448,Economics,2,2.17,1.85,1.59,41.0,30.0,28.1,4.09,21.2,34.6,72.3,57.6,55.0,65.4,6.8,13.8,4.2,3.02,79.4,2.33,Medium
STU01449,Business Administration,8,1.04,1.11,1.14,35.1,33.7,47.7,1.09,45.4,39.6,46.0,41.4,50.8,45.1,25.0,12.9,4.6,3.26,84.6,0.76,High
STU01450,Mathematics,6,2.62,2.69,3.0,83.6,82.3,81.2,0.0,85.5,83.6,84.7,93.2,99.6,94.6,10.6,12.5,6.0,2.67,71.5,2.5,Low
STU01451,Business Administration,7,1.06,1.34,1.34,27.0,30.0,35.1,3.56,39.3,38.3,30.3,39.3,17.0,45.3,9.0,7.0,7.6,3.26,84.6,0.94,High
STU01452,Psychology,3,1.98,2.04,2.05,49.6,50.3,55.7,4.75,52.3,33.8,48.1,56.4,35.0,30.7,5.6,10.3,1.2,2.76,73.7,2.13,Medium
STU01453,Mechanical Engineering,7,2.11,1.81,1.3,38.7,39.9,27.8,3.47,29.0,46.3,30.7,30.5,31.6,35.3,14.5,0.0,7.8,2.65,71.2,2.3,Medium
STU01454,Computer Science,4,4.0,4.0,3.82,100.0,100.0,100.0,0.82,95.3,81.6,100.0,100.0,100.0,90.9,14.1,16.4,0.5,3.49,89.8,4.0,Low
STU01455,Economics,2,2.23,2.32,2.86,44.9,52.2,95.0,1.13,56.5,63.6,51.7,55.7,70.2,69.7,19.0,11.3,6.6,3.02,79.4,2.02,Medium
STU01456,Biology,4,2.98,3.01,2.9,48.4,50.8,81.1,2.03,54.4,63.1,57.8,66.7,58.5,47.0,10.0,11.5,8.8,3.08,80.7,2.92,Low
STU01457,Business Administration,7,1.27,1.39,1.46,25.5,33.8,43.4,3.7,38.8,44.5,41.8,40.8,46.9,42.1,9.7,14.0,2.2,3.26,84.6,1.17,High
STU01458,Mathematics,8,2.07,2.14,2.28,61.0,59.7,37.3,2.21,53.7,43.2,53.4,59.8,39.3,34.2,16.0,19.1,8.3,2.67,71.5,2.35,Medium
STU01459,Economics,3,2.55,2.16,2.18,80.2,80.4,61.1,1.9,57.5,64.3,42.5,59.0,55.4,52.5,,0.0,2.6,3.02,79.4,2.76,Medium
STU01460,Mathematics,8,1.44,1.81,1.9,40.0,51.2,75.6,3.3,62.5,61.3,65.4,52.4,55.5,65.1,18.8,12.1,7.8,2.67,71.5,1.24,Medium
STU01461,Business Administration,7,2.76,2.47,2.2,38.5,30.0,22.8,2.59,32.8,36.0,39.1,51.3,39.8,19.2,4.7,18.9,5.4,3.26,84.6,2.89,Medium
STU01462,Mathematics,5,1.55,1.9,1.69,32.7,34.3,48.2,6.56,53.8,54.5,43.1,47.4,44.9,61.1,7.2,6.6,2.8,2.67,71.5,1.51,High
STU01463,Mechanical Engineering,6,2.46,2.22,2.19,49.0,47.0,77.5,2.06,58.6,57.0,61.3,57.9,59.9,58.5,11.5,9.5,6.7,2.65,71.2,2.69,Medium
STU01464,Psychology,1,3.57,3.65,3.71,93.4,100.0,90.8,0.0,90.4,97.7,87.3,99.5,100.0,100.0,24.8,22.8,2.6,2.76,73.7,3.61,Low
STU01465,Mechanical Engineering,3,2.55,2.34,2.34,67.6,62.9,48.7,2.89,57.7,39.9,59.5,55.6,65.7,43.0,14.8,17.1,7.0,2.65,71.2,2.66,Medium
STU01466,Computer Science,2,1.22,1.13,0.97,42.8,51.9,23.4,5.88,36.7,39.2,35.0,39.8,25.2,26.3,8.6,9.3,3.3,3.49,89.8,1.41,High
STU01467,Electrical Engineering,7,2.64,2.46,2.43,64.4,65.9,74.1,0.68,64.8,63.7,68.4,68.1,65.8,66.0,18.4,15.9,5.6,3.07,80.5,2.68,Low
STU01468,Business Administration,5,2.38,2.46,2.54,44.4,61.4,39.2,1.4,70.0,46.8,68.2,37.3,67.1,50.7,16.6,5.8,8.6,3.26,84.6,2.41,Medium
STU01469,Biology,7,3.32,3.46,3.52,90.2,87.2,87.7,0.0,100.0,81.8,100.0,97.0,90.6,83.5,23.8,12.9,8.6,3.08,80.7,3.46,Low
STU01470,Business Administration,4,3.08,2.88,2.64,86.9,73.0,80.5,3.97,70.3,55.3,77.1,66.3,61.7,73.8,24.8,13.9,4.2,3.26,84.6,3.2,Low
STU01471,Biology,3,1.88,1.85,1.77,67.2,71.9,75.7,1.75,35.8,62.1,63.1,3.0,29.8,48.7,1.3,5.1,5.4,3.08,80.7,1.94,Medium
STU01472,Business Administration,1,3.58,3.46,3.23,76.7,75.9,41.2,0.46,77.4,79.3,78.3,60.0,73.9,67.9,15.9,14.2,2.3,3.26,84.6,3.74,Low
STU01473,Mathematics,6,3.38,3.17,3.0,65.6,54.6,64.8,2.53,79.0,72.9,78.5,75.8,74.7,79.4,,19.6,6.9,2.67,71.5,3.46,Low
STU01474,Psychology,1,2.26,2.56,2.68,54.3,42.3,59.8,0.68,54.0,39.9,44.3,54.8,59.6,51.0,11.5,5.0,4.7,2.76,73.7,1.95,Medium
STU01475,Mechanical Engineering,8,3.42,3.25,3.06,62.3,63.1,86.0,3.74,63.8,57.5,61.7,57.8,71.3,78.3,22.1,10.1,3.5,2.65,71.2,3.3,Low
STU01476,Economics,7,1.76,1.81,1.93,45.4,51.6,34.2,0.0,27.6,41.1,49.1,49.3,57.8,44.3,12.9,7.5,,3.02,79.4,1.74,High
STU01477,Computer Science,7,3.75,3.63,3.44,87.3,82.4,98.8,,53.2,78.1,83.1,75.7,72.7,63.8,,18.1,7.3,3.49,89.8,3.87,Low
STU01478,Electrical Engineering,5,3.55,3.12,2.97,78.5,71.5,68.9,1.78,83.4,83.0,96.4,73.4,83.7,89.9,16.4,16.3,1.6,3.07,80.5,3.93,Low
STU01479,Psychology,3,1.78,1.8,2.1,66.0,73.0,94.8,1.36,39.5,48.7,19.0,42.1,59.5,47.2,11.8,17.3,8.1,2.76,73.7,1.78,Medium
STU01480,Economics,8,4.0,4.0,3.91,83.0,84.6,79.4,0.93,73.8,100.0,73.1,78.6,100.0,66.4,27.0,10.2,6.8,3.02,79.4,4.0,Low
STU01481,Electrical Engineering,3,0.73,0.87,1.07,28.0,30.0,36.7,4.66,38.3,36.4,36.9,22.1,30.6,31.9,16.9,4.7,,3.07,80.5,0.55,High
STU01482,Mechanical Engineering,5,0.99,1.06,1.23,31.0,32.5,23.1,2.98,22.7,24.3,29.6,3.0,37.2,34.4,0.0,0.0,7.5,2.65,71.2,0.99,High
STU01483,Electrical Engineering,1,3.11,3.31,3.46,88.6,97.1,98.2,2.63,85.9,100.0,99.3,99.1,89.0,100.0,25.0,12.0,11.2,3.07,80.5,2.84,Low
STU01484,Computer Science,5,2.68,2.6,2.49,63.1,66.3,27.4,2.3,42.3,44.8,53.1,50.5,46.6,57.6,9.7,4.8,8.6,3.49,89.8,2.67,Medium
STU01485,Psychology,2,3.1,2.84,2.97,62.8,70.3,61.8,0.0,76.7,87.2,74.3,63.6,73.2,83.1,14.5,17.7,5.5,2.76,73.7,3.36,Low
STU01486,Mechanical Engineering,3,0.99,1.08,0.9,23.2,30.0,31.6,2.93,31.4,23.0,25.1,26.9,27.8,27.4,,3.2,9.3,2.65,71.2,1.07,High
STU01487,Psychology,4,2.81,3.07,3.12,75.3,79.9,78.5,0.59,76.2,75.6,80.2,65.0,56.4,72.0,23.5,18.3,0.0,2.76,73.7,2.45,Low
STU01488,Computer Science,2,3.81,3.59,3.33,63.8,59.7,65.9,0.72,76.4,70.8,71.0,69.8,69.8,64.2,16.5,5.2,7.3,3.49,89.8,3.94,Low
STU01489,Psychology,8,2.36,2.4,2.1,63.8,68.4,54.9,2.49,61.2,59.6,47.9,45.1,67.9,54.9,20.0,8.8,8.9,2.76,73.7,2.62,Medium
STU01490,Psychology,5,3.44,3.42,3.02,39.5,42.5,60.0,1.67,44.9,71.1,58.9,67.7,53.6,73.2,10.9,15.2,2.8,2.76,73.7,3.79,Low
STU01491,Biology,5,2.35,1.87,1.33,37.1,35.3,11.3,3.62,28.4,27.5,26.9,23.0,35.9,30.2,7.6,1.4,4.1,3.08,80.7,2.79,High
STU01492,Mathematics,3,2.67,2.56,2.6,72.9,71.3,93.4,0.27,79.6,77.5,75.7,51.4,57.3,70.8,17.1,15.1,3.0,2.67,71.5,2.71,Low
STU01493,Mechanical Engineering,8,2.67,2.86,2.87,78.7,74.3,42.1,3.73,64.5,58.7,59.0,71.2,61.8,70.7,6.1,8.7,6.2,2.65,71.2,2.36,Medium
STU01494,Psychology,5,2.75,2.58,2.68,73.5,73.9,66.9,3.19,59.0,75.6,51.0,44.2,71.2,51.8,7.3,9.2,3.5,2.76,73.7,2.87,Medium
STU01495,Economics,1,3.16,3.05,3.14,93.4,92.9,84.4,1.54,88.4,80.5,80.7,45.4,72.9,93.1,24.2,11.3,5.5,3.02,79.4,3.25,Low
STU01496,Mathematics,6,4.0,4.0,3.89,100.0,100.0,100.0,0.0,75.0,98.9,82.1,100.0,100.0,100.0,21.5,20.1,1.1,2.67,71.5,4.0,Low
STU01497,Biology,1,2.85,2.92,2.88,61.3,58.7,51.6,4.02,65.7,57.7,57.1,68.7,58.7,85.3,13.6,10.9,5.9,3.08,80.7,2.9,Low
STU01498,Psychology,3,2.68,3.07,3.02,72.9,72.4,67.3,3.14,73.7,73.5,72.1,64.4,72.0,80.4,18.4,13.2,9.7,2.76,73.7,2.68,Low
STU01499,Biology,4,1.73,1.47,1.22,49.4,48.6,67.5,3.07,36.5,33.1,47.7,44.3,34.5,42.0,6.0,7.6,5.5,3.08,80.7,1.98,Medium
STU01500,Biology,8,3.13,2.94,2.66,89.1,90.1,100.0,2.43,100.0,99.7,84.4,100.0,53.9,56.3,18.0,20.0,10.9,3.08,80.7,3.28,Low
STU01501,Mathematics,4,1.82,1.54,1.73,37.1,30.0,63.2,1.0,45.8,50.0,27.2,54.9,25.4,35.3,17.0,9.6,1.3,2.67,71.5,1.89,High
STU01502,Mathematics,1,1.16,1.49,1.68,56.6,52.5,61.1,1.89,57.4,62.4,59.0,51.2,51.5,61.4,11.9,8.2,4.5,2.67,71.5,1.12,High
STU01503,Mechanical Engineering,4,2.96,2.73,3.04,64.2,61.5,59.5,0.01,60.5,44.9,58.1,78.3,66.4,74.0,17.5,13.0,8.1,2.65,71.2,3.04,Low
STU01504,Biology,2,0.69,0.46,0.5,35.4,30.0,16.2,4.98,24.1,48.8,60.4,31.2,26.5,0.1,16.6,5.9,4.1,3.08,80.7,0.67,High
STU01505,Electrical Engineering,8,3.58,3.41,3.07,100.0,100.0,100.0,0.9,81.7,85.5,80.9,100.0,100.0,74.7,23.4,21.3,4.3,3.07,80.5,3.82,Low
STU01506,Biology,4,1.52,1.54,1.41,31.7,34.9,21.1,4.37,44.1,43.9,35.6,40.0,31.4,40.4,12.0,10.5,5.5,3.08,80.7,1.56,High
STU01507,Business Administration,6,1.83,2.15,1.99,60.7,58.0,55.6,1.2,42.0,53.1,39.7,52.5,45.4,51.4,,7.9,0.0,3.26,84.6,1.89,High
STU01508,Electrical Engineering,6,2.04,2.53,2.65,61.2,59.0,83.7,4.56,77.2,56.1,66.8,43.0,51.2,52.3,15.8,9.8,5.8,3.07,80.5,1.78,Medium
STU01509,Psychology,5,3.11,3.01,3.11,57.6,62.5,95.6,,44.3,57.9,92.3,86.8,61.8,58.8,5.8,19.2,5.1,2.76,73.7,3.09,Medium
STU01510,Computer Science,6,3.88,3.58,3.16,61.0,57.5,65.0,1.27,94.2,90.1,81.0,79.9,85.9,83.5,22.3,21.0,9.9,3.49,89.8,4.0,Low
STU01511,Biology,5,2.26,1.88,1.52,32.4,30.0,44.7,3.03,42.7,37.0,20.0,36.7,21.6,22.2,5.1,11.5,6.6,3.08,80.7,2.38,Medium
STU01512,Electrical Engineering,6,3.04,3.28,3.2,48.6,47.9,40.4,2.29,53.2,44.6,66.7,55.5,62.6,63.0,15.4,6.2,4.0,3.07,80.5,3.01,Medium
STU01513,Computer Science,6,2.04,2.25,1.86,55.3,62.3,50.6,0.81,54.8,32.3,49.5,62.1,52.7,51.8,12.8,4.0,0.8,3.49,89.8,2.2,High
STU01514,Electrical Engineering,1,3.14,3.51,3.83,83.4,83.2,82.3,3.76,97.0,100.0,100.0,94.4,90.4,100.0,8.6,12.6,0.0,3.07,80.5,2.84,Low
STU01515,Mathematics,7,2.03,2.14,2.24,62.5,61.9,78.2,4.48,70.9,58.2,51.3,70.8,45.8,58.7,13.9,6.7,5.8,2.67,71.5,1.86,Medium
STU01516,Business Administration,6,2.89,2.8,2.75,73.7,71.4,62.0,0.0,82.4,58.3,66.2,74.6,73.9,89.7,,13.0,4.3,3.26,84.6,3.06,Low
STU01517,Mechanical Engineering,5,1.98,1.89,1.69,58.5,66.8,14.3,1.28,17.7,49.3,45.6,75.5,56.0,44.7,11.8,8.5,11.7,2.65,71.2,1.9,High
STU01518,Electrical Engineering,8,1.68,1.8,1.71,94.5,75.6,71.3,0.54,58.1,47.8,83.5,45.4,55.3,68.8,22.4,10.2,2.8,3.07,80.5,1.78,Medium
STU01519,Mathematics,4,2.18,2.06,1.99,49.5,48.1,30.0,0.53,36.2,42.2,65.5,61.1,38.2,62.5,12.4,5.2,3.6,2.67,71.5,2.48,Medium
STU01520,Biology,2,1.8,2.14,2.53,60.6,69.8,62.8,1.79,67.6,65.8,76.7,63.2,74.3,76.2,22.6,11.1,,3.08,80.7,1.69,Medium
STU01521,Economics,3,3.0,3.11,3.01,72.5,69.2,36.8,2.6,86.0,46.2,70.2,48.3,54.2,59.1,24.0,17.3,7.6,3.02,79.4,3.01,Low
STU01522,Biology,2,4.0,4.0,4.0,84.2,83.8,100.0,0.0,86.8,84.8,86.5,91.6,86.9,88.6,22.6,11.1,9.4,3.08,80.7,4.0,Low
STU01523,Mechanical Engineering,4,2.37,2.49,2.48,60.4,64.4,52.4,0.0,52.5,61.4,55.9,56.4,51.5,69.2,11.8,8.7,9.6,2.65,71.2,2.09,Medium
STU01524,Economics,8,3.57,3.7,3.86,75.9,76.6,88.0,1.41,83.4,100.0,85.6,93.2,81.8,97.4,18.6,12.6,11.0,3.02,79.4,3.19,Low
STU01525,Economics,1,3.19,3.16,3.14,44.4,47.5,57.8,1.38,76.7,53.1,65.7,63.5,77.6,64.1,18.8,13.6,0.0,3.02,79.4,3.0,Low
STU01526,Economics,7,2.98,2.79,2.56,62.1,62.1,80.7,0.86,72.4,75.7,73.6,69.5,64.7,77.4,19.8,9.6,5.7,3.02,79.4,3.11,Low
STU01527,Computer Science,7,2.42,2.25,2.18,54.0,55.8,44.2,1.34,63.6,37.0,81.6,34.5,71.8,36.2,13.7,16.6,0.1,3.49,89.8,2.57,Medium
STU01528,Electrical Engineering,3,3.01,2.98,2.69,78.0,80.8,89.7,1.19,77.7,75.4,77.2,75.8,62.4,69.8,14.4,7.8,2.5,3.07,80.5,3.27,Low
STU01529,Computer Science,2,1.82,2.23,2.47,32.1,44.9,71.0,2.03,90.0,44.2,64.4,46.5,48.5,47.2,13.8,7.8,12.4,3.49,89.8,1.74,High
STU01530,Electrical Engineering,3,2.79,2.58,2.46,38.8,40.2,33.2,,60.6,63.4,39.9,67.5,64.2,48.1,,14.2,0.9,3.07,80.5,2.73,Medium
STU01531,Mechanical Engineering,1,3.82,3.67,3.46,78.2,77.6,90.3,0.0,100.0,100.0,100.0,86.3,85.1,89.2,19.3,10.8,5.9,2.65,71.2,3.94,Low
STU01532,Mathematics,7,1.98,1.99,1.85,51.5,52.6,48.1,1.34,55.0,85.8,29.8,41.6,42.3,26.5,16.0,7.3,0.0,2.67,71.5,1.94,Medium
STU01533,Mathematics,7,3.19,3.21,3.13,60.7,64.1,71.4,,87.8,79.3,83.0,97.1,85.5,69.5,20.5,23.6,6.7,2.67,71.5,3.05,Low
STU01534,Business Administration,5,4.0,3.83,3.17,82.4,76.5,77.3,2.77,73.3,78.4,82.0,75.5,69.8,76.8,20.6,17.6,2.9,3.26,84.6,4.0,Low
STU01535,Computer Science,3,3.2,3.27,3.56,69.0,75.4,62.4,1.04,87.9,72.2,74.7,82.2,75.8,100.0,23.6,14.0,6.1,3.49,89.8,3.24,Low
STU01536,Business Administration,3,3.25,3.18,3.24,61.8,71.2,80.1,3.0,85.6,92.5,74.7,68.4,52.8,63.3,23.9,13.9,4.7,3.26,84.6,3.38,Low
STU01537,Mechanical Engineering,1,1.72,1.91,2.39,91.8,76.9,51.8,4.0,83.2,65.3,83.5,72.8,70.2,72.7,26.4,15.2,2.3,2.65,71.2,1.62,Medium
STU01538,Mechanical Engineering,8,2.76,2.7,2.67,56.6,53.7,52.9,1.78,53.9,81.3,44.4,50.8,65.4,60.7,22.8,13.6,4.8,2.65,71.2,2.92,Medium
STU01539,Biology,2,2.92,2.84,2.99,71.5,65.6,61.1,1.05,73.1,70.5,74.2,72.0,66.1,71.0,19.8,13.6,3.6,3.08,80.7,2.83,Low
STU01540,Biology,1,1.11,1.17,1.06,59.3,48.1,23.5,3.96,40.7,42.8,27.8,54.9,38.8,28.7,8.7,7.3,7.2,3.08,80.7,1.45,High
STU01541,Economics,2,2.48,2.2,2.0,62.8,60.2,84.9,0.0,73.7,40.8,87.1,62.5,80.2,75.8,20.9,7.4,2.2,3.02,79.4,2.44,Medium
STU01542,Electrical Engineering,1,1.61,1.58,1.83,40.2,45.0,44.7,4.15,43.3,43.3,16.2,37.9,56.9,26.8,15.5,7.0,4.9,3.07,80.5,1.41,High
STU01543,Mathematics,6,2.12,2.26,2.39,53.9,49.6,50.3,2.8,59.7,73.3,46.8,67.1,53.2,54.0,8.6,7.6,6.9,2.67,71.5,2.07,Medium
STU01544,Biology,6,1.97,2.03,2.09,54.1,60.2,64.8,2.49,60.8,62.5,69.3,48.9,47.8,54.2,13.9,14.7,2.8,3.08,80.7,2.06,Medium
STU01545,Computer Science,3,2.2,1.92,2.11,76.5,66.2,68.8,4.84,62.7,85.7,53.3,46.2,58.7,56.9,16.0,8.2,6.1,3.49,89.8,2.38,Medium
STU01546,Mechanical Engineering,2,1.2,1.36,1.68,40.2,42.0,48.3,1.69,54.8,39.4,47.9,40.1,40.1,47.9,13.7,10.4,2.6,2.65,71.2,1.16,High
STU01547,Business Administration,6,3.06,2.82,2.84,85.2,92.3,93.3,,73.2,76.8,99.0,69.9,84.6,70.0,24.5,16.5,0.8,3.26,84.6,2.88,Low
STU01548,Economics,4,2.7,2.7,2.68,78.6,76.3,55.5,,84.2,81.1,88.8,72.4,91.2,90.2,25.4,17.4,5.9,3.02,79.4,2.55,Low
STU01549,Economics,6,3.27,3.24,3.32,68.5,82.1,81.3,0.0,89.6,81.6,99.8,100.0,65.4,93.2,21.2,23.8,2.6,3.02,79.4,3.13,Low
STU01550,Electrical Engineering,6,2.23,2.28,2.12,52.7,39.1,37.4,1.94,63.7,44.4,35.8,64.4,40.8,62.8,,10.8,5.9,3.07,80.5,2.22,Medium
STU01551,Computer Science,4,2.85,2.72,2.29,66.2,59.6,55.5,0.0,49.0,75.7,44.8,47.1,62.2,87.2,18.8,8.9,0.0,3.49,89.8,3.05,Low
STU01552,Electrical Engineering,6,2.06,1.82,1.63,69.4,59.6,53.5,2.11,60.5,52.0,47.8,56.6,54.7,53.6,23.0,12.1,10.9,3.07,80.5,2.04,Medium
STU01553,Biology,4,2.02,2.5,2.77,68.1,72.7,52.1,0.31,75.5,52.3,84.7,71.4,84.0,53.1,19.4,21.2,5.2,3.08,80.7,1.79,Medium
STU01554,Psychology,7,2.68,2.36,2.07,91.4,87.3,41.2,3.2,61.6,59.9,67.8,61.6,71.6,57.4,20.9,15.2,6.6,2.76,73.7,2.93,Low
STU01555,Mathematics,7,0.84,1.1,1.19,42.9,46.6,27.4,2.16,42.4,15.1,31.1,30.0,23.1,15.0,0.0,2.8,7.1,2.67,71.5,0.59,High
STU01556,Computer Science,4,2.05,2.17,2.06,33.9,30.0,49.1,1.58,53.6,33.0,24.5,51.2,8.4,4.5,0.8,0.0,9.1,3.49,89.8,1.91,High
STU01557,Mathematics,8,3.77,3.77,3.8,85.2,85.0,93.6,1.19,91.6,100.0,100.0,96.0,84.4,93.5,25.0,13.6,1.3,2.67,71.5,3.75,Low
STU01558,Computer Science,4,2.88,3.26,3.47,92.1,100.0,98.7,0.85,84.9,89.4,86.8,95.6,86.1,92.0,26.8,14.1,0.0,3.49,89.8,2.72,Low
STU01559,Biology,3,3.16,2.86,2.83,71.2,74.8,55.4,,64.3,47.2,61.2,53.6,53.4,31.6,16.8,6.5,1.6,3.08,80.7,3.13,Low
STU01560,Psychology,5,2.77,2.8,2.55,82.7,85.5,85.4,2.57,93.3,52.8,48.4,53.4,99.3,58.4,27.2,8.8,1.5,2.76,73.7,2.94,Low
STU01561,Electrical Engineering,3,3.09,3.35,3.48,83.7,80.1,100.0,1.35,73.6,80.7,80.6,50.6,73.2,73.8,18.0,11.7,7.0,3.07,80.5,3.08,Low
STU01562,Biology,6,4.0,3.56,3.74,82.7,83.5,99.1,0.0,73.2,77.9,78.6,63.2,74.9,73.7,25.1,15.8,4.5,3.08,80.7,3.88,Low
STU01563,Economics,5,3.11,2.93,2.81,58.0,52.1,68.1,1.6,55.8,58.4,59.1,58.6,58.8,68.3,19.1,15.7,6.4,3.02,79.4,3.25,Low
STU01564,Mathematics,8,3.18,3.26,3.05,70.6,62.6,68.0,0.63,55.1,73.4,67.6,62.5,42.7,67.3,20.5,8.6,4.3,2.67,71.5,3.35,Low
STU01565,Economics,8,2.22,2.27,2.28,62.1,61.3,43.9,4.57,74.7,59.7,61.3,66.9,56.9,44.4,21.6,7.4,2.0,3.02,79.4,2.15,Medium
STU01566,Computer Science,1,2.6,2.66,2.79,57.6,58.9,61.8,,62.5,73.5,79.9,60.8,96.1,100.0,18.5,9.9,5.8,3.49,89.8,2.44,Low
STU01567,Biology,2,1.75,2.01,2.12,70.5,64.6,66.1,1.34,57.4,62.2,59.7,62.4,47.0,52.2,19.3,12.7,4.6,3.08,80.7,1.73,Medium
STU01568,Electrical Engineering,5,1.8,1.76,1.49,24.3,30.0,25.5,5.51,29.7,22.9,24.3,31.5,32.0,37.1,3.8,11.6,0.0,3.07,80.5,1.92,High
STU01569,Biology,3,3.17,2.79,2.36,63.8,59.8,50.7,1.95,83.1,31.3,30.4,60.1,49.7,57.7,14.0,12.8,4.1,3.08,80.7,3.31,Low
STU01570,Mathematics,5,2.52,2.25,1.98,49.4,57.8,66.1,3.25,44.1,52.3,59.5,54.4,64.6,55.4,16.8,14.0,1.3,2.67,71.5,2.47,Medium
STU01571,Economics,6,2.47,2.62,2.74,79.7,79.6,100.0,2.54,60.9,78.8,71.0,88.1,76.6,77.4,20.8,12.3,10.0,3.02,79.4,2.5,Low
STU01572,Business Administration,3,2.52,2.54,2.73,63.8,65.6,48.7,5.21,60.4,59.2,62.4,61.0,54.9,57.6,16.9,12.9,11.6,3.26,84.6,2.66,Medium
STU01573,Economics,2,2.19,1.9,2.07,68.3,67.9,70.0,2.73,62.5,60.9,59.3,54.5,53.9,52.5,8.2,10.6,2.8,3.02,79.4,2.15,Medium
STU01574,Economics,3,3.33,3.21,3.1,72.6,73.8,64.7,2.94,67.7,69.1,74.8,68.7,71.8,63.9,21.8,10.3,5.7,3.02,79.4,3.5,Low
STU01575,Economics,2,4.0,4.0,4.0,96.0,84.6,71.1,0.0,80.4,80.3,95.7,92.6,65.4,76.8,16.5,13.8,1.7,3.02,79.4,3.92,Low
STU01576,Business Administration,3,3.22,2.94,3.02,96.9,92.6,86.3,0.0,63.8,65.8,82.1,58.8,66.6,60.7,,10.5,7.7,3.26,84.6,3.34,Low
STU01577,Computer Science,6,2.32,2.16,2.05,58.5,59.9,29.0,2.55,45.1,40.4,52.5,54.1,34.6,54.3,5.4,18.1,3.5,3.49,89.8,2.43,Medium
STU01578,Business Administration,3,2.35,2.59,2.79,58.4,67.5,86.1,0.3,83.8,90.6,47.7,63.6,75.4,40.9,23.8,13.4,7.9,3.26,84.6,2.27,Medium
STU01579,Psychology,1,1.66,1.89,1.78,59.4,51.3,63.3,2.66,26.1,57.8,55.4,46.5,43.7,44.9,14.0,14.1,3.4,2.76,73.7,1.92,Medium
STU01580,Economics,2,3.69,3.53,3.46,58.8,56.4,97.5,1.09,82.0,77.0,82.0,74.3,55.4,80.4,19.5,12.1,4.6,3.02,79.4,3.91,Low
STU01581,Mathematics,3,2.86,2.62,2.48,48.0,39.2,62.2,3.28,53.4,51.6,55.2,50.5,43.6,48.2,8.4,3.5,6.1,2.67,71.5,3.02,Medium
STU01582,Biology,5,3.06,2.88,2.58,82.3,79.0,71.3,2.77,77.0,79.9,67.5,66.9,77.9,69.8,12.6,20.0,2.1,3.08,80.7,3.11,Low
STU01583,Mechanical Engineering,4,3.09,2.98,2.85,62.5,54.4,36.0,0.92,74.6,81.8,43.3,53.5,82.3,63.3,17.6,11.6,7.7,2.65,71.2,3.17,Low
STU01584,Business Administration,1,0.62,0.63,0.59,29.7,30.0,50.7,3.78,25.7,28.6,21.6,17.6,16.7,42.2,7.6,4.5,4.4,3.26,84.6,0.61,High
STU01585,Business Administration,3,2.37,2.6,2.81,74.3,70.2,62.3,0.59,57.3,62.7,55.3,61.3,61.8,66.8,9.1,14.4,10.0,3.26,84.6,2.17,Medium
STU01586,Business Administration,2,3.72,3.37,3.15,100.0,97.0,100.0,0.33,75.4,81.3,93.5,59.0,68.9,91.4,13.1,14.5,4.9,3.26,84.6,3.96,Low
STU01587,Economics,4,1.96,1.84,1.97,52.6,62.3,39.1,3.09,57.2,42.8,54.1,48.0,52.0,49.2,9.8,16.9,7.3,3.02,79.4,1.85,Medium
STU01588,Economics,4,3.81,3.7,3.5,78.8,81.0,69.4,1.83,67.2,71.4,78.1,85.8,100.0,95.5,25.7,12.1,2.0,3.02,79.4,3.9,Low
STU01589,Psychology,6,2.91,2.7,2.54,62.2,54.7,76.1,4.04,53.7,76.3,60.5,46.3,51.5,64.6,18.4,6.8,2.7,2.76,73.7,2.92,Low
STU01590,Business Administration,5,1.37,1.45,1.35,35.5,31.2,16.0,4.34,33.9,26.5,31.6,30.8,38.9,33.9,5.4,3.6,4.0,3.26,84.6,1.34,High
STU01591,Mathematics,5,2.77,2.55,2.55,82.3,75.7,84.1,2.13,97.0,90.9,88.2,87.3,62.5,71.0,18.5,15.0,4.6,2.67,71.5,2.58,Low
STU01592,Mechanical Engineering,3,3.42,3.45,3.34,52.8,50.1,57.0,0.0,69.5,83.8,62.7,43.4,34.5,68.0,18.5,12.2,,2.65,71.2,3.21,Low
STU01593,Electrical Engineering,1,2.02,1.93,1.93,45.3,43.7,52.5,3.31,73.9,58.4,56.8,68.8,46.2,50.5,7.9,14.0,6.0,3.07,80.5,2.07,High
STU01594,Computer Science,7,3.36,3.24,3.24,100.0,95.8,83.5,3.95,80.6,77.6,92.1,77.6,90.1,76.7,25.2,18.1,3.2,3.49,89.8,3.51,Low
STU01595,Economics,2,1.99,2.14,1.96,52.8,63.0,48.2,1.94,71.2,48.5,29.6,59.2,66.8,39.8,12.9,6.8,8.7,3.02,79.4,1.91,Medium
STU01596,Mechanical Engineering,3,3.18,3.23,3.05,78.0,67.7,55.5,2.35,59.8,80.1,50.6,55.2,75.8,66.0,4.7,4.9,7.0,2.65,71.2,3.05,Low
STU01597,Biology,5,2.23,2.58,2.65,55.2,64.7,21.2,2.41,65.5,37.7,55.4,49.9,53.7,40.9,22.8,5.5,1.4,3.08,80.7,2.14,High
STU01598,Mathematics,4,1.33,1.46,1.65,53.3,57.6,34.8,3.07,40.8,49.4,48.5,43.3,30.1,50.8,11.8,7.1,6.3,2.67,71.5,1.1,High
STU01599,Computer Science,4,3.53,3.63,3.5,73.2,79.8,71.4,0.0,84.9,80.5,88.4,100.0,78.6,87.5,20.7,14.0,0.3,3.49,89.8,3.46,Low
STU01600,Computer Science,2,2.66,2.83,2.9,70.0,67.1,62.6,0.0,66.6,75.8,70.5,59.5,100.0,79.6,18.3,12.0,7.2,3.49,89.8,2.56,Low
STU01601,Economics,7,2.95,2.98,2.8,72.1,66.7,63.2,2.27,69.9,72.2,76.2,73.2,78.6,70.5,16.2,12.5,5.5,3.02,79.4,3.1,Low
STU01602,Psychology,6,3.26,3.26,2.94,55.6,44.7,62.4,0.31,61.8,79.0,61.9,75.2,66.5,67.6,,11.5,,2.76,73.7,3.16,Low
STU01603,Computer Science,8,1.98,1.74,1.85,47.0,38.8,62.3,2.91,47.1,40.5,45.2,49.6,50.8,53.0,12.2,7.8,,3.49,89.8,1.99,Medium
STU01604,Mathematics,8,2.64,2.42,2.12,50.6,51.4,35.7,6.15,56.0,57.1,66.5,60.7,56.2,49.5,15.4,15.7,7.5,2.67,71.5,2.77,Medium
STU01605,Electrical Engineering,3,2.43,2.36,2.43,72.8,76.7,67.0,2.56,57.1,60.9,27.9,34.9,41.7,36.4,14.7,11.4,1.8,3.07,80.5,2.38,Medium
STU01606,Electrical Engineering,7,2.85,3.16,3.18,61.1,70.0,83.1,1.08,49.6,49.6,58.3,63.0,44.8,79.9,13.4,11.2,8.1,3.07,80.5,2.86,Low
STU01607,Mathematics,7,2.4,2.03,1.98,84.6,75.3,59.5,4.15,56.6,58.9,50.6,61.0,63.4,64.7,13.3,4.5,5.7,2.67,71.5,2.4,Medium
STU01608,Electrical Engineering,1,2.92,2.71,2.42,83.8,73.3,58.7,0.86,80.7,47.8,71.2,61.2,56.0,72.1,22.1,10.9,,3.07,80.5,3.04,Low
STU01609,Psychology,6,2.55,2.52,2.53,69.6,66.5,73.0,0.0,81.0,82.1,73.7,84.6,72.7,82.4,20.6,10.2,1.8,2.76,73.7,2.49,Low
STU01610,Economics,8,2.91,2.98,2.74,78.3,72.0,65.8,2.77,61.4,62.1,50.2,62.9,73.7,65.0,23.4,4.1,6.1,3.02,79.4,2.86,Low
STU01611,Computer Science,8,2.66,3.16,3.11,71.3,78.3,78.1,0.41,69.6,77.5,76.6,74.9,74.5,74.4,15.0,23.0,4.1,3.49,89.8,2.67,Low
STU01612,Mathematics,1,2.81,2.96,2.85,59.7,59.0,61.5,1.64,57.0,76.1,78.2,79.5,40.6,100.0,15.8,16.5,0.0,2.67,71.5,2.62,Low
STU01613,Mathematics,6,0.95,0.75,0.66,53.4,46.6,17.5,3.57,33.1,30.4,35.6,18.9,34.3,26.9,10.3,10.5,,2.67,71.5,0.83,High
STU01614,Computer Science,5,3.48,3.28,3.36,83.7,79.3,100.0,0.0,94.7,86.5,83.3,87.0,100.0,87.3,29.7,12.8,7.3,3.49,89.8,3.43,Low
STU01615,Economics,8,1.36,1.54,1.31,68.9,60.4,24.5,2.58,61.2,34.4,38.7,26.9,27.9,43.2,10.9,6.8,11.2,3.02,79.4,1.37,High
STU01616,Business Administration,1,0.49,0.42,0.54,23.1,33.4,10.0,5.38,8.6,25.5,27.7,22.4,17.2,7.7,12.7,5.7,1.3,3.26,84.6,0.32,High
STU01617,Electrical Engineering,2,2.3,2.35,2.44,64.9,66.0,41.8,0.0,69.6,60.0,59.7,56.1,68.5,67.5,,9.5,2.7,3.07,80.5,2.37,Medium
STU01618,Business Administration,3,4.0,4.0,4.0,100.0,97.3,100.0,0.0,89.0,82.1,94.1,81.6,95.8,100.0,24.3,16.2,9.6,3.26,84.6,3.9,Low
STU01619,Computer Science,4,2.73,2.92,3.12,57.2,64.7,71.0,0.0,42.8,88.2,88.9,88.8,65.0,67.2,17.9,18.3,3.3,3.49,89.8,2.69,Low
STU01620,Mechanical Engineering,1,3.39,3.48,3.52,69.4,75.1,89.5,3.35,100.0,94.8,78.3,100.0,100.0,83.8,,19.4,,2.65,71.2,3.36,Low
STU01621,Biology,8,2.52,2.39,1.94,55.7,54.4,63.6,3.37,69.4,90.2,79.7,67.2,70.0,56.1,,13.2,5.3,3.08,80.7,2.85,Medium
STU01622,Business Administration,5,2.57,2.3,2.27,60.9,58.8,39.5,1.99,46.9,61.2,54.2,33.5,70.8,74.5,19.4,2.1,1.2,3.26,84.6,2.87,Medium
STU01623,Mathematics,3,3.39,3.64,3.65,85.3,94.3,93.2,0.0,86.6,100.0,53.3,92.0,79.4,85.9,23.8,15.9,4.1,2.67,71.5,3.32,Low
STU01624,Psychology,3,4.0,4.0,4.0,99.7,94.3,100.0,0.0,74.0,100.0,87.7,69.0,100.0,100.0,25.9,18.1,7.6,2.76,73.7,4.0,Low
STU01625,Mathematics,1,1.62,1.71,1.95,42.2,55.0,41.3,4.21,38.2,42.7,58.8,44.8,50.6,56.9,17.5,8.8,2.9,2.67,71.5,1.44,High
STU01626,Mathematics,2,4.0,4.0,4.0,100.0,100.0,95.2,0.0,93.4,85.8,100.0,94.1,100.0,100.0,23.3,11.0,6.8,2.67,71.5,3.83,Low
STU01627,Computer Science,2,3.66,3.74,4.0,89.8,99.7,89.7,0.53,82.9,87.6,82.6,100.0,77.1,88.0,27.7,13.4,2.7,3.49,89.8,3.68,Low
STU01628,Mechanical Engineering,5,2.81,2.63,2.23,89.7,83.1,42.1,2.5,69.5,49.4,70.7,48.8,61.9,53.1,,12.5,3.8,2.65,71.2,2.78,Low
STU01629,Electrical Engineering,1,2.03,1.99,1.81,66.7,68.7,40.3,1.35,75.5,53.1,65.4,67.2,76.6,45.1,14.1,13.8,10.3,3.07,80.5,2.02,Medium
STU01630,Biology,1,3.87,3.64,3.44,93.9,100.0,91.3,0.0,86.7,87.9,82.0,100.0,93.6,87.7,21.2,20.1,7.0,3.08,80.7,3.95,Low
STU01631,Biology,6,2.17,1.91,1.72,88.8,83.6,56.9,0.49,45.1,54.6,58.3,61.7,75.7,72.5,15.1,10.1,6.2,3.08,80.7,2.43,Medium
STU01632,Economics,3,2.54,2.71,2.67,74.0,67.7,30.2,1.9,64.0,55.1,64.2,60.8,66.7,62.7,16.4,12.8,2.1,3.02,79.4,2.51,Medium
STU01633,Mechanical Engineering,1,2.18,2.0,2.36,100.0,94.1,61.1,2.19,71.4,61.3,82.3,76.5,79.0,64.9,22.5,3.8,4.2,2.65,71.2,1.89,Medium
STU01634,Psychology,3,3.8,3.73,3.68,64.3,61.5,98.4,2.59,66.2,67.6,71.8,61.4,68.8,63.4,13.1,12.6,3.2,2.76,73.7,3.94,Low
STU01635,Mechanical Engineering,2,3.01,3.07,3.43,92.7,86.7,94.3,,99.9,81.5,92.6,70.7,75.8,74.5,21.6,13.7,5.7,2.65,71.2,2.8,Low
STU01636,Biology,5,2.95,3.16,3.11,79.5,70.4,71.4,1.45,49.3,86.7,87.3,55.5,61.7,57.3,,17.9,5.2,3.08,80.7,2.93,Low
STU01637,Mathematics,1,3.8,4.0,4.0,86.3,82.1,85.1,0.0,81.3,100.0,93.1,94.4,100.0,81.4,26.7,19.1,,2.67,71.5,3.89,Low
STU01638,Electrical Engineering,5,2.61,2.4,2.43,48.0,49.3,82.1,2.73,63.8,57.0,54.2,50.2,59.5,60.6,5.6,6.6,4.5,3.07,80.5,2.72,Medium
STU01639,Business Administration,6,2.8,3.0,2.95,71.5,77.5,100.0,3.06,68.2,70.0,83.2,72.9,77.5,67.4,10.7,12.5,0.5,3.26,84.6,2.79,Low
STU01640,Economics,6,2.32,2.07,2.04,98.9,80.9,73.7,1.5,54.3,75.3,62.5,77.0,53.4,87.5,14.4,8.7,4.4,3.02,79.4,2.39,Low
STU01641,Biology,4,3.1,3.46,3.59,82.5,84.2,80.0,,100.0,100.0,86.6,88.3,100.0,100.0,17.0,18.2,,3.08,80.7,2.87,Low
STU01642,Mathematics,8,2.92,2.52,2.51,39.0,39.3,64.4,3.53,76.7,69.0,66.9,71.0,69.6,69.0,10.1,8.2,7.2,2.67,71.5,3.09,Medium
STU01643,Mathematics,3,3.05,3.08,2.92,76.1,74.5,94.8,0.88,100.0,69.9,66.4,83.5,64.0,62.8,11.7,10.8,2.8,2.67,71.5,3.05,Low
STU01644,Biology,8,1.2,0.9,0.73,50.0,41.0,10.0,2.25,17.8,29.9,27.1,18.0,23.2,17.8,0.0,6.1,3.9,3.08,80.7,1.5,High
STU01645,Electrical Engineering,1,2.76,2.25,2.11,60.5,64.0,70.5,1.66,59.4,63.1,55.6,59.7,61.7,52.0,10.1,8.6,9.7,3.07,80.5,2.95,Low
STU01646,Biology,4,1.91,1.92,2.12,57.6,57.6,53.6,5.68,50.6,47.9,64.4,41.9,57.3,46.3,25.5,7.8,14.0,3.08,80.7,1.95,Medium
STU01647,Mathematics,4,2.77,2.46,2.17,59.1,54.6,72.4,0.0,38.9,72.0,50.7,64.1,71.2,69.2,20.7,11.8,5.5,2.67,71.5,2.94,Low
STU01648,Computer Science,1,1.91,1.97,2.07,67.1,65.8,55.5,3.33,22.3,54.7,9.9,65.3,63.1,52.5,17.6,12.3,2.9,3.49,89.8,1.75,Medium
STU01649,Electrical Engineering,7,3.4,3.55,3.75,100.0,96.0,68.5,2.84,74.8,69.0,26.4,97.3,56.8,69.8,21.4,13.4,11.4,3.07,80.5,3.57,Low
STU01650,Computer Science,6,3.73,3.61,3.76,95.9,88.9,86.8,,89.7,86.2,85.0,89.2,85.8,95.6,14.1,24.8,5.9,3.49,89.8,3.66,Low
STU01651,Mechanical Engineering,3,4.0,3.69,3.77,68.6,62.8,96.4,0.65,94.3,92.1,94.9,81.0,79.6,85.5,9.7,15.0,,2.65,71.2,4.0,Low
STU01652,Psychology,3,2.74,2.35,2.21,49.9,57.3,38.6,2.23,47.8,41.1,45.5,47.3,46.6,51.4,7.5,5.7,1.8,2.76,73.7,2.71,Medium
STU01653,Economics,5,3.7,3.76,3.76,78.6,66.5,74.3,0.0,74.9,81.5,83.8,67.3,86.0,82.7,,18.3,4.2,3.02,79.4,3.8,Low
STU01654,Psychology,2,2.43,2.78,2.41,76.9,79.4,47.3,0.0,78.4,86.2,71.0,69.8,87.3,79.0,13.0,19.7,0.4,2.76,73.7,2.33,Medium
STU01655,Electrical Engineering,2,4.0,3.59,3.64,87.3,78.9,100.0,2.63,100.0,91.3,100.0,78.1,93.6,88.5,16.1,20.2,6.0,3.07,80.5,4.0,Low
STU01656,Electrical Engineering,3,3.2,2.76,3.05,88.8,78.7,73.3,0.05,100.0,92.3,75.8,100.0,89.9,61.9,18.9,6.6,1.5,3.07,80.5,3.16,Low
STU01657,Biology,7,2.89,2.77,2.62,79.6,65.5,78.4,1.2,68.4,75.7,71.3,73.2,70.4,51.5,10.1,10.3,9.7,3.08,80.7,3.0,Low
STU01658,Psychology,2,0.97,0.7,0.5,37.2,31.5,13.1,3.76,26.4,20.7,16.3,37.2,26.2,30.1,12.2,3.6,5.4,2.76,73.7,1.31,High
STU01659,Biology,8,1.14,1.37,1.96,39.8,34.7,30.8,4.52,47.6,55.3,50.9,57.0,51.0,55.4,20.4,14.1,6.5,3.08,80.7,0.71,High
STU01660,Mathematics,1,1.4,1.52,1.67,70.7,68.8,59.3,3.66,64.3,44.5,48.8,59.3,55.6,66.3,7.7,10.3,4.4,2.67,71.5,1.42,Medium
STU01661,Mechanical Engineering,4,1.84,2.06,2.13,72.9,68.3,59.2,2.57,57.1,54.9,54.4,62.8,53.4,63.9,15.1,8.9,2.6,2.65,71.2,1.81,Medium
STU01662,Psychology,1,2.5,2.36,2.28,63.7,55.0,65.6,3.9,59.3,47.4,64.0,64.5,38.8,77.2,,5.5,0.0,2.76,73.7,2.37,Medium
STU01663,Electrical Engineering,6,2.72,2.47,2.24,75.5,68.1,68.0,4.77,59.1,57.8,53.5,42.3,52.0,61.1,16.0,14.5,6.0,3.07,80.5,2.96,Medium
STU01664,Economics,4,2.4,2.26,2.35,49.6,54.8,74.8,2.74,60.3,62.6,62.8,59.0,63.1,67.2,15.0,11.2,8.0,3.02,79.4,2.28,Medium
STU01665,Mathematics,2,3.58,3.37,3.31,91.4,97.5,79.5,0.57,91.7,97.1,94.3,95.7,100.0,99.1,24.5,8.7,7.2,2.67,71.5,3.82,Low
STU01666,Business Administration,2,2.79,2.51,2.41,63.4,53.5,45.2,2.06,57.3,63.5,59.2,56.3,56.4,58.1,10.3,11.4,7.1,3.26,84.6,2.86,Medium
STU01667,Psychology,3,0.89,1.24,1.3,56.7,62.3,52.7,4.99,45.8,36.0,0.8,25.9,20.7,25.7,21.1,3.4,1.8,2.76,73.7,1.08,High
STU01668,Business Administration,1,2.68,2.13,1.76,64.2,59.7,62.5,1.87,65.4,67.9,48.8,58.6,48.8,80.5,7.9,18.0,8.9,3.26,84.6,2.91,Low
STU01669,Business Administration,6,2.48,2.54,2.59,74.2,80.3,67.2,1.69,76.7,78.4,91.9,71.6,69.4,79.7,26.2,9.5,4.4,3.26,84.6,2.49,Low
STU01670,Computer Science,6,2.65,2.97,2.86,75.1,74.6,99.8,0.0,78.6,80.4,86.6,84.9,72.9,87.1,28.7,18.3,8.2,3.49,89.8,2.53,Low
STU01671,Mechanical Engineering,3,1.77,1.6,1.72,46.4,30.3,36.9,3.89,47.6,57.2,7.5,24.7,30.2,17.9,8.5,0.9,7.8,2.65,71.2,1.81,High
STU01672,Economics,4,2.84,2.78,2.82,89.7,81.5,74.5,2.6,53.2,65.3,69.2,64.9,59.8,78.2,17.7,17.1,8.4,3.02,79.4,2.92,Low
STU01673,Electrical Engineering,8,2.19,2.04,2.24,51.8,59.8,61.2,3.36,67.8,48.8,44.4,68.5,45.6,68.8,23.6,14.8,,3.07,80.5,2.13,Medium
STU01674,Mathematics,6,2.88,2.7,2.53,69.6,67.7,63.4,3.44,91.0,60.2,61.6,53.5,55.7,75.0,,9.0,3.2,2.67,71.5,3.12,Low
STU01675,Biology,4,1.76,1.71,1.61,45.8,40.3,53.0,,26.5,36.0,33.9,40.0,32.7,43.3,6.4,10.2,,3.08,80.7,1.68,High
STU01676,Mechanical Engineering,2,3.42,3.26,3.06,49.9,41.7,86.0,2.13,43.3,44.0,54.4,58.2,67.5,63.5,18.4,15.7,6.0,2.65,71.2,3.5,Low
STU01677,Mechanical Engineering,3,4.0,4.0,4.0,100.0,99.8,100.0,0.0,100.0,100.0,92.6,86.0,100.0,100.0,,17.1,6.5,2.65,71.2,4.0,Low
STU01678,Mathematics,7,3.91,3.63,3.56,74.7,71.8,98.3,3.22,78.6,80.5,73.0,71.9,82.0,90.6,20.1,17.8,4.2,2.67,71.5,3.89,Low
STU01679,Biology,3,1.36,1.78,2.22,61.4,66.2,54.3,4.8,32.8,27.9,39.3,68.9,18.9,57.7,14.6,3.1,2.6,3.08,80.7,1.11,High
STU01680,Psychology,1,3.18,3.16,3.32,80.9,80.6,80.6,0.0,83.1,100.0,100.0,100.0,100.0,100.0,28.4,18.1,5.6,2.76,73.7,3.04,Low
STU01681,Computer Science,1,2.73,2.83,2.96,64.9,53.4,65.5,,56.6,61.5,57.2,61.5,76.2,46.0,18.6,10.5,9.1,3.49,89.8,2.62,Medium
STU01682,Psychology,7,2.23,1.85,1.53,83.1,78.4,63.4,4.04,69.2,70.6,59.4,65.5,64.3,69.0,23.9,7.8,,2.76,73.7,2.38,Low
STU01683,Computer Science,6,1.26,1.55,2.0,71.1,76.4,85.9,4.54,58.8,49.2,44.4,71.1,60.2,64.7,18.4,11.9,3.6,3.49,89.8,1.01,High
STU01684,Biology,7,2.28,2.24,1.94,89.5,90.9,74.2,2.94,63.7,66.5,72.3,83.1,61.2,69.5,21.3,8.3,5.5,3.08,80.7,2.34,Medium
STU01685,Business Administration,8,2.64,2.63,2.86,50.8,58.0,32.7,0.0,79.0,63.5,48.4,51.3,62.8,61.9,12.3,19.9,12.9,3.26,84.6,2.68,Medium
STU01686,Computer Science,3,4.0,3.76,3.69,82.7,81.6,59.3,0.0,80.2,86.6,85.5,81.7,95.0,81.6,12.0,13.3,,3.49,89.8,4.0,Low
STU01687,Biology,7,4.0,3.93,4.0,80.0,76.0,83.5,2.63,90.5,69.7,84.5,66.4,77.5,100.0,19.8,17.7,5.3,3.08,80.7,3.88,Low
STU01688,Electrical Engineering,7,2.35,2.52,2.36,67.2,68.2,74.5,4.37,61.6,74.8,47.4,60.2,67.2,67.8,16.6,9.0,8.0,3.07,80.5,2.33,Medium
STU01689,Electrical Engineering,4,2.2,2.52,2.57,65.8,62.2,86.6,1.75,79.1,70.3,76.6,87.8,79.6,76.4,24.1,15.5,1.4,3.07,80.5,2.2,Medium
STU01690,Computer Science,6,1.39,1.82,1.67,43.9,44.9,10.0,2.61,41.4,10.9,33.5,14.2,81.3,36.8,10.5,8.2,1.6,3.49,89.8,1.38,High
STU01691,Mechanical Engineering,4,4.0,3.99,3.93,87.5,85.0,49.8,2.53,81.4,81.7,81.4,87.7,90.8,89.6,21.4,17.6,12.1,2.65,71.2,4.0,Low
STU01692,Psychology,4,3.35,3.28,2.96,100.0,97.6,82.8,0.0,90.1,100.0,47.5,91.7,83.1,79.3,7.7,16.7,4.6,2.76,73.7,3.48,Low
STU01693,Psychology,7,3.15,3.14,3.02,84.0,72.2,72.1,,64.0,83.0,46.6,69.1,63.1,77.4,7.3,15.6,7.0,2.76,73.7,3.22,Low
STU01694,Biology,5,2.86,2.67,2.33,60.1,60.3,70.1,1.24,73.2,67.0,69.3,82.0,83.4,76.0,20.5,15.2,3.0,3.08,80.7,2.87,Low
STU01695,Mechanical Engineering,7,2.13,2.37,2.32,80.6,82.8,71.2,2.45,27.3,48.2,58.6,66.6,62.3,59.1,13.0,13.0,0.9,2.65,71.2,2.0,Medium
STU01696,Business Administration,3,3.32,3.46,3.69,84.6,100.0,100.0,0.4,100.0,100.0,100.0,100.0,100.0,78.0,35.5,18.8,6.9,3.26,84.6,2.93,Low
STU01697,Mathematics,8,2.86,2.75,2.83,76.5,75.2,81.8,2.17,67.8,47.2,60.2,98.4,47.6,94.5,9.2,10.0,3.9,2.67,71.5,2.87,Medium
STU01698,Psychology,8,1.9,2.02,2.07,62.6,69.8,70.8,1.36,56.7,64.3,77.0,64.6,22.9,74.4,8.5,8.3,5.6,2.76,73.7,1.95,Medium
STU01699,Computer Science,2,3.08,3.02,2.99,81.3,88.3,74.0,0.82,80.3,77.4,80.8,83.7,76.3,72.4,8.7,16.9,5.2,3.49,89.8,3.25,Low
STU01700,Computer Science,5,1.72,1.6,1.93,52.7,51.0,31.5,2.25,33.5,24.2,56.7,68.2,48.5,49.5,9.7,9.0,6.1,3.49,89.8,1.82,High
STU01701,Business Administration,3,2.06,2.3,2.47,33.1,45.6,31.7,4.35,69.3,76.3,63.9,72.0,60.6,38.6,15.5,5.4,3.2,3.26,84.6,1.96,High
STU01702,Computer Science,8,2.81,2.45,2.22,84.2,76.4,68.7,0.0,38.8,59.8,93.0,83.2,100.0,82.6,20.7,7.1,5.9,3.49,89.8,3.08,Low
STU01703,Biology,7,2.5,2.07,1.8,78.3,67.4,59.7,2.05,76.1,85.2,46.1,53.4,90.1,26.5,14.6,11.6,4.5,3.08,80.7,2.77,Medium
STU01704,Economics,7,2.64,2.74,2.79,57.4,61.9,28.9,1.09,63.6,66.8,63.6,54.1,49.2,80.1,16.5,7.0,7.6,3.02,79.4,2.61,Medium
STU01705,Psychology,7,2.63,2.51,2.39,49.5,43.4,38.8,2.46,66.0,77.2,73.7,69.4,63.9,50.2,9.7,6.2,6.2,2.76,73.7,2.83,Medium
STU01706,Mechanical Engineering,6,3.32,3.27,3.31,50.4,53.1,75.7,0.0,76.3,72.6,91.0,84.7,66.8,56.5,19.1,10.9,4.5,2.65,71.2,3.45,Low
STU01707,Electrical Engineering,8,3.15,3.26,3.2,63.3,66.9,79.1,0.32,86.9,82.2,86.7,89.8,100.0,76.3,14.6,20.4,0.5,3.07,80.5,3.08,Low
STU01708,Business Administration,1,2.59,2.57,2.56,53.9,50.6,74.6,1.89,68.7,69.5,63.4,44.9,56.7,57.7,13.0,9.4,0.4,3.26,84.6,2.56,Medium
STU01709,Economics,3,2.25,1.7,1.66,56.4,51.5,67.6,3.17,57.8,58.6,42.9,59.2,70.2,64.3,15.8,13.8,5.6,3.02,79.4,2.51,Medium
STU01710,Economics,6,2.48,2.64,2.68,70.9,71.5,75.8,,71.7,59.4,100.0,54.3,88.1,63.8,16.8,11.6,6.3,3.02,79.4,2.44,Low
STU01711,Economics,8,3.27,3.3,3.67,99.5,100.0,75.6,0.0,83.1,89.0,89.8,99.6,100.0,86.6,23.2,8.8,5.8,3.02,79.4,2.94,Low
STU01712,Biology,1,2.13,1.96,1.49,77.5,66.8,50.8,4.1,56.6,46.3,35.0,45.7,38.1,38.9,20.6,11.5,6.7,3.08,80.7,2.39,Medium
STU01713,Mathematics,6,1.63,1.76,1.61,53.2,39.6,31.5,1.92,45.4,9.4,39.9,39.1,23.7,34.6,,3.9,7.0,2.67,71.5,1.7,High
STU01714,Mathematics,3,2.34,2.03,2.02,64.5,54.7,65.3,0.76,45.2,61.1,61.4,47.9,61.8,36.5,9.8,13.0,5.1,2.67,71.5,2.42,Medium
STU01715,Computer Science,5,3.25,3.36,3.4,60.4,58.2,95.9,0.42,68.9,69.3,73.8,60.4,64.9,61.7,15.3,9.0,9.0,3.49,89.8,2.92,Low
STU01716,Mechanical Engineering,8,2.02,2.19,2.27,44.7,56.0,31.5,0.0,57.9,80.8,43.0,69.3,33.2,28.4,12.0,1.8,7.2,2.65,71.2,2.11,High
STU01717,Electrical Engineering,4,1.98,2.05,2.24,74.3,57.4,41.7,1.99,93.7,45.5,55.6,72.6,46.1,70.3,12.3,14.8,7.9,3.07,80.5,1.78,Medium
STU01718,Economics,7,2.5,2.53,2.45,70.9,59.9,61.9,0.7,76.0,63.0,73.6,79.5,36.4,57.9,13.6,17.1,0.0,3.02,79.4,2.68,Low
STU01719,Business Administration,8,3.45,3.01,2.76,52.7,47.6,63.7,4.72,71.4,24.4,66.9,64.7,52.7,84.7,12.1,4.2,7.3,3.26,84.6,3.67,Low
STU01720,Psychology,1,3.95,3.98,3.76,94.5,98.4,98.5,0.16,87.5,87.3,86.7,89.6,91.6,95.1,11.0,5.6,9.9,2.76,73.7,4.0,Low
STU01721,Biology,3,2.78,2.77,2.88,91.1,86.3,72.9,0.03,56.0,51.4,84.9,44.5,70.9,58.5,22.8,7.7,2.6,3.08,80.7,2.84,Low
STU01722,Mechanical Engineering,2,3.65,3.91,4.0,100.0,99.6,100.0,0.0,92.7,100.0,100.0,98.6,94.9,94.4,,9.1,7.3,2.65,71.2,3.37,Low
STU01723,Business Administration,6,2.54,2.38,2.47,71.0,65.9,53.7,3.41,64.6,57.9,81.2,54.0,65.9,59.9,13.1,13.2,3.7,3.26,84.6,2.32,Medium
STU01724,Mechanical Engineering,1,2.81,3.03,3.18,93.9,88.4,77.2,0.0,75.5,81.7,79.3,69.7,74.4,74.8,18.3,16.0,3.8,2.65,71.2,2.63,Low
STU01725,Mechanical Engineering,3,1.28,1.25,1.28,30.4,32.4,16.2,3.72,28.8,33.0,39.2,40.0,41.7,19.0,16.1,4.5,3.3,2.65,71.2,1.24,High
STU01726,Business Administration,5,3.08,2.9,2.79,69.8,59.3,57.9,3.6,64.9,59.5,47.0,75.5,94.9,65.4,17.8,6.4,5.1,3.26,84.6,2.92,Low
STU01727,Psychology,7,1.46,1.26,1.34,56.7,53.7,38.6,3.23,72.1,36.4,54.8,70.0,34.4,57.5,8.0,18.8,0.0,2.76,73.7,1.37,Medium
STU01728,Economics,3,2.37,2.31,2.28,43.9,42.9,82.5,5.34,45.5,48.0,56.0,53.2,38.6,44.3,5.3,1.5,11.6,3.02,79.4,2.32,Medium
STU01729,Psychology,1,3.66,3.67,3.3,100.0,100.0,100.0,0.0,83.7,85.1,75.6,82.5,86.2,61.4,17.3,10.3,7.0,2.76,73.7,3.69,Low
STU01730,Biology,6,1.7,1.68,1.73,62.5,65.0,49.5,0.75,36.6,54.9,39.4,48.1,42.9,45.2,17.8,9.5,2.2,3.08,80.7,1.8,Medium
STU01731,Electrical Engineering,7,2.43,2.49,2.46,51.4,59.7,68.9,1.42,55.7,71.0,79.0,61.7,66.5,48.2,10.6,14.5,,3.07,80.5,2.63,Medium
STU01732,Mathematics,7,3.27,3.11,3.04,92.1,89.0,83.2,0.0,75.4,80.0,76.7,82.9,78.4,73.9,14.3,11.1,5.5,2.67,71.5,3.21,Low
STU01733,Mathematics,6,2.11,2.37,2.76,46.7,53.8,56.9,4.17,35.4,29.3,56.2,36.1,59.5,51.9,14.2,7.0,2.5,2.67,71.5,1.8,Medium
STU01734,Electrical Engineering,4,3.42,3.66,3.87,76.8,81.2,72.4,0.97,83.0,79.0,77.6,84.9,84.1,89.3,20.8,8.5,8.0,3.07,80.5,3.31,Low
STU01735,Mechanical Engineering,4,2.66,2.57,2.26,62.1,63.1,77.2,2.68,64.1,69.4,71.7,73.0,66.4,70.1,16.1,15.7,5.0,2.65,71.2,2.95,Low
STU01736,Biology,2,2.57,2.37,2.38,48.7,54.7,82.5,2.08,56.4,64.2,65.0,85.5,58.9,79.2,19.3,4.1,3.9,3.08,80.7,2.64,Medium
STU01737,Mechanical Engineering,8,1.45,1.18,1.27,29.9,30.0,40.7,2.94,24.2,22.3,33.1,30.4,31.9,31.5,,6.1,8.0,2.65,71.2,1.35,High
STU01738,Electrical Engineering,1,3.64,3.78,3.95,100.0,100.0,100.0,0.0,94.1,88.1,100.0,100.0,100.0,100.0,18.5,17.1,4.0,3.07,80.5,3.53,Low
STU01739,Economics,1,1.32,1.47,1.61,57.4,57.7,51.8,1.15,43.2,48.5,48.5,54.9,50.7,54.6,7.1,9.1,6.6,3.02,79.4,1.1,High
STU01740,Mathematics,1,1.78,1.94,2.11,53.1,51.5,58.4,3.59,47.4,37.9,58.0,45.2,58.9,54.0,5.8,10.5,10.0,2.67,71.5,1.88,Medium
STU01741,Biology,7,2.37,2.08,1.81,42.5,38.6,48.7,0.73,45.9,40.9,38.2,37.9,41.7,38.5,4.1,3.4,8.5,3.08,80.7,2.55,Medium
STU01742,Electrical Engineering,5,1.13,1.37,1.79,59.3,58.6,56.0,3.53,52.9,57.3,56.4,64.1,47.9,48.3,16.6,8.4,6.4,3.07,80.5,0.66,High
STU01743,Mathematics,3,3.74,3.57,3.76,89.6,86.5,99.5,0.85,86.0,100.0,85.4,86.4,78.2,91.3,5.8,14.5,8.8,2.67,71.5,3.54,Low
STU01744,Mathematics,7,4.0,4.0,4.0,81.0,75.6,89.0,0.0,77.6,86.3,82.1,77.8,96.9,100.0,15.4,15.6,3.8,2.67,71.5,4.0,Low
STU01745,Psychology,7,2.54,2.3,2.25,59.5,48.6,85.9,4.31,51.7,52.6,57.1,53.1,58.6,51.2,17.4,8.2,0.0,2.76,73.7,2.64,Low
STU01746,Computer Science,2,3.47,3.63,4.0,100.0,98.9,92.6,1.06,88.9,100.0,86.9,88.8,89.3,96.1,19.5,16.0,2.4,3.49,89.8,3.19,Low
STU01747,Mathematics,4,2.57,2.12,1.83,82.5,77.4,58.3,1.68,55.2,48.4,50.6,62.1,42.7,51.3,20.4,13.2,0.0,2.67,71.5,3.05,Low
STU01748,Mechanical Engineering,2,3.32,3.03,2.95,100.0,100.0,63.2,0.36,81.3,80.7,89.6,83.0,83.9,89.5,28.5,23.4,6.4,2.65,71.2,3.59,Low
STU01749,Electrical Engineering,1,3.98,3.87,3.69,46.8,47.6,65.7,0.0,87.5,57.9,79.3,69.8,96.1,77.9,7.9,15.8,1.7,3.07,80.5,4.0,Low
STU01750,Mathematics,4,4.0,4.0,3.74,84.2,84.4,100.0,0.03,92.5,100.0,82.0,87.4,91.9,100.0,18.6,14.1,1.0,2.67,71.5,4.0,Low
STU01751,Computer Science,8,3.07,3.03,2.87,51.3,49.3,79.0,0.0,46.8,50.3,37.9,52.8,58.5,50.3,3.0,10.0,4.9,3.49,89.8,3.13,Medium
STU01752,Mathematics,6,3.3,2.97,2.9,82.2,74.8,96.3,,82.5,81.8,77.9,84.2,83.7,81.5,28.2,12.5,0.0,2.67,71.5,3.54,Low
STU01753,Economics,7,2.58,2.39,2.44,64.3,54.3,38.6,2.83,50.4,53.4,48.9,45.7,46.5,49.5,5.2,15.9,4.8,3.02,79.4,2.71,Medium
STU01754,Business Administration,6,3.24,3.03,3.16,25.8,34.4,58.2,2.77,66.6,67.9,59.7,76.6,80.5,63.0,23.6,11.1,3.5,3.26,84.6,3.42,Medium
STU01755,Business Administration,3,2.74,2.52,1.86,81.2,64.2,62.4,1.7,72.7,56.1,41.6,38.8,58.8,69.3,8.9,12.2,5.5,3.26,84.6,2.89,Low
STU01756,Mechanical Engineering,2,2.11,2.27,2.26,72.3,58.3,68.5,3.34,80.3,71.2,88.1,65.1,99.9,55.7,11.2,6.8,,2.65,71.2,2.09,Medium
STU01757,Business Administration,3,2.54,2.6,2.78,46.7,56.8,72.2,1.71,60.6,62.7,64.0,56.2,70.4,58.5,18.0,6.7,5.3,3.26,84.6,2.67,Medium
STU01758,Computer Science,8,2.72,2.84,2.95,23.2,30.0,60.7,2.69,78.0,56.8,68.4,95.9,61.9,74.2,13.0,15.4,7.7,3.49,89.8,2.74,Medium
STU01759,Business Administration,8,3.67,3.55,3.19,69.9,69.3,70.8,1.76,90.2,80.3,65.0,71.1,93.0,80.1,13.2,10.1,6.9,3.26,84.6,3.86,Low
STU01760,Computer Science,1,2.37,2.44,2.71,48.1,50.3,52.1,0.77,59.7,35.3,58.5,68.2,58.9,65.5,15.0,9.1,2.8,3.49,89.8,2.38,Medium
STU01761,Computer Science,5,2.94,3.05,3.03,48.7,48.1,21.5,1.1,62.9,74.2,65.9,71.8,50.3,64.6,6.8,11.0,9.3,3.49,89.8,2.87,Low
STU01762,Electrical Engineering,3,1.32,1.13,1.22,42.5,37.3,10.9,5.58,22.0,20.0,25.9,33.2,21.9,30.6,3.0,2.4,5.0,3.07,80.5,1.32,High
STU01763,Business Administration,4,1.71,1.72,2.16,54.2,51.3,71.2,0.8,78.0,65.9,39.1,31.5,56.2,64.6,16.6,7.4,0.5,3.26,84.6,1.8,High
STU01764,Economics,1,2.29,2.61,2.45,47.3,50.9,65.7,1.45,59.1,50.5,42.5,56.5,35.6,63.1,9.2,17.1,9.1,3.02,79.4,2.05,Medium
STU01765,Business Administration,3,2.64,2.78,2.91,79.8,89.5,61.4,3.44,82.7,95.9,93.8,77.8,95.6,80.3,18.0,14.8,7.5,3.26,84.6,2.52,Low
STU01766,Mechanical Engineering,1,2.33,2.15,2.1,43.2,42.9,42.8,1.29,54.5,59.8,30.8,49.7,40.4,36.3,18.3,11.4,4.8,2.65,71.2,2.52,Medium
STU01767,Business Administration,8,2.54,2.53,2.49,63.1,53.6,64.1,1.11,68.3,66.2,54.3,42.2,49.0,54.1,12.9,5.3,3.6,3.26,84.6,2.52,Medium
STU01768,Psychology,7,2.55,2.52,2.59,47.6,52.7,54.1,3.82,84.4,94.0,70.6,45.4,58.3,32.1,8.0,18.7,2.9,2.76,73.7,2.52,Medium
STU01769,Mechanical Engineering,1,3.79,3.83,4.0,99.0,100.0,100.0,2.07,96.6,88.4,99.0,95.2,99.8,93.5,16.6,21.4,7.5,2.65,71.2,3.78,Low
STU01770,Economics,1,3.54,3.45,3.3,84.9,76.9,98.5,1.51,55.1,91.8,71.5,73.3,77.0,74.6,12.4,13.2,7.5,3.02,79.4,3.63,Low
STU01771,Economics,3,4.0,4.0,3.55,80.3,80.9,58.1,,89.7,76.2,83.2,81.5,80.7,77.8,16.0,12.6,6.5,3.02,79.4,3.92,Low
STU01772,Mechanical Engineering,2,1.72,1.84,1.95,45.4,52.3,34.5,2.35,42.6,42.2,41.9,49.6,37.1,40.3,9.6,8.6,7.1,2.65,71.2,1.78,High
STU01773,Mechanical Engineering,6,4.0,3.92,4.0,86.2,88.2,79.9,0.0,100.0,100.0,89.6,100.0,82.9,71.8,27.5,15.8,8.8,2.65,71.2,3.97,Low
STU01774,Electrical Engineering,8,3.53,3.5,4.0,77.6,84.0,93.9,1.0,85.7,90.8,84.7,97.1,81.2,89.4,21.8,8.4,9.0,3.07,80.5,3.4,Low
STU01775,Computer Science,1,4.0,4.0,4.0,94.2,94.4,85.5,0.16,100.0,100.0,100.0,100.0,100.0,86.3,20.7,19.7,4.6,3.49,89.8,3.97,Low
STU01776,Mechanical Engineering,2,2.53,2.78,2.73,71.6,80.4,77.2,0.0,78.4,94.4,73.4,100.0,100.0,100.0,31.4,12.5,2.3,2.65,71.2,2.46,Medium
STU01777,Mechanical Engineering,8,2.5,2.83,3.19,70.3,74.8,88.0,4.21,72.4,73.1,94.3,55.8,94.2,75.4,15.2,8.7,1.2,2.65,71.2,2.33,Medium
STU01778,Business Administration,1,4.0,4.0,3.58,75.4,71.9,97.8,2.45,83.6,79.3,67.7,81.6,90.4,70.9,13.8,13.6,7.0,3.26,84.6,4.0,Low
STU01779,Psychology,2,1.38,1.5,1.77,31.8,33.6,42.1,2.72,28.0,42.7,44.8,38.8,33.7,27.0,20.3,8.1,4.1,2.76,73.7,1.29,High
STU01780,Mathematics,8,3.16,3.29,3.37,93.9,93.1,97.3,0.0,100.0,88.5,89.7,96.5,100.0,85.4,20.5,12.7,1.9,2.67,71.5,2.93,Low
STU01781,Mathematics,6,4.0,4.0,4.0,100.0,100.0,100.0,0.0,96.4,81.8,98.8,100.0,100.0,88.0,13.9,18.7,,2.67,71.5,3.96,Low
STU01782,Mathematics,5,2.74,2.44,2.22,48.5,51.5,50.7,0.28,68.5,65.3,65.6,58.0,61.8,67.8,15.8,14.1,1.5,2.67,71.5,2.91,Low
STU01783,Electrical Engineering,3,0.76,1.0,0.69,35.8,41.5,31.7,3.98,30.8,38.4,36.7,48.5,34.4,30.2,13.8,3.7,2.6,3.07,80.5,0.42,High
STU01784,Computer Science,7,4.0,4.0,3.76,74.3,70.1,69.5,0.0,79.4,60.2,83.4,88.2,92.9,71.3,20.4,16.7,0.9,3.49,89.8,4.0,Low
STU01785,Psychology,2,3.06,2.99,2.83,78.1,75.9,73.2,1.94,72.7,84.7,88.8,56.8,63.6,54.3,13.8,8.3,6.6,2.76,73.7,3.11,Low
STU01786,Mechanical Engineering,1,3.21,3.13,3.1,55.5,53.2,80.9,0.0,76.7,68.1,81.2,59.7,57.6,83.3,19.2,21.3,5.5,2.65,71.2,3.41,Low
STU01787,Mechanical Engineering,3,1.76,2.16,2.67,66.5,78.6,80.4,1.76,50.6,84.3,61.4,68.5,59.9,64.0,17.7,15.1,7.7,2.65,71.2,1.41,Medium
STU01788,Mathematics,4,3.21,3.08,3.08,70.5,76.6,57.9,1.17,75.1,75.8,88.1,75.1,73.7,68.1,22.7,17.7,3.7,2.67,71.5,3.27,Low
STU01789,Mathematics,4,4.0,3.87,3.89,88.2,71.1,82.6,1.12,96.2,77.2,59.6,53.9,83.5,100.0,27.4,19.6,7.5,2.67,71.5,4.0,Low
STU01790,Mathematics,7,1.36,1.02,0.79,37.9,35.6,17.7,2.09,36.9,24.7,31.3,25.8,41.9,53.1,7.5,2.9,10.9,2.67,71.5,1.33,High
STU01791,Biology,4,3.82,3.74,4.0,83.0,82.3,77.4,0.0,81.0,86.0,98.4,83.6,95.5,77.2,4.7,14.7,3.2,3.08,80.7,3.64,Low
STU01792,Computer Science,6,1.19,1.45,1.7,35.5,30.0,50.5,0.32,52.0,53.7,55.3,46.3,50.5,53.7,3.8,15.0,8.2,3.49,89.8,0.93,High
STU01793,Electrical Engineering,7,1.96,1.91,2.06,50.0,47.8,60.8,3.38,82.6,54.5,34.7,37.0,74.2,61.5,5.3,3.2,5.1,3.07,80.5,1.85,High
STU01794,Mechanical Engineering,5,1.68,1.74,1.59,39.2,32.7,63.9,5.12,49.7,32.4,48.4,41.4,41.8,32.3,3.0,8.6,6.0,2.65,71.2,1.7,High
STU01795,Economics,1,1.58,1.8,1.73,52.6,45.4,38.6,2.84,48.6,48.5,48.9,48.2,54.1,47.7,10.1,10.8,5.7,3.02,79.4,1.73,High
STU01796,Electrical Engineering,2,1.69,1.83,2.02,49.5,52.7,48.6,0.56,43.6,46.5,66.4,63.5,53.1,73.2,14.1,9.4,4.8,3.07,80.5,1.48,High
STU01797,Economics,2,2.16,1.89,1.52,50.3,50.7,51.6,3.19,29.7,61.6,40.7,54.6,39.3,65.9,12.1,3.6,,3.02,79.4,2.5,Medium
STU01798,Biology,1,3.32,3.13,2.9,80.9,68.7,40.9,1.86,79.7,47.8,76.2,51.2,80.8,63.9,18.3,4.1,7.2,3.08,80.7,3.52,Low
STU01799,Computer Science,8,3.11,3.25,3.32,78.9,75.3,84.8,,89.9,97.5,69.5,92.6,99.4,87.1,24.9,15.8,4.2,3.49,89.8,3.28,Low
STU01800,Psychology,4,2.41,2.24,2.26,66.0,72.0,65.4,1.01,46.3,62.3,55.3,88.6,22.6,65.4,17.0,7.2,2.1,2.76,73.7,2.26,Medium
STU01801,Electrical Engineering,1,2.73,2.8,2.87,75.2,64.5,45.6,1.8,75.1,74.3,72.4,68.1,82.2,77.6,20.9,14.2,4.4,3.07,80.5,2.76,Low
STU01802,Biology,2,3.02,2.99,3.04,100.0,100.0,58.2,0.89,76.2,82.1,61.3,65.9,74.1,65.6,,12.7,8.0,3.08,80.7,3.1,Low
STU01803,Business Administration,2,2.73,2.46,2.16,54.1,57.1,35.5,1.92,59.8,61.1,59.6,59.4,60.5,60.9,10.8,4.6,5.8,3.26,84.6,2.71,Medium
STU01804,Business Administration,7,2.64,2.88,3.1,56.6,61.8,60.7,1.66,47.5,83.4,49.4,64.7,64.4,65.0,22.5,8.4,0.0,3.26,84.6,2.42,Medium
STU01805,Mechanical Engineering,2,0.64,1.13,1.44,57.7,58.8,47.6,1.6,67.2,56.6,65.5,46.8,45.0,77.3,13.9,14.4,0.8,2.65,71.2,0.55,High
STU01806,Electrical Engineering,6,1.46,1.33,1.15,39.2,39.8,40.1,3.06,37.0,36.6,59.5,41.1,52.9,30.2,11.7,10.7,9.5,3.07,80.5,1.42,High
STU01807,Psychology,6,1.76,1.77,1.87,31.7,38.8,41.5,3.44,36.1,44.5,23.0,21.9,37.2,54.3,12.5,0.2,9.2,2.76,73.7,1.75,High
STU01808,Business Administration,2,3.63,3.54,2.99,77.0,69.9,54.4,0.42,55.3,63.4,67.4,73.5,72.3,55.0,,10.1,3.9,3.26,84.6,3.82,Low
STU01809,Biology,2,2.83,2.91,2.87,75.5,76.2,74.4,0.0,57.1,59.6,69.3,61.5,55.0,61.3,11.9,6.7,6.7,3.08,80.7,2.75,Low
STU01810,Mathematics,8,1.81,1.98,2.41,67.9,69.4,86.8,0.72,51.3,43.5,60.8,70.2,76.3,59.5,6.3,7.0,6.1,2.67,71.5,1.62,High
STU01811,Computer Science,1,2.5,2.4,2.58,83.8,73.0,50.5,0.66,42.3,54.4,37.0,61.3,57.8,36.4,11.8,10.0,7.2,3.49,89.8,2.57,Medium
STU01812,Economics,5,2.7,2.71,2.54,92.1,80.1,58.3,1.14,70.5,71.6,77.5,64.6,62.4,71.9,17.4,2.0,8.0,3.02,79.4,2.74,Low
STU01813,Psychology,6,3.18,3.15,2.78,68.3,71.2,29.7,0.7,75.2,46.1,71.7,66.1,62.7,81.1,14.1,12.7,,2.76,73.7,3.41,Low
STU01814,Mathematics,2,2.4,2.17,1.99,58.5,51.6,54.5,5.2,35.1,31.5,57.1,62.2,60.5,46.3,6.0,15.5,3.6,2.67,71.5,2.77,Medium
STU01815,Electrical Engineering,8,1.45,1.68,1.67,65.1,60.8,60.0,2.08,47.6,51.3,48.3,29.9,39.6,48.1,17.2,5.8,7.2,3.07,80.5,1.41,Medium
STU01816,Electrical Engineering,5,2.76,2.43,2.17,76.4,71.8,96.6,1.63,75.4,66.8,73.1,74.2,64.3,65.4,,9.5,6.2,3.07,80.5,2.91,Low
STU01817,Computer Science,7,3.22,3.12,3.05,90.9,94.9,55.3,1.54,77.8,72.1,87.5,76.9,81.6,76.8,23.3,5.1,2.9,3.49,89.8,3.21,Low
STU01818,Computer Science,6,3.76,3.46,2.95,88.7,81.0,69.0,0.0,100.0,87.1,89.4,76.7,100.0,89.6,14.9,14.2,7.6,3.49,89.8,4.0,Low
STU01819,Psychology,5,2.12,1.96,1.95,51.6,55.4,46.4,4.85,45.0,45.3,26.8,43.0,55.4,22.9,17.5,8.0,5.7,2.76,73.7,2.19,Medium
STU01820,Mathematics,4,1.66,1.63,1.71,55.6,56.8,39.2,4.97,41.2,61.9,33.1,39.2,38.6,44.1,18.5,11.0,4.5,2.67,71.5,1.61,High
STU01821,Business Administration,4,3.09,2.95,2.59,54.9,57.9,35.7,4.88,57.7,49.7,60.0,53.3,57.1,44.9,14.9,11.1,2.9,3.26,84.6,3.01,Medium
STU01822,Biology,3,2.81,2.98,3.14,76.6,81.0,88.5,0.0,72.6,62.4,63.1,84.4,62.6,67.8,14.6,8.4,1.9,3.08,80.7,2.71,Low
STU01823,Business Administration,3,2.65,2.57,2.5,55.2,58.0,16.7,3.66,51.0,15.9,60.1,57.6,39.3,62.8,22.9,8.1,6.2,3.26,84.6,2.88,Medium
STU01824,Business Administration,7,1.93,1.92,1.92,51.0,48.3,46.7,3.19,29.6,35.1,47.4,59.6,26.1,46.2,11.1,15.2,2.3,3.26,84.6,1.93,Medium
STU01825,Mathematics,5,2.49,2.28,2.11,50.5,58.9,76.7,0.6,70.7,66.9,62.7,80.5,56.0,61.6,13.9,13.1,7.0,2.67,71.5,2.53,Low
STU01826,Electrical Engineering,5,2.35,2.57,2.99,87.5,90.2,76.7,0.0,70.9,71.3,74.8,83.0,74.1,71.6,18.6,7.7,4.4,3.07,80.5,2.24,Medium
STU01827,Mechanical Engineering,5,3.77,4.0,4.0,56.6,64.4,82.7,2.58,88.2,75.5,85.5,100.0,100.0,94.9,12.9,10.5,5.5,2.65,71.2,3.79,Low
STU01828,Business Administration,8,2.92,3.07,3.33,98.6,99.9,97.1,0.09,92.6,83.9,75.1,97.5,86.8,100.0,22.4,16.3,8.0,3.26,84.6,3.01,Low
STU01829,Economics,4,3.24,2.99,3.14,66.8,65.7,74.4,2.2,62.6,64.7,66.0,77.2,53.7,59.9,18.3,7.8,5.3,3.02,79.4,3.33,Low
STU01830,Mathematics,3,3.15,3.35,3.67,89.1,100.0,87.7,,89.2,100.0,99.0,90.2,96.7,87.4,13.8,17.6,6.1,2.67,71.5,2.89,Low
STU01831,Economics,4,2.3,2.17,1.75,26.6,30.0,42.4,3.6,24.8,48.1,44.8,55.2,55.0,37.6,14.1,7.7,5.4,3.02,79.4,2.44,Medium
STU01832,Mathematics,8,1.61,1.64,1.62,26.4,30.0,11.5,5.56,4.5,33.4,36.1,65.6,33.6,37.5,19.8,6.6,10.2,2.67,71.5,1.46,High
STU01833,Psychology,2,2.2,1.73,1.87,77.0,70.3,64.9,0.51,54.9,53.5,58.9,61.1,55.8,61.8,15.2,13.6,7.8,2.76,73.7,2.38,Medium
STU01834,Psychology,7,2.61,2.79,2.78,87.0,80.2,65.4,0.27,58.9,62.4,64.7,56.3,55.1,63.2,9.3,8.8,4.6,2.76,73.7,2.51,Medium
STU01835,Computer Science,8,2.55,2.5,2.2,72.7,69.7,54.3,2.32,62.9,54.0,43.8,42.1,53.4,53.5,8.9,3.8,0.0,3.49,89.8,2.61,Medium
STU01836,Computer Science,3,3.34,3.42,3.34,93.5,100.0,60.7,,78.3,64.7,100.0,80.4,67.7,81.0,15.6,20.5,2.0,3.49,89.8,3.16,Low
STU01837,Mechanical Engineering,4,2.59,2.38,2.19,65.6,51.5,60.6,2.98,68.3,68.8,52.9,60.9,60.2,62.4,13.3,14.4,8.3,2.65,71.2,2.56,Low
STU01838,Business Administration,1,2.74,2.49,2.34,51.3,50.7,53.5,2.21,23.7,45.3,39.4,57.1,42.8,55.8,14.0,7.9,0.8,3.26,84.6,2.75,Medium
STU01839,Mathematics,3,2.61,2.18,2.01,59.0,62.5,60.6,3.79,74.5,40.8,68.1,67.1,45.5,51.8,19.0,6.8,12.4,2.67,71.5,2.78,Medium
STU01840,Computer Science,3,2.64,2.7,2.27,57.7,63.6,70.1,0.86,58.6,60.3,64.6,78.2,56.9,43.1,13.9,12.5,2.1,3.49,89.8,2.77,Medium
STU01841,Biology,3,2.76,2.82,2.95,70.6,72.7,63.1,0.95,74.1,53.5,62.0,85.9,76.1,93.7,,11.3,9.3,3.08,80.7,2.48,Medium
STU01842,Computer Science,6,2.15,2.09,2.3,56.8,51.6,100.0,2.27,84.5,61.3,66.7,90.8,50.5,22.9,12.2,7.0,7.9,3.49,89.8,2.2,Medium
STU01843,Electrical Engineering,2,3.05,3.2,3.46,75.2,76.8,76.3,0.0,92.4,89.5,82.9,90.4,98.2,87.4,27.2,18.2,4.1,3.07,80.5,2.99,Low
STU01844,Computer Science,3,0.91,1.09,1.2,60.5,58.1,72.8,1.16,81.2,84.3,65.8,30.4,63.3,24.7,13.0,7.7,5.0,3.49,89.8,0.66,High
STU01845,Electrical Engineering,2,3.83,3.74,3.39,100.0,90.7,82.5,1.02,85.5,83.7,91.9,71.4,81.7,92.7,17.1,11.5,2.6,3.07,80.5,3.67,Low
STU01846,Psychology,2,2.23,2.1,2.23,61.0,64.9,35.4,3.3,57.8,48.3,41.9,49.7,63.6,43.5,11.2,6.3,7.9,2.76,73.7,2.34,Medium
STU01847,Computer Science,8,1.38,1.51,1.82,25.9,31.4,49.2,1.47,42.1,4.4,55.7,40.1,34.8,24.7,7.3,4.0,0.0,3.49,89.8,1.06,High
STU01848,Mechanical Engineering,4,1.72,1.96,1.89,59.2,53.7,70.9,1.42,66.7,65.8,88.3,72.3,80.1,74.4,16.2,11.3,1.4,2.65,71.2,1.56,Medium
STU01849,Business Administration,8,1.94,1.63,1.52,66.5,58.9,71.4,3.66,45.8,42.4,61.3,35.7,70.1,63.1,12.9,13.9,7.0,3.26,84.6,1.97,Medium
STU01850,Electrical Engineering,2,2.65,2.74,2.93,85.2,79.1,65.7,0.84,69.3,68.8,73.0,70.2,69.3,66.1,21.2,7.5,4.3,3.07,80.5,2.48,Medium
STU01851,Computer Science,3,3.92,3.79,3.53,83.2,75.6,85.7,0.0,91.7,98.7,100.0,99.0,100.0,92.3,18.0,20.4,9.1,3.49,89.8,4.0,Low
STU01852,Business Administration,4,4.0,4.0,3.89,92.1,100.0,100.0,1.63,98.8,78.3,97.3,90.1,97.2,98.5,20.2,20.9,1.8,3.26,84.6,3.98,Low
STU01853,Computer Science,4,2.75,2.76,2.31,87.9,84.7,68.4,5.09,64.0,55.2,57.6,58.7,66.7,50.5,21.8,5.8,0.0,3.49,89.8,3.04,Low
STU01854,Economics,7,1.07,1.17,1.57,60.3,62.6,52.1,3.79,64.7,65.0,58.7,64.8,60.8,61.5,15.4,11.8,10.7,3.02,79.4,0.87,High
STU01855,Computer Science,6,3.03,2.84,2.37,49.9,49.2,55.3,2.56,68.2,46.7,56.0,46.8,39.0,46.7,7.7,11.5,2.7,3.49,89.8,3.31,Low
STU01856,Electrical Engineering,7,2.91,2.93,2.96,93.2,89.6,60.6,1.78,81.3,98.9,81.3,70.6,82.7,68.0,24.7,10.8,,3.07,80.5,2.92,Low
STU01857,Business Administration,2,2.91,2.88,2.72,89.3,78.2,70.2,0.0,74.6,79.3,80.0,86.3,81.1,75.8,14.3,12.3,6.8,3.26,84.6,2.89,Low
STU01858,Computer Science,6,3.82,3.61,3.42,80.5,77.7,95.6,2.58,87.1,69.8,65.8,81.3,66.4,87.1,15.7,15.2,4.5,3.49,89.8,3.97,Low
STU01859,Economics,5,2.19,2.45,2.89,57.5,72.1,60.1,2.67,75.0,61.0,72.2,56.4,69.0,51.2,16.2,5.9,10.2,3.02,79.4,1.98,Medium
STU01860,Electrical Engineering,8,3.03,3.08,3.3,75.6,83.2,92.4,0.0,76.8,79.8,79.4,74.0,73.9,82.7,17.0,14.0,7.4,3.07,80.5,2.93,Low
STU01861,Mathematics,7,2.85,2.96,2.92,88.1,84.0,100.0,1.35,72.8,64.8,78.1,97.7,80.7,79.4,20.9,15.8,5.7,2.67,71.5,2.77,Low
STU01862,Computer Science,7,3.48,3.39,3.39,79.7,84.5,66.2,1.58,82.8,81.3,81.0,80.4,82.6,83.3,22.1,16.7,7.0,3.49,89.8,3.54,Low
STU01863,Biology,6,1.61,1.62,1.42,26.9,30.0,44.3,2.96,23.6,38.1,29.7,36.5,29.9,30.9,11.9,5.7,5.5,3.08,80.7,1.49,High
STU01864,Mathematics,6,2.54,2.78,2.65,75.3,81.4,58.9,0.42,86.8,47.8,72.4,86.3,81.4,100.0,16.5,12.4,4.3,2.67,71.5,2.44,Low
STU01865,Mathematics,8,2.28,2.34,2.36,65.3,71.4,78.0,2.42,82.7,92.6,89.8,89.9,87.1,89.3,8.0,13.4,7.8,2.67,71.5,2.22,Low
STU01866,Computer Science,3,2.97,2.77,2.52,68.3,60.8,76.2,1.83,60.9,76.6,85.9,76.1,72.4,61.6,24.1,8.1,4.4,3.49,89.8,2.89,Low
STU01867,Psychology,8,4.0,4.0,3.81,95.1,92.9,67.9,2.56,89.3,81.4,100.0,100.0,85.0,100.0,26.5,22.9,2.6,2.76,73.7,4.0,Low
STU01868,Biology,6,4.0,3.99,4.0,100.0,95.9,71.3,0.7,82.3,89.2,82.5,100.0,95.3,84.0,28.3,19.9,1.8,3.08,80.7,3.94,Low
STU01869,Computer Science,2,3.99,4.0,4.0,95.1,100.0,94.6,0.33,99.3,100.0,94.3,99.0,100.0,100.0,27.4,12.9,0.9,3.49,89.8,4.0,Low
STU01870,Psychology,3,3.81,3.81,3.8,78.8,87.6,67.1,0.0,100.0,93.2,97.3,100.0,90.4,98.6,25.2,12.6,5.2,2.76,73.7,3.82,Low
STU01871,Mechanical Engineering,2,2.58,2.63,2.59,75.4,83.3,43.6,1.17,78.9,84.2,65.9,61.7,26.8,67.2,14.4,7.9,4.4,2.65,71.2,2.6,Medium
STU01872,Psychology,7,3.46,3.03,2.91,68.4,63.0,35.7,4.02,66.6,54.0,62.3,65.9,70.5,61.7,14.3,11.2,8.2,2.76,73.7,3.62,Low
STU01873,Economics,1,1.65,1.62,1.98,71.1,75.1,49.2,4.37,39.4,65.5,34.1,46.4,47.9,41.4,13.5,9.4,5.5,3.02,79.4,1.58,High
STU01874,Psychology,2,2.9,3.0,3.15,77.6,73.3,88.3,0.0,69.7,62.5,61.8,61.6,74.2,76.3,13.0,8.2,4.4,2.76,73.7,2.86,Low
STU01875,Mechanical Engineering,6,2.7,2.64,2.06,50.0,44.2,38.1,2.06,58.2,69.0,47.0,53.0,75.9,31.7,22.2,5.2,,2.65,71.2,2.96,Medium
STU01876,Mathematics,7,3.21,3.56,3.44,81.8,82.6,74.1,1.62,66.6,66.2,73.2,77.8,68.2,64.5,16.6,13.8,6.4,2.67,71.5,3.23,Low
STU01877,Mathematics,4,2.06,1.65,1.67,49.0,48.9,64.9,4.28,37.9,46.8,55.0,35.4,46.4,53.0,16.8,13.4,2.4,2.67,71.5,2.02,Medium
STU01878,Mathematics,4,2.35,2.3,2.29,47.1,45.1,43.8,2.97,33.7,26.4,43.0,52.2,31.7,52.4,15.7,15.4,10.5,2.67,71.5,2.36,Medium
STU01879,Electrical Engineering,1,1.94,1.72,1.55,46.5,30.0,47.6,3.79,39.8,24.1,44.1,29.0,44.2,55.0,2.9,4.6,7.6,3.07,80.5,2.11,Medium
STU01880,Computer Science,8,1.84,2.02,1.88,74.2,83.7,63.0,2.46,73.5,74.4,68.8,68.9,84.3,79.5,14.2,18.3,7.3,3.49,89.8,1.89,Medium
STU01881,Psychology,5,3.47,3.37,3.42,77.3,77.9,87.6,3.95,75.4,76.6,79.0,76.7,77.9,66.7,20.3,13.5,6.1,2.76,73.7,3.63,Low
STU01882,Mechanical Engineering,7,1.95,2.23,2.48,63.0,67.1,78.2,0.76,76.4,69.5,64.8,53.8,64.1,67.5,14.9,15.3,0.0,2.65,71.2,1.89,Medium
STU01883,Mathematics,5,3.44,3.46,3.54,79.4,75.2,75.4,0.57,86.1,85.5,76.2,83.9,76.0,90.1,25.8,13.4,8.2,2.67,71.5,3.39,Low
STU01884,Economics,6,2.71,2.48,2.17,73.0,53.4,79.0,0.0,50.8,59.0,56.5,56.3,58.7,53.9,18.5,5.1,6.3,3.02,79.4,3.01,Low
STU01885,Electrical Engineering,2,2.28,2.14,2.11,65.2,60.3,72.1,3.27,48.7,38.0,42.7,56.0,42.0,55.1,11.2,10.6,3.5,3.07,80.5,2.41,Medium
STU01886,Electrical Engineering,1,2.59,2.13,1.91,56.6,47.4,42.0,1.43,52.5,45.7,25.4,86.1,37.5,27.9,16.1,5.4,3.8,3.07,80.5,2.78,Medium
STU01887,Mathematics,6,1.9,1.87,1.91,51.7,51.5,71.5,1.68,33.6,39.0,62.6,37.4,56.2,61.3,4.6,7.7,7.4,2.67,71.5,1.84,Medium
STU01888,Psychology,7,3.85,3.79,3.91,72.7,76.5,71.9,0.6,78.7,85.5,80.2,78.2,79.4,89.0,16.6,8.9,2.1,2.76,73.7,3.9,Low
STU01889,Mechanical Engineering,4,3.4,3.2,3.33,66.8,70.4,42.7,0.65,71.4,90.8,93.3,74.7,75.1,86.5,17.1,15.0,7.5,2.65,71.2,3.6,Low
STU01890,Mathematics,2,2.16,2.15,2.34,45.1,49.3,45.4,2.08,59.6,48.7,54.9,39.5,51.5,56.8,8.7,9.7,0.0,2.67,71.5,2.19,Medium
STU01891,Economics,4,2.66,2.31,2.26,78.4,70.4,53.8,3.2,52.6,61.3,47.6,41.5,63.2,53.2,17.4,10.5,4.5,3.02,79.4,2.74,Low
STU01892,Mathematics,6,2.82,2.61,2.77,58.3,61.3,59.1,1.04,37.8,65.4,73.1,50.8,56.8,44.8,11.9,9.1,2.3,2.67,71.5,2.88,Medium
STU01893,Electrical Engineering,1,3.17,3.42,3.53,70.8,91.4,96.5,1.49,77.5,84.4,96.5,69.7,79.5,86.9,25.8,8.8,3.1,3.07,80.5,2.98,Low
STU01894,Biology,2,2.04,2.07,1.94,66.4,60.9,36.2,1.88,61.9,62.9,65.4,62.0,60.7,63.0,12.5,11.1,1.8,3.08,80.7,1.98,Medium
STU01895,Psychology,4,2.77,2.94,2.95,64.1,71.9,67.7,2.57,70.2,57.4,55.8,60.1,55.0,60.4,14.5,7.8,6.5,2.76,73.7,2.8,Medium
STU01896,Psychology,5,3.2,3.1,3.25,74.6,86.5,85.8,0.0,100.0,88.1,85.3,100.0,97.4,89.1,19.8,18.1,4.0,2.76,73.7,3.42,Low
STU01897,Computer Science,5,1.51,1.61,1.73,52.4,55.9,67.4,2.5,47.6,35.5,65.5,42.7,47.9,76.2,11.5,14.5,,3.49,89.8,1.48,High
STU01898,Mechanical Engineering,8,3.21,2.58,2.1,92.2,81.8,36.3,1.91,48.6,58.8,38.7,72.6,47.5,43.1,15.4,8.0,4.9,2.65,71.2,3.47,Low
STU01899,Business Administration,8,1.21,1.4,1.7,60.5,65.8,77.5,0.0,62.7,63.0,89.0,64.3,57.6,85.0,14.4,4.3,0.4,3.26,84.6,1.1,High
STU01900,Business Administration,3,2.69,2.83,2.87,97.3,100.0,70.7,0.35,66.5,91.7,88.9,73.9,82.8,63.8,15.1,20.6,1.5,3.26,84.6,2.47,Low
STU01901,Mathematics,8,3.8,3.77,3.64,71.8,65.5,81.1,0.0,89.6,85.4,69.1,81.5,76.8,81.7,17.4,21.2,5.3,2.67,71.5,3.85,Low
STU01902,Psychology,5,3.12,2.99,2.78,80.6,79.5,78.5,2.79,49.7,93.7,89.6,69.7,85.4,55.3,18.6,8.3,4.7,2.76,73.7,3.35,Low
STU01903,Economics,1,1.29,1.39,1.3,60.5,61.9,32.9,0.75,14.4,33.1,64.6,46.9,42.7,35.1,9.1,10.5,5.4,3.02,79.4,1.36,High
STU01904,Psychology,5,3.06,2.85,2.59,69.4,51.4,73.3,2.15,64.0,54.5,72.2,66.0,47.9,69.1,16.6,8.3,5.5,2.76,73.7,3.12,Low
STU01905,Computer Science,7,1.03,0.95,1.18,31.3,30.6,51.5,2.97,32.1,26.1,22.4,46.2,38.3,0.0,5.3,4.6,5.0,3.49,89.8,0.86,High
STU01906,Psychology,2,2.24,2.16,2.27,85.6,70.1,80.0,3.54,58.6,60.3,62.1,61.5,58.8,60.3,15.6,12.7,2.9,2.76,73.7,2.19,Low
STU01907,Mathematics,6,2.74,2.65,2.57,74.2,82.3,75.6,1.29,81.6,52.9,6.3,65.3,36.9,49.1,16.7,12.8,9.7,2.67,71.5,2.67,Low
STU01908,Biology,2,3.53,3.44,3.27,86.2,86.6,69.8,2.13,79.9,83.9,81.2,76.8,81.5,85.2,12.1,21.2,6.7,3.08,80.7,3.61,Low
STU01909,Biology,7,3.23,3.31,3.39,83.8,76.5,85.0,2.82,90.5,98.0,88.9,69.1,100.0,88.4,22.1,14.4,8.3,3.08,80.7,3.14,Low
STU01910,Business Administration,5,2.98,2.87,2.81,100.0,100.0,89.0,3.97,82.1,84.3,77.5,72.5,96.1,77.3,20.1,10.7,10.9,3.26,84.6,2.88,Low
STU01911,Business Administration,3,0.77,0.67,0.84,26.0,30.8,35.2,4.48,31.2,30.4,50.1,21.0,0.0,29.0,11.4,5.2,3.4,3.26,84.6,0.75,High
STU01912,Mathematics,7,2.0,1.93,1.88,32.7,30.0,67.7,1.81,53.3,36.1,48.9,52.0,43.3,42.4,9.7,8.2,8.6,2.67,71.5,2.12,Medium
STU01913,Electrical Engineering,1,3.19,3.09,3.13,100.0,92.7,87.9,1.11,88.7,88.2,83.5,82.6,83.8,81.4,,9.5,7.2,3.07,80.5,3.14,Low
STU01914,Mathematics,8,3.77,3.61,3.34,50.9,55.4,32.1,1.92,71.8,76.5,81.6,69.7,64.9,90.1,17.3,12.2,7.4,2.67,71.5,3.75,Low
STU01915,Business Administration,8,2.82,2.82,2.82,74.2,68.8,89.8,0.99,60.3,71.5,70.3,63.1,81.0,68.5,13.9,18.2,5.5,3.26,84.6,2.61,Low
STU01916,Economics,5,3.12,3.18,2.86,70.0,67.4,49.9,3.92,51.9,39.4,42.5,49.6,45.4,47.7,13.0,6.0,4.9,3.02,79.4,3.29,Low
STU01917,Psychology,3,2.44,2.48,2.7,54.8,58.1,65.8,1.99,59.0,55.4,53.7,57.8,63.3,60.3,10.6,4.7,6.6,2.76,73.7,2.29,Medium
STU01918,Economics,4,3.01,2.9,2.77,84.1,76.8,93.0,0.29,32.0,91.4,61.5,63.9,50.6,63.7,10.5,13.9,5.3,3.02,79.4,2.91,Low
STU01919,Economics,7,2.69,2.64,2.22,58.6,71.4,10.0,2.37,46.3,54.4,51.1,39.0,34.5,53.9,12.1,16.0,3.9,3.02,79.4,2.89,Medium
STU01920,Biology,7,2.47,2.48,2.27,75.5,76.4,81.5,2.31,89.4,75.1,78.3,86.4,78.4,77.1,17.6,13.0,2.0,3.08,80.7,2.46,Medium
STU01921,Mathematics,4,3.63,3.28,3.23,75.3,69.2,51.8,0.0,53.2,90.7,87.9,65.2,82.0,82.4,19.6,12.4,6.9,2.67,71.5,3.83,Low
STU01922,Business Administration,1,0.95,0.8,0.72,28.7,30.0,42.0,2.46,46.2,35.2,36.3,34.7,36.1,33.8,10.2,1.9,6.5,3.26,84.6,0.87,High
STU01923,Business Administration,2,3.83,3.79,3.67,92.7,82.9,57.6,2.04,47.3,74.6,67.6,68.0,75.1,84.0,15.1,17.0,5.1,3.26,84.6,4.0,Low
STU01924,Economics,7,3.42,3.44,3.45,52.8,62.3,61.2,3.04,65.8,82.1,54.8,80.7,91.3,60.5,15.8,7.3,10.6,3.02,79.4,3.37,Low
STU01925,Business Administration,1,2.61,3.04,3.12,52.5,60.6,80.4,2.82,59.7,52.2,65.7,75.0,56.2,64.1,22.2,11.1,0.7,3.26,84.6,2.63,Medium
STU01926,Biology,1,2.32,2.25,2.2,65.7,63.9,66.6,1.09,54.6,35.3,42.9,46.9,62.0,50.9,14.3,4.6,9.2,3.08,80.7,2.39,Medium
STU01927,Economics,1,2.05,2.14,2.5,75.5,79.2,64.6,3.53,67.4,63.4,59.4,100.0,77.7,71.4,14.7,17.0,3.4,3.02,79.4,2.17,Medium
STU01928,Economics,4,2.3,2.29,2.12,33.6,30.0,32.8,2.5,52.2,56.5,52.7,50.1,55.0,47.5,12.2,4.9,8.8,3.02,79.4,2.46,High
STU01929,Psychology,3,2.88,2.91,2.91,100.0,91.5,57.9,2.87,73.2,35.7,60.0,79.8,70.9,46.8,8.9,9.1,5.2,2.76,73.7,2.94,Low
STU01930,Economics,7,3.16,2.65,2.03,51.9,56.1,40.3,4.71,39.2,50.9,54.5,51.0,47.5,48.5,15.1,6.5,1.1,3.02,79.4,3.56,Low
STU01931,Biology,4,4.0,3.83,3.62,89.5,83.5,79.3,2.65,100.0,100.0,94.8,100.0,100.0,100.0,19.0,20.8,6.0,3.08,80.7,4.0,Low
STU01932,Mathematics,7,2.22,2.22,2.23,50.7,58.9,48.1,4.44,39.8,26.4,44.7,61.2,26.2,40.7,12.3,13.2,6.6,2.67,71.5,2.29,Medium
STU01933,Psychology,3,2.75,3.02,3.22,79.9,77.9,99.4,1.12,66.5,74.5,91.8,83.4,88.6,90.5,20.2,20.6,3.4,2.76,73.7,2.39,Low
STU01934,Computer Science,7,3.18,3.19,3.24,83.9,81.7,88.7,1.8,62.7,88.7,90.2,72.1,71.5,100.0,25.3,13.6,7.0,3.49,89.8,3.09,Low
STU01935,Biology,1,2.18,2.29,2.4,83.9,75.1,73.5,,77.3,56.4,70.8,94.4,73.4,57.3,18.1,8.1,2.4,3.08,80.7,2.2,Medium
STU01936,Economics,6,1.42,1.68,1.97,42.0,38.6,47.7,3.38,38.7,48.3,46.2,36.7,48.6,54.5,13.8,10.3,4.0,3.02,79.4,1.12,High
STU01937,Business Administration,4,3.22,3.58,3.9,94.6,100.0,86.4,0.0,89.7,97.3,97.8,100.0,100.0,100.0,21.9,15.1,4.9,3.26,84.6,2.93,Low
STU01938,Business Administration,3,2.3,2.49,2.93,74.0,80.1,55.3,1.44,64.2,72.2,61.6,66.2,60.1,71.3,17.2,19.9,8.5,3.26,84.6,2.0,Medium
STU01939,Psychology,1,1.96,1.97,1.86,40.2,42.2,47.6,3.66,16.6,30.4,69.2,55.7,18.0,50.7,7.5,0.1,10.0,2.76,73.7,2.01,High
STU01940,Computer Science,7,0.89,0.85,1.23,29.3,30.5,19.3,2.58,45.4,38.7,46.5,44.8,43.6,47.5,12.8,9.1,4.6,3.49,89.8,0.7,High
STU01941,Electrical Engineering,4,3.92,4.0,3.7,95.2,96.6,79.4,2.21,89.0,92.6,82.0,81.7,81.1,88.0,29.7,15.1,6.5,3.07,80.5,3.95,Low
STU01942,Economics,3,2.77,2.71,2.52,82.2,82.2,66.1,0.0,48.3,84.0,73.3,86.8,49.8,79.1,12.2,2.1,7.7,3.02,79.4,2.96,Low
STU01943,Computer Science,5,3.16,2.88,2.74,80.4,71.2,47.9,1.46,71.5,93.3,72.8,68.7,59.0,48.1,16.2,12.0,0.0,3.49,89.8,3.42,Low
STU01944,Mechanical Engineering,2,2.15,1.99,2.06,42.5,51.4,73.4,,62.0,50.4,57.2,66.8,61.3,70.5,23.3,14.6,0.2,2.65,71.2,2.28,Medium
STU01945,Mathematics,6,0.86,0.93,0.78,25.7,30.0,29.9,3.53,28.5,24.8,24.6,17.4,24.1,17.8,7.8,4.1,3.2,2.67,71.5,0.96,High
STU01946,Economics,8,4.0,4.0,3.96,100.0,99.8,98.1,2.23,100.0,100.0,83.9,82.0,100.0,80.7,16.5,17.4,4.9,3.02,79.4,4.0,Low
STU01947,Mechanical Engineering,6,2.11,1.85,1.87,80.2,69.0,51.2,3.41,66.9,60.2,61.3,61.7,62.1,65.4,,3.4,7.1,2.65,71.2,2.03,Medium
STU01948,Electrical Engineering,5,1.05,0.98,0.69,41.2,34.9,54.8,3.62,45.5,39.6,39.7,44.6,51.7,41.0,9.8,9.9,7.0,3.07,80.5,1.16,High
STU01949,Psychology,8,1.9,2.07,2.09,98.0,93.6,73.7,2.24,51.8,38.5,46.2,83.5,50.2,38.4,15.7,14.1,5.1,2.76,73.7,1.97,Medium
STU01950,Computer Science,2,3.4,3.36,3.32,83.6,83.1,68.9,0.0,58.0,77.6,70.5,72.3,70.5,68.2,19.6,13.1,7.7,3.49,89.8,3.37,Low
STU01951,Psychology,7,2.75,2.95,2.95,44.7,43.9,55.1,2.56,48.6,30.7,50.0,69.6,29.7,26.7,12.0,9.1,7.1,2.76,73.7,2.78,Medium
STU01952,Mechanical Engineering,2,1.46,1.8,1.91,38.6,37.7,29.1,5.08,27.0,44.8,44.6,38.0,35.7,37.1,16.0,2.6,5.2,2.65,71.2,1.36,High
STU01953,Biology,7,1.25,1.54,1.74,54.0,48.4,46.3,3.7,49.9,43.4,78.5,52.6,45.6,50.1,,16.1,4.5,3.08,80.7,1.33,High
STU01954,Electrical Engineering,1,1.69,1.95,2.2,69.1,69.7,79.3,1.13,70.4,75.2,47.9,62.6,57.2,75.2,23.3,9.2,13.3,3.07,80.5,1.56,Medium
STU01955,Economics,1,2.43,2.78,3.05,73.3,79.1,64.1,3.2,97.6,86.1,58.2,64.1,69.0,70.8,5.5,10.0,3.3,3.02,79.4,2.27,Medium
STU01956,Psychology,1,1.29,1.67,1.87,46.7,56.4,36.9,4.08,45.0,57.9,52.5,52.1,45.9,36.1,,10.8,,2.76,73.7,0.96,High
STU01957,Mechanical Engineering,1,2.87,2.95,2.66,63.3,55.6,77.5,2.89,65.1,63.2,65.2,68.1,65.7,64.1,15.5,16.7,4.2,2.65,71.2,3.12,Low
STU01958,Electrical Engineering,7,3.09,2.81,2.93,71.2,73.7,62.5,1.1,92.9,81.1,65.5,61.9,76.8,65.8,25.1,7.0,6.7,3.07,80.5,3.17,Low
STU01959,Economics,5,2.23,2.17,2.38,48.6,45.5,80.3,3.61,57.0,63.7,74.5,40.6,71.5,79.9,15.2,14.6,3.3,3.02,79.4,2.15,Medium
STU01960,Economics,6,2.35,2.42,2.89,41.8,48.1,76.6,3.08,85.3,74.6,60.5,64.1,81.3,58.7,,15.0,3.0,3.02,79.4,2.06,Medium
STU01961,Economics,7,3.56,3.49,3.31,90.7,88.1,83.6,2.61,56.4,65.4,90.9,60.3,90.1,73.4,25.6,15.2,0.1,3.02,79.4,3.8,Low
STU01962,Computer Science,3,1.93,2.11,1.95,41.8,46.6,77.8,4.04,1.3,43.3,29.7,47.4,68.7,64.6,13.2,4.9,10.3,3.49,89.8,1.74,High
STU01963,Electrical Engineering,6,3.45,3.31,3.26,85.1,85.6,92.7,2.47,92.4,74.8,73.6,68.3,84.2,70.1,14.2,19.0,7.7,3.07,80.5,3.33,Low
STU01964,Economics,5,1.56,1.64,1.63,48.1,45.6,86.8,,35.8,32.4,50.9,54.3,50.6,58.5,9.2,12.4,6.7,3.02,79.4,1.48,High
STU01965,Psychology,4,1.21,1.44,1.67,43.5,52.3,39.2,1.8,48.2,60.9,62.8,49.3,52.0,40.2,12.7,4.2,3.5,2.76,73.7,0.89,High
STU01966,Biology,5,2.07,2.34,2.3,61.2,60.1,72.4,1.52,63.0,37.8,43.3,58.9,49.5,55.8,0.0,1.8,0.0,3.08,80.7,1.84,Medium
STU01967,Computer Science,2,2.14,2.46,2.32,27.4,30.0,55.7,3.77,45.8,40.9,53.6,65.4,58.9,41.2,6.4,1.3,4.1,3.49,89.8,2.14,High
STU01968,Economics,4,2.46,2.17,1.81,50.1,41.1,34.1,1.83,48.8,57.3,34.5,87.6,71.7,66.2,15.6,11.5,0.0,3.02,79.4,2.52,Medium
STU01969,Mathematics,6,3.25,2.86,2.89,72.9,66.6,56.8,0.44,84.6,72.7,45.3,61.2,66.6,57.2,24.0,11.2,6.4,2.67,71.5,3.45,Low
STU01970,Computer Science,5,4.0,4.0,4.0,63.4,63.6,85.5,0.0,100.0,76.7,81.3,100.0,80.3,85.9,22.5,9.9,2.4,3.49,89.8,3.95,Low
STU01971,Electrical Engineering,2,2.35,2.24,2.23,54.2,47.7,58.9,2.19,61.3,54.9,56.6,57.1,54.5,52.2,,7.4,6.1,3.07,80.5,2.51,Medium
STU01972,Mathematics,8,2.38,2.06,1.68,50.2,45.1,46.4,2.99,43.5,50.1,53.5,54.4,42.5,62.1,11.4,6.7,6.0,2.67,71.5,2.5,Medium
STU01973,Mechanical Engineering,1,2.9,3.11,2.96,68.0,70.8,100.0,0.0,78.0,73.3,74.0,77.2,76.0,76.8,5.2,12.3,7.6,2.65,71.2,2.94,Low
STU01974,Business Administration,6,1.15,1.52,1.71,32.3,34.4,10.0,,43.2,44.5,42.9,38.7,37.4,45.9,12.9,9.4,4.7,3.26,84.6,0.92,High
STU01975,Computer Science,6,0.39,0.51,0.64,28.1,30.0,22.4,6.33,4.5,32.7,37.2,11.3,11.3,29.9,16.8,2.4,5.3,3.49,89.8,0.29,High
STU01976,Business Administration,7,3.34,2.89,2.79,85.4,86.5,68.6,0.31,67.9,69.2,69.8,81.5,65.4,58.4,13.2,10.8,9.5,3.26,84.6,3.34,Low
STU01977,Psychology,4,2.11,1.95,1.58,36.4,31.8,38.1,,36.7,35.6,45.8,29.2,42.2,41.3,19.3,7.1,3.9,2.76,73.7,2.31,Medium
STU01978,Psychology,5,1.78,1.65,1.64,53.2,49.9,61.1,1.28,51.8,46.7,56.3,56.2,57.5,56.7,18.9,11.5,10.4,2.76,73.7,2.06,Medium
STU01979,Computer Science,3,1.45,1.64,1.72,46.6,60.6,67.7,3.11,70.1,44.3,42.2,89.3,47.3,61.9,22.5,8.7,3.9,3.49,89.8,1.39,High
STU01980,Mathematics,6,2.39,2.59,2.92,81.7,79.1,93.8,3.07,70.8,88.1,66.5,92.3,50.6,64.5,13.8,5.6,3.4,2.67,71.5,2.1,Medium
STU01981,Economics,7,1.68,2.02,2.22,40.1,43.8,64.4,4.42,56.9,58.9,54.0,53.6,61.2,62.0,12.8,11.0,3.7,3.02,79.4,1.49,High
STU01982,Mathematics,5,2.44,2.39,2.3,43.2,38.7,70.2,0.0,67.9,42.0,36.0,67.8,71.2,45.6,13.0,10.6,10.4,2.67,71.5,2.36,Medium
STU01983,Business Administration,3,3.11,3.05,2.56,88.5,82.7,78.5,0.0,75.0,83.4,80.0,77.8,84.8,76.8,11.6,18.0,5.8,3.26,84.6,3.2,Low
STU01984,Psychology,1,3.28,3.35,3.19,83.6,74.2,70.8,0.0,67.1,50.8,71.9,88.5,87.4,76.0,14.2,11.5,5.6,2.76,73.7,3.38,Low
STU01985,Mechanical Engineering,1,2.66,2.49,2.59,54.1,51.2,50.1,0.54,60.6,72.2,53.0,73.8,57.3,68.4,10.6,13.7,4.1,2.65,71.2,2.62,Medium
STU01986,Economics,4,3.15,2.96,2.81,90.5,93.8,86.8,0.89,84.3,87.7,60.8,73.5,62.2,46.6,13.5,12.2,9.3,3.02,79.4,3.18,Low
STU01987,Biology,5,3.23,3.17,3.13,63.4,66.1,100.0,1.06,54.2,78.5,100.0,66.3,74.7,100.0,21.4,13.5,3.6,3.08,80.7,3.34,Low
STU01988,Mechanical Engineering,2,0.99,1.0,0.99,30.3,30.0,10.0,2.51,12.8,24.0,23.9,26.9,15.5,34.3,16.8,5.8,5.9,2.65,71.2,0.93,High
STU01989,Computer Science,4,1.19,1.46,1.49,48.0,48.5,53.4,3.4,33.9,20.5,36.3,55.8,33.2,39.0,8.0,7.9,1.9,3.49,89.8,1.05,High
STU01990,Psychology,7,2.05,1.95,1.94,61.4,61.1,52.3,1.45,94.3,23.2,65.4,24.1,74.5,60.9,14.3,10.7,6.5,2.76,73.7,2.07,Medium
STU01991,Economics,7,2.61,2.52,2.4,81.5,82.3,57.1,1.71,30.7,70.4,53.6,30.5,61.5,61.0,14.3,11.8,,3.02,79.4,2.72,Medium
STU01992,Mechanical Engineering,2,1.97,2.25,2.65,93.3,87.9,79.9,0.91,90.2,86.1,99.7,76.0,81.8,85.9,,21.1,3.4,2.65,71.2,1.75,Low
STU01993,Electrical Engineering,6,1.63,1.72,1.7,40.3,30.0,26.5,4.93,38.1,39.9,44.1,23.5,44.5,23.8,12.8,6.5,0.0,3.07,80.5,1.71,High
STU01994,Computer Science,7,2.93,2.74,2.66,49.7,47.4,24.2,1.55,51.2,57.8,62.9,58.7,60.0,62.4,15.2,5.9,3.7,3.49,89.8,2.82,Medium
STU01995,Business Administration,2,3.04,2.79,2.35,55.2,61.1,72.1,0.65,82.5,73.1,58.4,49.0,56.9,68.3,13.8,15.9,0.5,3.26,84.6,3.16,Low
STU01996,Biology,3,3.4,3.57,3.66,79.7,81.5,77.7,0.0,91.8,74.4,78.6,87.0,70.7,80.5,24.4,18.7,3.0,3.08,80.7,3.2,Low
STU01997,Mechanical Engineering,6,3.23,3.0,3.17,100.0,100.0,100.0,1.73,78.4,100.0,100.0,90.8,100.0,94.0,29.1,15.2,5.8,2.65,71.2,3.45,Low
STU01998,Business Administration,8,2.99,2.86,3.02,81.1,94.2,67.2,4.04,69.7,78.1,68.4,85.1,75.9,75.3,23.8,15.4,4.9,3.26,84.6,3.05,Low
STU01999,Economics,6,2.71,2.64,2.55,73.8,76.5,64.5,1.98,48.0,68.3,87.5,71.2,49.9,62.7,22.9,13.5,4.9,3.02,79.4,2.89,Low
STU02000,Economics,6,3.85,3.78,3.54,74.6,69.9,100.0,0.72,71.5,92.5,69.3,76.0,93.6,86.5,18.6,21.3,2.2,3.02,79.4,4.0,Low
STU02001,Computer Science,1,2.15,2.13,1.99,68.5,65.5,51.1,0.72,75.6,73.6,70.3,65.6,49.8,71.4,26.5,11.8,5.4,3.49,89.8,1.95,Medium
STU02002,Biology,3,2.57,2.56,2.32,63.6,59.2,42.2,4.13,61.6,46.2,57.6,45.6,55.4,65.7,20.3,7.7,6.4,3.08,80.7,2.78,Medium
STU02003,Mechanical Engineering,2,2.27,2.13,2.07,69.4,62.6,50.9,1.58,54.8,49.5,77.9,40.6,52.2,58.6,9.0,17.9,10.8,2.65,71.2,2.26,Medium
STU02004,Business Administration,1,4.0,3.97,4.0,89.7,86.8,78.5,1.08,99.4,93.3,99.5,100.0,94.9,96.8,26.8,20.5,4.1,3.26,84.6,4.0,Low
STU02005,Business Administration,5,2.16,1.67,1.47,46.4,39.3,24.3,6.9,54.1,43.9,88.3,41.5,58.1,51.9,0.0,4.5,3.7,3.26,84.6,2.32,Medium
STU02006,Psychology,8,1.38,1.36,1.17,27.1,33.9,38.3,3.8,35.0,38.1,34.8,29.9,41.1,26.0,18.8,2.1,,2.76,73.7,1.4,High
STU02007,Computer Science,1,3.02,2.97,2.87,53.1,54.2,81.9,2.01,65.0,66.2,67.1,67.0,74.0,67.7,17.4,15.9,9.8,3.49,89.8,3.21,Low
STU02008,Mechanical Engineering,2,4.0,4.0,4.0,100.0,100.0,72.4,0.0,89.1,79.5,93.5,100.0,85.2,86.6,20.1,19.9,7.8,2.65,71.2,4.0,Low
STU02009,Computer Science,8,3.08,2.83,2.58,61.1,60.0,66.4,1.77,84.5,65.7,51.1,54.9,46.1,41.8,2.3,8.8,0.8,3.49,89.8,3.16,Low
STU02010,Biology,8,1.44,1.22,1.12,42.1,45.6,50.0,1.99,40.4,64.5,47.2,43.3,67.7,33.7,19.8,12.1,8.4,3.08,80.7,1.54,High
STU02011,Biology,6,2.35,2.17,1.77,48.2,50.3,34.6,2.77,37.0,42.1,46.6,47.3,56.9,45.5,12.0,3.5,1.2,3.08,80.7,2.61,Medium
STU02012,Economics,5,2.66,2.56,2.57,72.8,65.6,70.9,3.94,61.8,57.5,58.5,66.1,66.2,59.4,17.5,14.7,3.7,3.02,79.4,2.77,Low
STU02013,Psychology,4,3.7,3.64,3.43,57.2,59.0,80.7,3.22,65.4,48.4,81.3,91.1,100.0,75.5,27.2,8.3,4.0,2.76,73.7,3.87,Low
STU02014,Electrical Engineering,5,1.3,1.47,1.82,32.9,30.0,27.6,1.99,54.8,47.8,34.7,31.6,34.9,40.1,14.6,12.7,6.6,3.07,80.5,1.36,High
STU02015,Biology,7,2.91,3.08,3.11,88.2,80.5,70.2,1.98,78.4,70.6,59.4,68.3,76.0,78.8,17.5,14.6,3.9,3.08,80.7,3.02,Low
STU02016,Psychology,4,3.75,3.54,3.53,94.3,87.2,68.4,0.0,58.1,55.4,82.8,100.0,31.7,32.4,22.6,14.8,7.0,2.76,73.7,3.56,Low
STU02017,Biology,2,0.63,1.04,1.57,47.5,55.3,34.4,2.03,37.6,42.4,39.9,36.7,56.4,46.7,12.5,8.2,7.0,3.08,80.7,0.22,High
STU02018,Electrical Engineering,8,1.4,1.41,1.32,28.1,30.0,21.4,,28.1,34.6,38.1,42.2,36.1,29.0,0.2,8.3,3.0,3.07,80.5,1.46,High
STU02019,Economics,4,2.21,2.19,2.07,62.1,65.6,32.2,0.75,29.6,37.6,49.2,63.0,61.8,38.5,10.3,17.9,8.0,3.02,79.4,1.98,Medium
STU02020,Electrical Engineering,1,1.41,1.78,1.88,50.5,54.6,44.3,0.12,53.6,52.9,53.6,56.5,58.8,38.0,15.9,9.1,8.3,3.07,80.5,1.42,High
STU02021,Computer Science,8,2.88,2.9,2.89,66.7,61.0,53.8,1.74,61.6,81.4,61.2,62.5,91.2,70.1,21.1,17.6,7.3,3.49,89.8,2.87,Low
STU02022,Biology,2,2.86,2.86,2.88,80.5,79.8,88.9,1.68,71.6,83.3,88.7,63.0,63.1,78.5,23.6,12.4,2.8,3.08,80.7,2.9,Low
STU02023,Mechanical Engineering,5,1.17,0.95,1.18,36.5,41.4,34.0,3.28,59.5,57.8,44.5,59.7,46.1,52.7,9.2,8.2,2.1,2.65,71.2,1.15,High
STU02024,Electrical Engineering,5,2.64,2.66,2.58,81.8,80.8,81.9,1.68,72.3,83.0,80.0,89.9,81.7,95.8,14.1,15.7,0.9,3.07,80.5,2.67,Low
STU02025,Mechanical Engineering,1,2.07,1.86,1.75,37.6,31.8,38.0,3.13,31.8,42.4,37.0,23.6,61.0,33.3,0.0,11.0,5.0,2.65,71.2,2.14,Medium
STU02026,Computer Science,1,3.1,2.73,2.57,68.1,65.0,64.6,2.79,58.9,73.3,62.8,68.7,68.3,64.8,23.6,2.6,0.0,3.49,89.8,3.18,Low
STU02027,Psychology,4,3.89,4.0,3.87,86.7,92.5,86.4,1.09,92.1,91.9,100.0,100.0,97.8,92.1,19.2,8.1,6.1,2.76,73.7,4.0,Low
STU02028,Mechanical Engineering,5,1.59,1.91,1.79,41.9,49.7,38.5,5.45,82.1,22.7,80.7,68.1,81.3,34.4,6.9,11.3,8.3,2.65,71.2,1.28,High
STU02029,Economics,3,3.15,3.66,3.87,68.9,76.1,96.8,0.27,81.2,64.7,83.9,72.2,66.0,90.8,12.6,17.2,1.1,3.02,79.4,2.87,Low
STU02030,Biology,8,4.0,3.7,3.36,93.7,100.0,72.9,0.0,98.4,100.0,100.0,95.0,48.0,92.3,28.0,13.1,11.6,3.08,80.7,4.0,Low
STU02031,Psychology,2,2.41,2.6,2.56,77.9,77.8,65.8,1.85,57.3,69.4,60.5,72.1,69.5,67.6,22.4,8.7,0.0,2.76,73.7,2.28,Low
STU02032,Electrical Engineering,5,1.52,1.98,2.3,46.8,55.8,61.1,1.77,66.0,61.0,74.7,65.9,63.2,70.4,16.6,15.1,0.0,3.07,80.5,1.22,High
STU02033,Mechanical Engineering,3,2.56,2.46,2.6,26.6,30.0,58.4,2.01,58.7,25.7,50.1,67.0,72.8,29.1,11.1,8.0,3.1,2.65,71.2,2.89,Medium
STU02034,Electrical Engineering,1,2.23,2.26,1.92,33.0,32.1,36.0,2.45,40.9,28.7,23.5,29.2,55.0,42.2,7.2,1.1,2.0,3.07,80.5,2.38,High
STU02035,Mathematics,3,2.21,2.0,1.91,52.8,54.4,66.2,2.16,61.8,59.6,45.8,54.6,41.0,69.4,14.3,14.1,1.2,2.67,71.5,2.45,Medium
STU02036,Electrical Engineering,2,0.23,0.75,0.89,45.3,45.9,15.1,1.79,43.5,44.4,43.8,32.6,26.6,39.7,13.3,6.0,1.7,3.07,80.5,0.09,High
STU02037,Computer Science,2,2.14,2.01,1.9,20.0,30.0,30.0,2.32,49.6,43.6,48.5,29.5,40.7,39.1,0.3,9.0,4.7,3.49,89.8,2.19,High
STU02038,Biology,7,2.89,3.11,3.08,95.4,94.5,64.6,2.0,75.5,59.4,83.0,60.6,73.7,74.3,13.2,19.4,10.9,3.08,80.7,2.86,Low
STU02039,Psychology,5,1.71,1.72,1.67,33.2,30.1,44.4,,43.5,43.3,34.3,38.9,31.9,30.3,16.4,2.8,1.1,2.76,73.7,1.69,High
STU02040,Electrical Engineering,1,2.64,2.68,2.67,62.1,63.1,71.8,3.79,58.3,58.0,59.4,73.7,60.1,69.8,28.7,8.9,4.5,3.07,80.5,2.82,Medium
STU02041,Psychology,3,0.64,0.71,0.64,37.1,30.0,14.0,4.83,27.5,36.3,22.0,30.7,25.8,18.3,,10.1,3.2,2.76,73.7,0.64,High
STU02042,Psychology,5,1.72,1.78,1.46,35.3,30.0,36.2,1.2,32.3,46.0,33.7,56.4,36.8,39.2,0.0,3.4,0.0,2.76,73.7,1.79,High
STU02043,Business Administration,8,3.02,2.69,2.8,42.4,45.0,56.1,2.3,63.2,60.4,35.0,42.9,48.3,58.3,15.7,10.1,5.6,3.26,84.6,3.15,Medium
STU02044,Mathematics,8,4.0,4.0,3.96,76.6,67.8,100.0,3.07,99.4,100.0,83.7,98.0,96.9,83.7,19.5,14.2,5.3,2.67,71.5,4.0,Low
STU02045,Electrical Engineering,5,2.36,2.2,1.9,83.2,78.3,44.3,0.0,47.3,33.8,45.1,34.6,37.2,47.9,8.0,13.8,3.2,3.07,80.5,2.77,Medium
STU02046,Mechanical Engineering,8,2.79,2.92,3.05,68.0,68.4,82.4,3.05,42.5,47.8,55.5,47.6,37.8,58.5,18.1,10.3,0.0,2.65,71.2,2.62,Medium
STU02047,Psychology,5,1.41,1.66,1.73,57.3,56.5,75.0,1.61,43.7,55.1,66.0,44.2,75.6,46.2,18.6,14.9,6.7,2.76,73.7,1.62,High
STU02048,Mathematics,3,4.0,3.83,3.41,57.9,56.1,86.1,1.2,68.4,79.7,56.7,71.8,70.1,57.1,26.0,8.8,6.6,2.67,71.5,4.0,Low
STU02049,Economics,7,2.72,2.64,2.37,48.3,59.7,80.5,3.19,73.2,54.4,59.2,64.1,72.8,46.6,15.6,18.6,3.4,3.02,79.4,3.15,Medium
STU02050,Economics,3,2.2,1.86,1.81,86.2,73.3,53.5,1.8,47.0,67.1,74.9,43.8,52.9,56.4,11.5,7.9,3.9,3.02,79.4,2.49,Medium
STU02051,Business Administration,5,3.73,3.71,3.68,84.6,76.0,82.7,0.79,89.0,80.0,70.0,69.1,55.1,77.7,19.3,8.9,6.4,3.26,84.6,3.57,Low
STU02052,Electrical Engineering,1,2.55,2.5,2.38,76.6,67.5,63.9,1.42,31.5,47.2,61.6,49.1,47.4,62.9,13.9,11.6,0.3,3.07,80.5,2.34,Low
STU02053,Psychology,6,2.25,2.34,2.37,40.8,51.1,51.9,0.0,94.8,75.2,82.5,38.8,81.0,51.0,19.5,10.2,5.7,2.76,73.7,2.0,Medium
STU02054,Business Administration,8,2.2,2.29,2.59,60.1,64.6,56.9,2.16,76.7,61.3,53.6,68.7,65.1,77.2,13.9,11.5,2.4,3.26,84.6,2.1,Medium
STU02055,Economics,5,4.0,4.0,3.9,100.0,100.0,100.0,0.75,100.0,86.9,94.0,100.0,100.0,100.0,25.8,17.7,0.0,3.02,79.4,4.0,Low
STU02056,Computer Science,4,2.97,3.17,3.73,97.6,100.0,84.6,0.26,91.2,88.6,100.0,85.5,100.0,88.1,28.1,20.3,5.8,3.49,89.8,2.74,Low
STU02057,Electrical Engineering,8,3.15,3.08,3.23,86.1,86.4,96.0,1.09,92.0,67.7,83.4,99.5,98.0,63.2,21.8,19.1,6.6,3.07,80.5,3.37,Low
STU02058,Mechanical Engineering,5,2.81,2.38,2.31,57.3,51.1,67.0,0.0,67.9,59.2,64.3,63.6,68.7,66.3,19.3,10.8,6.2,2.65,71.2,2.8,Medium
STU02059,Mechanical Engineering,5,2.75,2.82,2.98,86.4,85.5,45.6,0.83,39.8,49.9,79.6,56.8,51.2,66.0,27.5,16.4,2.6,2.65,71.2,2.58,Low
STU02060,Electrical Engineering,4,2.05,1.42,1.5,63.0,57.5,47.9,2.35,42.5,47.3,49.6,43.7,49.3,39.6,10.8,14.6,8.1,3.07,80.5,2.04,Medium
STU02061,Economics,2,3.12,3.32,3.28,98.9,100.0,60.0,1.37,100.0,86.5,75.0,93.1,100.0,100.0,16.0,20.1,6.0,3.02,79.4,3.11,Low
STU02062,Economics,6,2.86,3.01,3.19,73.0,69.1,68.5,2.79,83.4,80.9,88.1,61.2,78.7,81.2,9.6,23.1,3.1,3.02,79.4,2.87,Low
STU02063,Psychology,1,1.53,1.37,1.05,45.4,37.6,10.0,4.62,11.0,14.2,16.4,16.1,13.2,19.7,14.0,5.4,6.9,2.76,73.7,1.69,Medium
STU02064,Biology,7,3.81,3.86,3.5,100.0,94.7,93.7,1.79,64.9,100.0,94.4,89.5,75.8,100.0,21.6,17.7,5.2,3.08,80.7,3.95,Low
STU02065,Business Administration,1,1.9,2.38,2.68,65.5,73.0,68.7,3.33,73.2,71.5,76.1,74.8,74.1,73.4,30.3,12.3,2.9,3.26,84.6,1.77,Medium
STU02066,Electrical Engineering,1,3.46,3.42,3.63,66.1,71.5,100.0,2.27,93.9,97.3,94.6,100.0,86.3,100.0,21.4,9.6,2.6,3.07,80.5,3.38,Low
STU02067,Mathematics,1,2.44,2.35,2.58,69.1,73.8,83.6,0.85,28.8,81.9,66.0,80.9,95.2,82.0,17.0,11.2,12.6,2.67,71.5,2.43,Medium
STU02068,Mechanical Engineering,7,3.17,2.96,3.08,51.3,52.5,54.3,0.56,74.1,55.5,63.8,62.7,60.7,67.4,11.1,10.6,4.7,2.65,71.2,3.48,Low
STU02069,Psychology,5,4.0,3.91,3.45,92.4,92.2,100.0,1.03,100.0,96.1,99.0,93.7,95.5,96.3,26.5,21.9,2.3,2.76,73.7,4.0,Low
STU02070,Psychology,7,2.27,2.94,2.95,33.3,45.9,68.4,0.23,46.1,59.2,39.4,52.8,83.7,50.8,19.8,17.7,2.6,2.76,73.7,2.19,Medium
STU02071,Biology,4,3.55,3.47,3.53,78.5,85.6,69.1,1.98,84.4,87.5,90.4,84.3,78.7,79.2,19.8,10.7,3.9,3.08,80.7,3.63,Low
STU02072,Computer Science,8,1.48,1.55,1.63,52.0,49.9,59.4,3.52,77.0,68.5,78.1,41.5,66.7,42.4,14.8,14.3,4.2,3.49,89.8,1.38,High
STU02073,Computer Science,4,2.9,2.8,2.71,70.1,71.1,82.0,2.6,74.7,94.1,60.5,84.5,66.5,53.9,18.8,17.7,5.6,3.49,89.8,2.65,Low
STU02074,Economics,4,2.78,2.75,2.43,52.3,58.6,74.3,0.0,83.7,59.6,10.9,52.3,58.7,88.2,15.3,8.7,7.5,3.02,79.4,3.01,Low
STU02075,Psychology,2,3.16,3.31,3.32,88.8,91.2,85.5,2.1,82.4,76.0,97.9,88.0,75.4,100.0,13.1,16.2,8.4,2.76,73.7,3.01,Low
STU02076,Electrical Engineering,2,1.24,1.4,1.28,62.1,55.4,50.3,4.66,50.4,22.7,42.0,41.5,40.1,48.5,12.6,11.7,1.4,3.07,80.5,1.18,High
STU02077,Economics,6,2.64,2.41,2.24,33.1,31.0,87.9,1.74,66.6,60.8,64.3,73.6,81.3,63.5,11.8,14.7,2.4,3.02,79.4,2.84,Medium
STU02078,Biology,7,2.06,2.13,2.4,63.4,67.1,66.6,,62.6,64.7,58.6,63.3,61.0,68.9,18.2,11.5,1.7,3.08,80.7,2.02,Medium
STU02079,Mathematics,6,3.84,3.61,3.46,96.3,85.1,94.1,1.21,96.4,98.7,82.0,90.7,85.8,82.8,20.1,14.9,8.5,2.67,71.5,4.0,Low
STU02080,Business Administration,5,3.97,3.67,3.41,93.6,90.2,100.0,0.0,96.4,95.0,82.5,77.3,100.0,85.7,20.6,19.6,0.7,3.26,84.6,4.0,Low
STU02081,Economics,6,4.0,4.0,3.74,84.2,97.5,87.3,0.0,84.8,100.0,100.0,60.3,89.5,100.0,28.5,14.5,4.4,3.02,79.4,4.0,Low
STU02082,Economics,5,1.47,1.42,1.1,29.9,30.0,26.0,0.71,40.6,40.2,39.7,28.4,26.5,45.7,7.2,0.7,4.6,3.02,79.4,1.82,High
STU02083,Biology,4,2.31,2.25,2.09,54.9,40.4,46.2,3.84,53.8,47.9,46.7,47.0,45.0,49.2,7.9,12.3,5.0,3.08,80.7,2.58,Medium
STU02084,Economics,6,1.43,1.45,1.31,43.9,40.9,15.7,,34.3,62.3,52.0,51.4,46.6,36.9,1.3,3.7,3.0,3.02,79.4,1.5,High
STU02085,Biology,5,0.83,1.1,1.17,36.5,45.1,51.7,1.81,21.4,33.8,38.1,33.0,44.8,15.8,19.3,1.7,1.6,3.08,80.7,0.66,High
STU02086,Mathematics,6,2.78,2.58,2.34,73.6,77.2,78.6,3.49,52.5,90.8,79.1,77.2,67.2,81.8,11.1,7.8,3.7,2.67,71.5,2.86,Medium
STU02087,Economics,1,2.54,2.32,2.61,71.7,74.5,99.0,1.51,64.3,81.8,88.7,64.5,73.6,93.8,19.3,12.4,9.4,3.02,79.4,2.32,Low
STU02088,Economics,2,2.68,2.3,2.07,42.1,46.4,67.1,0.0,49.4,50.7,44.9,41.1,52.5,51.5,6.3,11.4,6.3,3.02,79.4,3.09,Medium
STU02089,Mathematics,8,2.54,2.38,2.44,60.7,63.7,37.5,2.22,68.2,44.9,54.7,44.6,56.5,40.9,9.8,19.3,7.5,2.67,71.5,2.63,Medium
STU02090,Mechanical Engineering,5,2.96,2.73,2.49,71.5,76.4,42.5,0.03,71.2,70.0,71.8,69.3,64.8,66.5,7.9,16.4,9.1,2.65,71.2,3.1,Low
STU02091,Mechanical Engineering,2,1.8,1.98,2.0,53.5,52.7,37.3,0.87,52.7,43.3,42.1,38.8,37.0,50.1,15.3,9.8,7.8,2.65,71.2,1.5,High
STU02092,Biology,8,1.29,1.2,0.85,60.7,56.1,48.9,4.14,47.1,42.9,54.7,44.3,56.8,38.4,12.8,11.1,3.0,3.08,80.7,1.42,High
STU02093,Economics,4,1.54,1.35,1.2,20.0,30.0,10.0,0.0,26.1,21.1,36.3,6.3,49.5,33.7,4.7,5.2,4.6,3.02,79.4,1.72,High
STU02094,Business Administration,4,3.95,3.72,4.0,86.5,85.3,70.1,1.21,78.0,93.8,95.8,80.9,55.5,83.6,16.2,17.5,,3.26,84.6,3.96,Low
STU02095,Psychology,8,3.36,3.69,3.43,82.8,88.3,78.0,0.0,48.8,55.3,77.9,46.4,78.1,64.0,18.6,14.7,0.0,2.76,73.7,3.28,Low
STU02096,Mathematics,5,0.38,0.63,0.77,30.9,30.0,21.5,2.7,27.7,22.1,27.5,29.1,20.9,23.1,6.5,8.5,6.4,2.67,71.5,0.39,High
STU02097,Computer Science,3,0.89,0.99,1.05,20.5,30.0,10.0,2.66,11.5,32.2,13.6,26.8,15.1,25.7,0.0,10.0,1.7,3.49,89.8,0.99,High
STU02098,Computer Science,6,2.68,2.82,2.89,89.3,82.3,47.7,,66.3,59.1,64.6,61.3,67.6,70.6,18.7,8.7,7.7,3.49,89.8,2.61,Low
STU02099,Mathematics,2,3.06,2.7,2.38,55.8,65.6,50.2,1.85,57.7,41.1,43.5,26.4,41.7,51.0,11.9,10.7,7.3,2.67,71.5,3.32,Low
STU02100,Computer Science,5,3.56,3.11,3.19,83.3,80.1,30.0,1.09,72.7,93.8,98.8,71.7,91.0,74.6,29.0,19.6,7.2,3.49,89.8,3.58,Low
STU02101,Business Administration,6,2.94,2.6,2.16,54.0,48.7,20.5,1.6,51.1,97.3,54.5,73.6,40.7,57.7,9.9,7.4,7.4,3.26,84.6,3.03,Low
STU02102,Psychology,7,1.97,2.1,2.37,62.2,66.5,68.9,3.13,69.8,83.9,72.6,79.6,79.4,80.7,18.5,19.3,11.3,2.76,73.7,1.89,Medium
STU02103,Psychology,6,1.1,0.96,0.98,32.6,30.0,28.2,4.65,31.3,23.5,59.8,33.7,27.2,11.3,6.1,11.6,0.0,2.76,73.7,1.14,High
STU02104,Mechanical Engineering,4,3.11,3.24,3.07,76.5,73.2,81.9,2.92,77.5,80.1,76.2,73.0,74.1,78.3,,9.7,6.1,2.65,71.2,3.12,Low
STU02105,Computer Science,2,1.94,2.15,2.44,39.1,46.3,20.3,4.3,60.8,55.3,55.7,55.9,49.1,58.9,17.3,13.7,12.5,3.49,89.8,1.61,Medium
STU02106,Biology,7,2.66,2.9,3.0,57.1,60.0,57.7,,74.7,61.7,100.0,72.1,71.3,54.0,16.2,17.5,6.8,3.08,80.7,2.41,Medium
STU02107,Psychology,5,2.76,2.77,2.77,69.7,76.9,88.4,0.72,58.0,53.7,100.0,62.4,89.8,64.3,13.8,17.7,7.4,2.76,73.7,2.9,Low
STU02108,Psychology,2,2.9,3.32,3.76,100.0,100.0,80.0,0.0,96.7,100.0,100.0,100.0,100.0,91.3,26.3,15.9,6.1,2.76,73.7,2.52,Low
STU02109,Mechanical Engineering,5,3.15,2.96,2.85,61.4,57.6,75.8,1.8,70.2,57.4,61.3,74.2,61.2,66.4,,4.7,1.9,2.65,71.2,3.36,Low
STU02110,Mathematics,8,3.65,3.69,3.71,94.4,83.5,82.2,1.83,100.0,68.7,94.1,87.8,100.0,64.1,16.5,8.5,4.3,2.67,71.5,3.78,Low
STU02111,Psychology,2,2.56,2.72,2.64,75.7,75.7,52.9,2.59,67.9,53.6,63.7,57.9,62.3,52.5,12.9,10.6,3.1,2.76,73.7,2.44,Medium
STU02112,Psychology,5,3.28,3.06,2.73,62.3,55.7,45.8,2.28,46.3,58.5,63.6,56.6,42.6,36.7,13.8,9.1,0.0,2.76,73.7,3.46,Low
STU02113,Mechanical Engineering,1,1.76,1.6,1.46,22.9,30.0,12.9,2.89,18.2,26.5,24.6,25.6,27.5,23.5,3.2,6.9,0.0,2.65,71.2,1.94,High
STU02114,Psychology,1,2.34,2.4,2.3,100.0,100.0,61.7,1.15,100.0,100.0,81.5,92.2,92.3,90.4,12.9,15.9,9.4,2.76,73.7,2.4,Low
STU02115,Mathematics,7,2.31,2.48,2.56,69.5,77.5,71.2,2.4,79.1,82.7,75.4,85.7,82.8,77.4,18.2,12.3,5.2,2.67,71.5,2.19,Medium
STU02116,Economics,3,2.9,2.81,2.85,61.7,63.2,58.8,1.31,52.4,66.3,73.0,61.6,62.4,53.1,16.5,14.1,4.2,3.02,79.4,2.9,Low
STU02117,Computer Science,5,3.38,3.35,2.8,73.0,64.2,95.4,1.93,66.2,69.9,57.6,67.1,55.6,74.5,9.4,12.2,3.8,3.49,89.8,3.44,Low
STU02118,Electrical Engineering,5,2.79,3.04,3.07,73.0,74.5,60.5,0.48,61.2,83.5,67.5,66.7,83.3,71.4,20.6,10.4,7.4,3.07,80.5,2.75,Low
STU02119,Electrical Engineering,1,0.49,0.34,0.5,25.0,30.0,14.1,3.38,16.4,17.9,20.9,30.7,12.9,19.7,10.6,2.0,,3.07,80.5,0.23,High
STU02120,Mathematics,8,4.0,4.0,4.0,98.2,100.0,100.0,0.01,94.8,73.6,100.0,100.0,69.5,84.3,21.8,16.5,11.1,2.67,71.5,3.98,Low
STU02121,Electrical Engineering,5,2.38,2.1,1.88,54.2,47.2,71.5,0.91,56.1,55.8,50.5,47.6,46.8,67.6,15.9,17.3,2.5,3.07,80.5,2.48,Medium
STU02122,Psychology,4,2.14,2.23,2.23,70.3,66.0,51.6,0.83,63.8,76.0,60.9,61.6,59.4,65.9,12.2,14.8,4.9,2.76,73.7,2.2,Medium
STU02123,Business Administration,1,1.82,1.93,1.97,56.4,59.0,73.5,2.66,61.1,62.9,39.3,55.6,55.4,72.8,25.4,14.3,8.0,3.26,84.6,1.63,Medium
STU02124,Computer Science,5,1.9,2.05,2.51,53.4,55.9,56.5,4.25,47.6,57.7,68.4,62.3,67.8,59.6,16.3,15.5,5.3,3.49,89.8,1.76,High
STU02125,Biology,1,1.94,2.36,2.56,37.7,38.7,59.0,0.39,52.6,55.6,58.0,56.2,61.1,62.0,12.4,5.5,4.1,3.08,80.7,2.02,Medium
STU02126,Business Administration,2,2.52,2.22,2.19,62.1,53.8,64.6,2.39,77.9,66.7,51.0,62.3,77.7,33.3,20.3,9.9,0.8,3.26,84.6,2.77,Medium
STU02127,Mathematics,4,1.95,1.98,2.09,54.6,48.5,30.5,1.62,84.0,53.6,75.8,75.2,62.4,62.4,16.9,11.7,3.8,2.67,71.5,1.86,Medium
STU02128,Mechanical Engineering,2,3.18,3.21,3.35,93.3,97.6,95.4,1.36,87.3,83.1,89.5,84.7,89.3,71.2,22.8,17.2,6.6,2.65,71.2,3.04,Low
STU02129,Mechanical Engineering,1,2.77,2.53,2.26,39.4,39.9,70.8,1.23,71.1,63.4,67.3,37.9,42.1,57.1,18.0,9.2,,2.65,71.2,2.81,Low
STU02130,Mathematics,2,0.64,0.28,0.57,34.5,30.0,50.5,2.74,2.1,74.9,38.0,26.1,66.9,40.9,17.9,6.9,0.0,2.67,71.5,0.79,High
STU02131,Business Administration,3,2.52,2.42,2.35,50.3,50.4,40.0,1.41,55.3,67.9,68.5,63.6,58.4,69.6,19.1,12.5,5.1,3.26,84.6,2.56,Medium
STU02132,Business Administration,4,1.86,2.04,1.91,32.3,37.5,61.1,0.0,51.5,48.9,35.7,54.2,50.1,36.1,14.6,17.6,4.4,3.26,84.6,1.59,High
STU02133,Computer Science,6,2.69,2.74,2.77,77.8,86.5,82.4,2.18,73.6,55.0,39.3,69.8,84.4,54.2,11.4,13.6,6.4,3.49,89.8,2.86,Medium
STU02134,Electrical Engineering,5,2.58,2.52,2.4,89.1,80.8,55.9,,61.7,72.0,68.9,69.4,71.8,69.0,8.9,10.1,0.0,3.07,80.5,2.69,Low
STU02135,Economics,7,4.0,4.0,4.0,99.5,88.7,100.0,2.46,100.0,84.1,100.0,93.3,100.0,100.0,25.7,11.6,3.6,3.02,79.4,4.0,Low
STU02136,Electrical Engineering,6,2.34,2.21,2.18,89.7,82.6,70.4,2.41,72.2,72.4,60.0,71.0,71.2,63.6,21.3,12.3,7.1,3.07,80.5,2.3,Medium
STU02137,Mechanical Engineering,1,1.64,1.8,1.98,57.6,64.9,36.7,1.49,48.2,55.7,59.4,73.1,62.4,39.6,10.0,11.4,5.4,2.65,71.2,1.66,Medium
STU02138,Psychology,8,1.49,1.29,1.33,32.5,30.0,30.2,4.54,33.1,27.5,25.4,27.5,25.5,30.9,5.6,9.0,6.7,2.76,73.7,1.76,High
STU02139,Psychology,7,3.06,2.85,2.78,69.7,72.4,47.2,0.37,53.0,69.6,63.0,68.1,56.9,63.0,17.6,11.9,5.7,2.76,73.7,3.18,Low
STU02140,Psychology,5,1.73,1.65,1.75,45.5,48.0,47.9,2.6,47.1,53.5,51.4,50.0,52.9,47.0,13.2,15.1,4.1,2.76,73.7,1.81,High
STU02141,Economics,4,2.7,2.64,2.78,75.3,79.0,80.8,3.9,83.2,80.5,79.8,74.8,78.4,73.2,16.4,15.1,0.0,3.02,79.4,2.52,Medium
STU02142,Economics,2,3.51,3.58,3.76,88.0,87.2,100.0,3.14,83.2,88.5,100.0,100.0,100.0,100.0,15.0,15.9,5.2,3.02,79.4,3.43,Low
STU02143,Electrical Engineering,8,2.05,1.97,2.13,77.9,71.3,50.7,3.09,59.0,62.5,79.3,88.7,78.5,67.1,13.9,16.3,4.7,3.07,80.5,2.02,Medium
STU02144,Biology,7,2.94,2.92,2.98,64.6,59.0,63.7,0.0,82.2,72.7,63.9,59.2,61.9,67.9,19.1,19.4,1.8,3.08,80.7,2.76,Low
STU02145,Mathematics,4,2.26,2.45,2.61,49.1,51.6,55.3,1.38,82.9,58.3,64.1,33.3,94.7,35.2,15.4,1.4,2.5,2.67,71.5,2.3,High
STU02146,Computer Science,3,3.51,3.52,3.41,93.8,88.9,95.7,,100.0,90.9,88.1,78.2,75.2,100.0,14.4,8.8,3.3,3.49,89.8,3.43,Low
STU02147,Mathematics,8,2.61,2.24,2.03,62.7,55.8,55.3,2.9,51.3,60.7,58.1,63.5,64.5,58.3,16.5,10.2,1.7,2.67,71.5,2.51,Low
STU02148,Biology,4,2.72,2.72,2.64,58.7,57.7,53.7,2.96,66.5,74.7,57.2,41.7,61.8,48.4,17.8,11.8,5.2,3.08,80.7,2.87,Medium
STU02149,Computer Science,7,2.84,2.99,3.27,59.0,56.4,69.9,3.79,77.4,71.6,52.4,62.0,74.8,65.2,22.3,20.5,4.3,3.49,89.8,2.59,Low
STU02150,Biology,4,2.5,2.7,2.9,49.3,54.9,55.5,,99.8,62.9,78.0,83.6,78.2,61.6,23.2,13.2,6.7,3.08,80.7,2.21,Medium
STU02151,Computer Science,8,1.63,1.71,1.66,39.6,47.0,80.8,2.69,74.3,64.9,69.0,62.8,73.2,64.0,12.2,8.0,8.5,3.49,89.8,1.86,High
STU02152,Mechanical Engineering,3,2.05,1.97,1.97,56.3,56.9,36.3,4.64,38.8,53.8,43.2,21.4,30.6,35.6,10.7,13.3,4.6,2.65,71.2,1.77,Medium
STU02153,Mathematics,8,1.75,1.95,2.02,53.8,47.1,57.9,4.82,66.8,45.2,61.0,37.9,47.7,51.6,15.0,20.1,12.7,2.67,71.5,1.84,Medium
STU02154,Mechanical Engineering,2,2.07,2.1,1.62,42.1,35.8,57.6,6.48,44.2,44.8,42.5,43.9,51.2,52.9,10.9,5.8,4.9,2.65,71.2,2.2,High
STU02155,Business Administration,8,2.9,2.77,2.55,73.4,65.5,37.9,1.01,74.0,59.1,63.5,58.0,62.1,62.7,7.3,14.9,5.3,3.26,84.6,3.1,Low
STU02156,Mathematics,2,2.58,2.37,2.35,65.0,66.0,51.5,1.6,60.7,61.0,66.7,59.5,67.5,65.1,13.3,13.2,6.1,2.67,71.5,2.71,Medium
STU02157,Economics,4,2.32,2.5,2.67,55.7,63.0,68.1,2.53,76.0,69.1,58.9,74.8,68.4,66.2,24.9,8.1,7.3,3.02,79.4,2.15,Medium
STU02158,Psychology,3,4.0,4.0,4.0,90.6,99.0,100.0,0.0,94.3,40.7,70.6,89.8,100.0,100.0,19.2,15.9,8.3,2.76,73.7,3.87,Low
STU02159,Business Administration,2,2.83,2.65,2.72,86.6,84.9,57.8,0.0,73.3,76.3,70.0,75.1,77.8,72.5,21.9,16.8,1.4,3.26,84.6,2.7,Low
STU02160,Psychology,4,2.52,2.69,2.64,75.5,72.5,67.1,0.0,67.2,74.3,86.6,61.1,64.0,74.4,23.2,14.1,3.2,2.76,73.7,2.54,Low
STU02161,Computer Science,5,1.8,1.98,2.22,55.9,54.4,62.5,4.28,59.7,64.0,66.8,49.0,60.3,75.1,15.7,18.8,3.7,3.49,89.8,1.67,Medium
STU02162,Computer Science,4,2.09,1.88,1.77,31.1,30.0,69.3,4.41,42.2,34.2,31.5,59.1,29.0,34.4,15.2,6.1,3.3,3.49,89.8,1.93,Medium
STU02163,Electrical Engineering,1,2.2,2.25,2.09,70.9,66.5,66.1,1.0,73.5,70.6,62.0,67.8,54.3,56.6,23.4,8.7,3.1,3.07,80.5,2.17,Medium
STU02164,Business Administration,8,3.3,3.25,2.63,62.1,55.9,54.6,3.73,50.3,74.9,81.4,53.1,45.0,66.1,19.0,11.0,4.5,3.26,84.6,3.49,Low
STU02165,Economics,8,3.15,3.53,3.45,64.8,67.4,91.5,0.86,84.1,69.1,83.0,100.0,79.1,100.0,12.8,10.2,0.0,3.02,79.4,2.85,Low
STU02166,Economics,8,3.38,3.31,2.88,61.4,66.5,100.0,0.87,69.2,64.8,65.6,74.2,72.7,64.8,24.9,9.4,7.0,3.02,79.4,3.79,Low
STU02167,Business Administration,8,2.13,2.41,2.79,65.2,74.0,50.2,0.87,84.5,80.6,69.6,86.1,82.3,72.8,13.3,14.3,6.2,3.26,84.6,1.94,Medium
STU02168,Psychology,7,2.21,2.18,2.33,50.4,57.5,67.9,2.97,69.1,82.8,56.5,63.3,73.1,70.6,9.2,6.9,1.8,2.76,73.7,2.12,Medium
STU02169,Psychology,2,3.73,3.53,3.26,84.6,80.1,70.7,0.0,66.9,70.5,61.9,68.1,70.9,75.3,21.5,13.4,5.8,2.76,73.7,3.84,Low
STU02170,Mechanical Engineering,6,2.47,2.32,2.37,72.9,75.8,85.6,3.24,74.1,77.8,81.6,79.4,79.3,81.6,9.6,15.7,6.7,2.65,71.2,2.46,Medium
STU02171,Mathematics,6,3.77,3.87,3.92,82.1,96.2,81.6,0.38,98.6,97.0,100.0,100.0,99.1,74.2,21.9,24.1,5.2,2.67,71.5,3.77,Low
STU02172,Biology,2,2.36,2.11,1.97,62.9,57.1,59.4,1.63,94.4,47.4,33.6,46.0,56.4,40.9,17.2,6.8,0.0,3.08,80.7,2.5,Medium
STU02173,Biology,2,1.7,1.76,2.15,46.7,47.6,38.3,5.83,48.5,41.3,44.0,49.7,47.3,46.0,8.9,3.1,4.1,3.08,80.7,1.39,High
STU02174,Mechanical Engineering,6,3.34,3.12,2.8,57.3,60.9,60.8,3.66,70.8,64.6,66.2,56.6,63.0,74.9,7.3,18.9,5.8,2.65,71.2,3.48,Low
STU02175,Mathematics,7,4.0,4.0,4.0,83.9,95.3,84.6,2.19,100.0,98.7,90.9,100.0,90.6,81.4,20.8,23.3,7.9,2.67,71.5,4.0,Low
STU02176,Psychology,8,2.43,2.49,2.31,57.5,43.9,67.1,,59.3,68.6,63.9,70.2,47.9,55.9,13.6,11.6,6.9,2.76,73.7,2.63,Medium
STU02177,Electrical Engineering,3,2.69,2.9,3.13,74.6,78.4,71.8,0.0,91.0,90.3,93.4,87.4,81.1,78.5,11.2,14.8,0.7,3.07,80.5,2.43,Medium
STU02178,Computer Science,1,2.38,2.31,2.4,78.1,70.4,90.2,3.86,64.0,53.5,84.2,54.5,52.2,83.2,12.5,11.5,,3.49,89.8,2.34,Medium
STU02179,Computer Science,1,1.39,1.38,1.44,33.0,35.4,21.0,2.82,29.8,50.8,34.6,46.9,38.4,41.4,7.3,11.9,5.9,3.49,89.8,1.41,High
STU02180,Computer Science,4,1.74,1.89,1.87,42.5,49.3,33.2,0.0,55.1,62.4,62.6,52.6,54.3,37.1,10.7,7.4,3.7,3.49,89.8,1.85,High
STU02181,Mechanical Engineering,1,2.62,2.96,3.08,60.8,59.4,80.9,2.14,75.0,67.8,70.1,69.3,74.7,58.7,17.8,8.5,8.3,2.65,71.2,2.53,Low
STU02182,Computer Science,1,2.9,2.6,2.06,61.7,60.2,41.2,2.12,45.6,56.3,47.5,49.6,45.5,49.0,17.0,11.3,9.3,3.49,89.8,3.06,Low
STU02183,Mechanical Engineering,4,4.0,3.43,3.12,100.0,89.9,86.0,0.88,78.9,77.6,79.8,74.6,79.1,78.3,14.2,11.3,8.4,2.65,71.2,4.0,Low
STU02184,Mechanical Engineering,8,2.28,2.33,2.43,86.5,85.7,87.3,1.55,73.5,72.0,76.3,72.4,77.5,72.6,20.0,11.7,2.6,2.65,71.2,2.06,Medium
STU02185,Biology,7,2.23,2.23,2.28,25.6,30.0,30.3,2.55,48.7,33.3,62.3,65.7,70.9,46.1,9.1,15.6,9.1,3.08,80.7,2.18,Medium
STU02186,Computer Science,2,2.07,2.15,2.58,64.8,70.8,68.5,1.06,81.2,83.5,77.9,77.4,83.8,82.4,22.8,3.8,3.7,3.49,89.8,1.82,Medium
STU02187,Economics,4,3.27,3.54,3.29,75.1,75.4,66.6,3.18,59.9,63.2,78.0,63.0,62.6,72.8,21.1,5.7,5.7,3.02,79.4,3.31,Low
STU02188,Mechanical Engineering,4,2.4,2.83,2.63,62.8,57.7,53.1,0.01,56.6,73.9,42.9,47.3,48.0,78.6,14.0,8.4,5.5,2.65,71.2,2.52,Medium
STU02189,Business Administration,4,2.55,2.42,2.35,79.3,85.7,62.3,2.92,76.9,80.2,75.2,80.7,71.5,79.1,17.4,17.9,8.3,3.26,84.6,2.38,Low
STU02190,Biology,8,2.71,2.6,2.24,34.2,30.9,42.0,2.28,39.9,31.5,45.0,44.3,55.5,39.8,10.2,9.6,4.1,3.08,80.7,2.87,Medium
STU02191,Economics,2,3.68,3.43,3.17,70.9,72.5,80.6,1.8,76.4,71.0,100.0,76.7,37.6,39.3,23.9,5.9,3.4,3.02,79.4,3.79,Low
STU02192,Computer Science,7,3.38,3.47,3.17,82.6,92.9,79.7,0.0,82.9,94.9,71.9,68.3,81.2,77.7,20.4,12.3,9.0,3.49,89.8,3.44,Low
STU02193,Biology,2,2.48,2.23,2.05,52.3,45.6,74.5,0.0,60.4,52.7,56.1,58.2,64.0,49.6,10.2,9.7,4.9,3.08,80.7,2.64,Medium
STU02194,Mathematics,5,2.65,2.42,2.22,79.1,76.0,38.7,2.61,57.8,57.2,56.1,61.4,61.9,62.2,17.6,13.3,1.2,2.67,71.5,2.93,Medium
STU02195,Economics,4,2.81,3.09,2.63,71.9,68.4,75.0,1.81,39.5,74.1,66.0,79.8,69.7,53.0,11.1,10.3,4.6,3.02,79.4,2.8,Low
STU02196,Mathematics,6,3.66,3.73,3.77,100.0,100.0,90.9,1.39,100.0,95.2,100.0,100.0,100.0,97.1,23.0,20.9,7.4,2.67,71.5,3.68,Low
STU02197,Computer Science,2,3.34,3.38,3.27,66.2,67.6,94.9,1.41,71.7,81.3,73.9,92.0,90.4,80.9,16.0,7.7,6.1,3.49,89.8,3.46,Low
STU02198,Electrical Engineering,7,1.34,1.31,1.18,36.6,35.4,29.4,3.76,46.5,24.6,52.1,55.6,52.2,61.3,11.7,8.4,2.9,3.07,80.5,1.38,High
STU02199,Psychology,5,2.36,2.19,2.24,81.6,87.3,68.1,4.91,77.4,64.8,72.2,63.5,70.5,79.6,25.5,13.6,1.2,2.76,73.7,2.18,Low
STU02200,Economics,1,2.72,2.37,2.31,81.5,63.2,66.0,0.0,44.7,57.0,64.3,78.3,47.4,64.5,12.9,6.2,9.0,3.02,79.4,2.97,Low
STU02201,Economics,1,1.92,2.06,2.22,63.3,59.3,74.7,2.46,48.2,49.0,54.9,70.2,54.2,58.4,,17.1,6.8,3.02,79.4,1.85,Medium
STU02202,Computer Science,6,2.35,2.61,2.83,53.5,63.0,44.9,1.36,45.8,57.9,40.8,51.9,63.3,32.5,20.1,8.6,10.3,3.49,89.8,1.99,Medium
STU02203,Electrical Engineering,2,3.45,3.34,3.31,88.5,81.6,89.9,0.0,70.1,76.6,76.8,73.7,77.6,78.6,25.1,9.2,7.0,3.07,80.5,3.45,Low
STU02204,Economics,6,2.17,2.43,2.91,84.6,80.8,100.0,1.95,100.0,72.6,78.5,94.2,82.1,92.3,,8.9,7.0,3.02,79.4,1.95,Medium
STU02205,Biology,3,2.25,2.18,2.0,63.4,61.0,28.0,1.95,83.7,61.1,63.1,63.9,65.0,66.1,18.6,15.3,5.5,3.08,80.7,2.55,Medium
STU02206,Business Administration,8,3.04,2.93,2.68,93.0,86.8,63.1,2.84,55.2,63.5,70.3,78.1,76.4,38.9,13.3,14.6,4.4,3.26,84.6,3.27,Low
STU02207,Electrical Engineering,7,2.79,2.93,2.92,84.1,87.8,85.6,1.13,86.0,100.0,80.8,82.5,92.5,81.4,28.2,11.5,0.0,3.07,80.5,2.71,Low
STU02208,Computer Science,8,2.22,2.1,1.71,61.2,52.3,56.9,1.49,62.5,47.1,41.3,38.3,49.4,75.0,23.3,14.8,3.6,3.49,89.8,2.13,Medium
STU02209,Computer Science,3,2.25,2.12,2.03,69.7,62.8,63.5,3.35,74.8,71.2,68.6,73.4,68.3,69.9,18.3,9.4,0.0,3.49,89.8,2.05,Medium
STU02210,Mechanical Engineering,4,2.09,2.0,1.87,38.4,33.5,33.3,2.72,50.6,42.2,52.0,40.5,68.9,59.3,8.8,9.6,1.9,2.65,71.2,2.2,Medium
STU02211,Business Administration,2,3.73,3.58,3.71,75.5,82.4,80.3,0.65,80.8,83.3,78.6,87.2,85.7,81.8,17.5,15.6,2.8,3.26,84.6,3.68,Low
STU02212,Computer Science,7,0.83,0.63,0.5,27.5,30.0,38.5,,30.9,0.0,20.0,5.6,31.9,36.3,12.7,4.5,9.1,3.49,89.8,0.95,High
STU02213,Computer Science,6,2.87,2.63,2.71,88.1,86.4,99.1,0.09,93.9,100.0,100.0,98.3,97.6,100.0,22.3,9.4,9.6,3.49,89.8,2.96,Low
STU02214,Economics,8,2.0,2.12,1.85,32.6,34.3,74.4,2.21,53.8,53.4,54.0,46.6,72.2,73.8,7.8,3.7,4.0,3.02,79.4,2.07,Medium
STU02215,Computer Science,1,1.81,1.84,2.06,82.6,71.4,49.7,1.33,55.1,67.5,55.7,57.3,51.5,66.4,17.5,17.0,6.8,3.49,89.8,1.81,Medium
STU02216,Mathematics,1,2.17,2.34,2.09,53.7,46.3,53.8,2.89,64.5,40.0,54.0,66.3,72.7,55.9,11.1,11.5,4.4,2.67,71.5,2.14,Medium
STU02217,Psychology,4,2.62,2.68,2.77,78.1,86.5,80.7,0.53,78.9,74.3,100.0,85.4,90.0,89.6,21.0,13.8,9.6,2.76,73.7,2.75,Medium
STU02218,Computer Science,7,3.26,2.98,2.6,73.0,62.0,72.7,0.34,35.4,58.1,63.8,47.7,39.8,58.8,11.3,18.9,3.6,3.49,89.8,3.38,Low
STU02219,Electrical Engineering,7,3.69,3.71,3.76,62.2,62.5,72.7,1.42,76.9,76.1,94.0,65.9,92.4,55.1,9.5,19.7,1.9,3.07,80.5,3.64,Low
STU02220,Economics,7,2.3,2.38,2.28,46.4,51.9,55.8,1.55,77.2,91.3,72.4,95.2,93.6,56.5,17.6,9.8,4.6,3.02,79.4,2.23,Medium
STU02221,Economics,5,1.83,1.82,1.92,72.5,79.6,76.5,0.63,65.7,73.9,62.7,73.0,60.6,71.5,14.0,15.7,0.0,3.02,79.4,1.94,Medium
STU02222,Mathematics,6,2.66,2.49,2.61,81.0,74.4,73.4,0.21,24.8,35.3,23.4,77.3,35.5,46.6,17.7,6.0,12.3,2.67,71.5,2.85,Low
STU02223,Economics,2,3.43,3.27,3.13,35.8,32.0,52.4,3.19,79.1,57.9,78.4,73.4,42.8,51.0,22.5,4.4,7.3,3.02,79.4,3.49,Low
STU02224,Computer Science,1,3.21,3.03,2.92,49.9,55.2,37.2,0.0,74.8,62.5,5.5,30.9,47.7,44.1,18.4,11.9,10.8,3.49,89.8,3.21,Medium
STU02225,Electrical Engineering,3,2.57,3.01,3.17,86.7,84.6,39.2,2.59,72.2,86.3,45.4,65.0,51.2,66.8,21.7,17.1,,3.07,80.5,2.21,Medium
STU02226,Biology,4,1.25,1.17,1.07,22.0,30.0,39.3,5.24,30.9,29.7,30.1,27.1,21.8,24.4,10.8,16.9,7.9,3.08,80.7,1.54,High
STU02227,Economics,5,3.43,3.4,3.14,74.8,71.9,90.4,1.6,69.3,71.9,72.6,79.0,81.3,66.4,20.3,15.9,3.6,3.02,79.4,3.38,Low
STU02228,Mechanical Engineering,5,0.76,0.94,1.05,46.3,38.5,55.1,3.65,42.6,41.7,31.0,43.2,35.5,22.1,15.4,13.0,1.6,2.65,71.2,0.83,High
STU02229,Business Administration,7,2.71,2.86,2.79,61.6,63.8,76.0,4.19,86.2,89.0,84.3,91.7,91.1,88.5,22.7,13.0,6.8,3.26,84.6,2.66,Low
STU02230,Electrical Engineering,2,2.65,2.26,1.84,82.0,82.4,36.0,5.74,50.5,58.0,57.5,56.6,60.0,53.2,,18.9,0.0,3.07,80.5,2.96,Medium
STU02231,Mechanical Engineering,3,1.91,1.84,2.19,25.0,30.0,46.4,2.56,57.3,53.9,63.5,54.2,64.7,51.8,20.4,10.9,3.2,2.65,71.2,1.91,Medium
STU02232,Biology,1,1.75,1.72,1.89,54.5,58.7,35.8,,43.0,39.1,45.2,59.7,59.5,24.6,9.8,9.9,3.2,3.08,80.7,1.54,High
STU02233,Biology,5,3.37,2.95,2.89,80.8,79.0,75.6,0.72,81.3,79.6,77.9,75.1,74.1,70.9,14.0,4.5,0.3,3.08,80.7,3.36,Low
STU02234,Electrical Engineering,7,3.6,3.32,3.6,72.1,71.1,58.2,2.62,99.6,86.0,87.3,77.0,78.9,80.0,15.7,15.5,4.2,3.07,80.5,3.79,Low
STU02235,Computer Science,8,1.91,1.87,2.04,66.3,66.7,19.2,0.95,57.7,63.3,78.8,44.7,40.9,46.3,10.4,2.2,9.9,3.49,89.8,1.86,Medium
STU02236,Computer Science,4,3.19,3.34,3.61,73.9,79.8,66.7,0.0,72.9,70.2,72.8,75.8,76.8,79.7,19.0,13.9,6.6,3.49,89.8,2.96,Low
STU02237,Computer Science,1,2.4,2.6,2.45,51.6,60.6,60.9,4.62,63.6,50.0,42.6,33.4,36.5,35.0,12.9,10.6,0.4,3.49,89.8,2.4,Medium
STU02238,Mechanical Engineering,4,3.44,3.71,4.0,74.2,87.2,82.5,0.66,100.0,100.0,90.9,94.1,84.1,96.6,18.5,12.4,8.4,2.65,71.2,3.17,Low
STU02239,Economics,7,3.32,3.2,2.7,99.1,89.3,78.0,0.0,91.1,89.4,80.4,74.6,92.3,88.8,13.8,9.8,10.5,3.02,79.4,3.45,Low
STU02240,Computer Science,3,2.12,2.14,2.25,37.1,36.4,30.5,2.5,54.1,58.8,42.4,55.8,55.4,59.0,27.3,6.6,6.7,3.49,89.8,2.29,High
STU02241,Psychology,5,2.65,3.12,3.13,82.0,80.9,81.9,1.65,73.0,85.2,74.5,82.2,91.5,82.8,25.6,12.1,5.3,2.76,73.7,2.3,Low
STU02242,Electrical Engineering,5,4.0,3.9,3.86,89.9,86.8,80.4,0.42,99.9,80.3,95.9,97.9,66.6,80.9,23.6,20.5,9.2,3.07,80.5,4.0,Low
STU02243,Electrical Engineering,8,1.48,1.37,1.38,30.4,39.0,25.3,2.99,74.0,50.9,45.4,48.5,44.6,72.8,17.3,10.6,1.4,3.07,80.5,1.41,High
STU02244,Mathematics,2,0.35,0.29,0.54,29.4,30.0,10.0,4.25,18.8,18.3,9.9,18.5,15.5,21.2,8.3,12.5,5.0,2.67,71.5,0.0,High
STU02245,Economics,7,2.36,2.17,2.15,98.5,82.7,69.3,0.0,49.5,59.7,37.9,47.1,58.2,61.0,11.2,0.0,5.6,3.02,79.4,2.51,Medium
STU02246,Mechanical Engineering,2,2.19,2.42,2.62,44.6,46.6,56.5,2.74,56.3,54.7,70.9,66.4,60.0,62.9,9.4,13.4,7.5,2.65,71.2,2.17,Medium
STU02247,Mechanical Engineering,7,3.22,3.47,3.64,87.4,100.0,100.0,0.0,76.8,100.0,100.0,94.4,95.6,93.6,22.4,20.5,4.3,2.65,71.2,2.99,Low
STU02248,Computer Science,1,2.33,2.46,2.64,73.1,80.5,82.6,1.96,71.4,73.4,64.4,79.1,62.3,72.7,13.2,17.8,5.1,3.49,89.8,2.31,Medium
STU02249,Psychology,7,1.99,2.14,2.25,66.8,64.3,76.4,2.57,68.0,57.1,40.9,33.7,19.9,63.4,14.0,7.8,0.0,2.76,73.7,1.7,Medium
STU02250,Computer Science,2,4.0,4.0,4.0,94.9,87.3,93.6,1.19,95.1,84.0,94.2,88.1,83.8,88.7,17.9,18.3,4.7,3.49,89.8,3.89,Low
STU02251,Business Administration,1,2.87,2.73,2.88,87.7,90.0,47.9,0.0,87.1,71.7,50.1,80.0,54.8,54.2,11.7,19.6,11.1,3.26,84.6,3.08,Low
STU02252,Psychology,6,2.29,1.8,1.32,38.7,30.0,27.4,6.22,18.8,26.6,47.8,37.3,22.9,25.7,3.6,6.2,2.1,2.76,73.7,2.54,High
STU02253,Computer Science,7,1.64,1.74,1.89,58.1,61.5,46.1,1.39,46.5,27.6,40.8,58.6,45.1,46.1,1.4,3.6,6.5,3.49,89.8,1.43,High
STU02254,Biology,8,3.45,3.36,3.25,80.6,78.6,81.8,2.44,84.1,84.9,96.8,83.3,62.3,100.0,20.2,15.9,4.7,3.08,80.7,3.52,Low
STU02255,Biology,1,4.0,3.88,3.63,100.0,94.8,91.1,0.7,80.7,77.9,93.1,88.4,88.9,82.7,22.7,13.6,4.9,3.08,80.7,4.0,Low
STU02256,Computer Science,6,2.54,2.6,2.4,66.9,60.2,56.5,5.28,92.4,73.9,75.5,45.8,74.4,66.3,,9.6,2.4,3.49,89.8,2.17,Medium
STU02257,Mechanical Engineering,1,4.0,3.86,3.76,91.2,89.2,100.0,0.0,78.0,94.0,83.1,62.9,99.2,100.0,23.0,18.4,4.0,2.65,71.2,4.0,Low
STU02258,Biology,1,3.18,3.25,3.74,98.4,100.0,85.8,0.0,83.8,89.6,83.3,91.4,75.6,97.7,7.0,19.1,3.3,3.08,80.7,3.03,Low
STU02259,Electrical Engineering,7,2.97,2.64,2.62,68.3,73.1,47.6,2.72,64.8,89.5,74.5,65.9,69.1,74.5,9.4,6.6,2.8,3.07,80.5,3.29,Low
STU02260,Business Administration,3,1.66,1.6,1.84,67.9,74.2,36.3,0.84,74.7,66.0,72.1,70.0,59.3,57.2,15.7,9.4,2.1,3.26,84.6,1.67,Medium
STU02261,Computer Science,4,2.99,3.21,3.5,89.5,93.6,90.8,0.0,80.0,98.3,99.0,87.2,100.0,87.0,28.8,13.2,7.6,3.49,89.8,2.87,Low
STU02262,Economics,7,1.73,1.43,1.55,26.8,30.0,10.8,2.33,38.2,31.2,30.0,30.8,45.6,21.5,6.1,3.8,3.0,3.02,79.4,1.77,High
STU02263,Mathematics,5,2.22,2.31,2.41,99.8,86.8,54.5,1.53,79.4,75.6,79.2,74.9,72.2,73.2,19.4,14.1,2.2,2.67,71.5,1.98,Low
STU02264,Business Administration,8,2.94,3.12,3.23,35.1,41.3,49.5,3.6,40.9,55.4,87.9,30.0,73.7,86.1,11.6,12.3,4.6,3.26,84.6,3.0,Medium
STU02265,Business Administration,2,3.37,3.54,4.0,51.1,57.0,97.6,0.0,100.0,100.0,77.6,79.0,100.0,85.1,24.4,12.6,7.2,3.26,84.6,3.14,Low
STU02266,Biology,7,3.88,3.35,3.08,64.0,68.1,70.1,3.04,100.0,63.8,75.8,77.6,84.9,59.4,9.8,8.7,9.5,3.08,80.7,4.0,Low
STU02267,Economics,6,2.74,2.65,2.6,63.5,64.8,82.8,3.04,62.4,78.4,64.1,70.7,98.9,66.5,13.1,8.7,,3.02,79.4,2.78,Low
STU02268,Computer Science,2,0.0,0.14,0.56,46.7,40.9,19.8,3.51,40.0,42.4,41.4,42.4,31.9,41.7,9.5,15.7,7.7,3.49,89.8,0.04,High
STU02269,Mechanical Engineering,6,2.29,2.07,2.17,57.4,58.8,51.9,1.37,74.6,73.4,67.0,72.7,66.9,67.2,24.5,11.7,3.8,2.65,71.2,2.09,Medium
STU02270,Electrical Engineering,7,2.73,2.58,2.52,38.8,44.6,73.8,3.63,39.3,77.3,74.9,70.6,58.0,64.5,12.8,7.9,3.1,3.07,80.5,2.75,Medium
STU02271,Biology,7,3.22,2.92,2.75,100.0,95.5,71.1,2.12,71.6,53.7,53.3,74.0,48.8,57.9,16.8,13.6,8.3,3.08,80.7,3.21,Low
STU02272,Computer Science,5,4.0,4.0,4.0,91.1,89.2,83.1,0.98,84.4,86.1,88.2,96.5,81.5,87.9,12.9,13.2,8.9,3.49,89.8,4.0,Low
STU02273,Mechanical Engineering,5,1.9,2.0,2.25,31.2,37.6,80.1,2.11,68.5,78.4,58.1,72.3,39.9,36.5,7.8,10.7,0.0,2.65,71.2,1.74,High
STU02274,Economics,3,3.77,3.76,3.75,81.3,91.5,45.8,0.0,76.3,73.0,81.0,79.1,79.2,82.5,17.6,25.2,7.4,3.02,79.4,3.7,Low
STU02275,Biology,7,3.45,3.29,3.2,93.7,91.1,80.6,0.0,68.4,33.8,50.1,97.2,90.8,82.1,31.7,14.6,0.0,3.08,80.7,3.66,Low
STU02276,Biology,4,2.98,3.03,3.16,87.3,85.8,70.0,3.12,65.5,84.7,68.4,80.1,78.5,74.6,24.7,20.6,7.0,3.08,80.7,2.75,Low
STU02277,Psychology,1,2.14,2.58,2.54,47.0,44.6,74.6,0.96,41.4,56.4,84.1,54.1,75.6,59.2,13.3,11.7,2.5,2.76,73.7,1.92,Medium
STU02278,Computer Science,3,3.11,3.28,3.43,75.7,72.4,65.3,2.37,100.0,98.4,64.2,95.5,89.5,75.6,19.1,17.4,7.0,3.49,89.8,2.96,Low
STU02279,Business Administration,4,2.11,2.27,2.54,47.9,67.0,82.9,0.86,56.0,100.0,47.1,76.9,57.0,55.1,10.3,17.1,8.6,3.26,84.6,2.09,Medium
STU02280,Electrical Engineering,6,1.57,1.67,1.69,36.0,46.8,44.1,2.85,47.7,50.6,40.6,49.7,40.3,46.9,16.4,6.7,6.2,3.07,80.5,1.55,High
STU02281,Economics,6,4.0,4.0,4.0,100.0,97.5,87.5,2.52,67.4,77.3,78.2,88.7,53.6,92.4,9.7,16.2,8.5,3.02,79.4,3.89,Low
STU02282,Mathematics,2,3.48,3.35,3.2,89.0,86.8,88.5,1.3,100.0,60.0,64.4,66.5,74.3,67.9,17.0,13.7,3.1,2.67,71.5,3.78,Low
STU02283,Mechanical Engineering,6,1.86,1.87,1.86,40.5,40.9,53.3,4.13,63.0,28.5,44.4,55.1,73.7,37.6,6.3,10.1,3.0,2.65,71.2,1.93,High
STU02284,Psychology,2,1.99,2.26,2.28,65.2,60.4,45.7,3.09,57.7,62.2,60.5,65.2,51.9,61.7,,10.7,,2.76,73.7,2.01,Medium
STU02285,Economics,7,2.21,2.31,2.19,55.6,47.0,28.8,1.47,22.6,40.7,60.1,15.4,36.2,42.1,17.4,9.1,0.0,3.02,79.4,2.37,Medium
STU02286,Business Administration,1,2.66,2.48,3.04,81.1,76.1,69.6,0.67,100.0,69.4,64.2,87.2,92.7,85.4,12.8,16.5,3.9,3.26,84.6,2.46,Low
STU02287,Mathematics,3,0.53,0.73,0.93,30.2,30.0,14.1,4.55,41.8,44.4,21.0,20.4,22.5,26.2,6.5,8.8,6.5,2.67,71.5,0.24,High
STU02288,Computer Science,8,3.75,3.25,3.16,61.9,64.8,68.4,0.46,68.6,65.3,64.5,64.8,59.2,69.5,11.9,16.9,4.1,3.49,89.8,3.98,Low
STU02289,Computer Science,8,2.28,1.86,1.46,73.2,65.5,87.5,1.79,53.4,46.9,48.8,52.5,45.9,53.3,5.5,7.8,1.5,3.49,89.8,2.41,Medium
STU02290,Psychology,1,2.86,2.99,3.1,31.3,38.1,72.6,0.59,54.2,48.4,51.2,47.9,54.5,51.7,12.1,4.0,5.7,2.76,73.7,2.82,Medium
STU02291,Business Administration,7,2.41,2.65,2.7,86.1,84.6,40.5,0.13,69.4,58.3,50.3,68.7,68.0,74.9,14.6,15.1,5.1,3.26,84.6,2.37,Medium
STU02292,Psychology,8,2.48,2.03,1.79,47.4,30.0,19.8,2.08,33.0,34.5,61.1,23.2,36.1,39.2,11.2,6.5,5.2,2.76,73.7,2.77,Medium
STU02293,Business Administration,2,2.3,2.18,2.52,66.3,75.3,79.3,0.0,69.1,58.2,86.9,46.4,62.5,76.0,21.9,9.5,0.0,3.26,84.6,2.44,Medium
STU02294,Electrical Engineering,5,2.76,2.44,2.02,50.0,52.8,34.2,3.98,41.0,32.9,63.2,48.8,39.8,46.9,17.7,12.1,5.9,3.07,80.5,2.85,Medium
STU02295,Economics,5,2.14,1.62,1.47,44.2,41.6,60.8,1.89,44.5,53.7,70.9,40.5,41.2,45.3,5.1,1.1,0.5,3.02,79.4,2.31,High
STU02296,Computer Science,6,2.56,2.71,3.06,86.7,90.2,78.6,1.1,73.4,83.6,87.1,88.7,77.7,79.9,24.2,12.4,6.2,3.49,89.8,2.33,Low
STU02297,Computer Science,5,4.0,3.78,4.0,100.0,99.5,94.6,0.43,100.0,91.3,100.0,100.0,99.6,100.0,30.2,6.2,6.1,3.49,89.8,4.0,Low
STU02298,Psychology,8,2.72,2.59,2.72,87.2,76.4,73.9,1.41,96.4,81.0,83.6,86.2,83.5,80.3,20.1,16.8,,2.76,73.7,2.59,Low
STU02299,Psychology,6,2.65,2.88,2.95,60.4,67.6,83.8,0.12,80.5,62.6,100.0,76.6,81.5,81.0,20.3,10.3,,2.76,73.7,2.32,Medium
STU02300,Mechanical Engineering,4,2.71,3.06,3.08,62.3,62.3,60.2,5.7,51.0,69.2,58.4,63.9,62.0,78.2,14.2,10.1,2.6,2.65,71.2,2.67,Low
STU02301,Business Administration,2,2.3,1.95,2.22,84.7,79.4,45.2,1.22,51.9,74.6,63.5,70.7,76.5,55.0,,12.8,9.0,3.26,84.6,2.49,Medium
STU02302,Biology,2,1.77,1.95,1.91,76.0,71.8,57.1,1.87,62.9,59.6,60.1,62.9,61.4,56.5,15.2,14.4,3.1,3.08,80.7,1.66,Medium
STU02303,Biology,3,2.71,2.78,2.84,44.9,46.8,67.3,3.36,53.5,68.4,44.1,47.4,62.5,67.6,,10.5,5.5,3.08,80.7,2.89,Medium
STU02304,Business Administration,2,4.0,4.0,3.71,87.1,91.1,93.8,0.0,94.8,90.2,93.8,91.8,93.4,95.9,17.9,18.2,7.3,3.26,84.6,4.0,Low
STU02305,Mathematics,5,3.7,3.49,3.79,45.0,52.7,87.5,4.23,54.8,63.1,100.0,42.5,45.7,68.3,19.6,15.3,5.9,2.67,71.5,3.65,Low
STU02306,Business Administration,6,1.37,1.23,1.28,66.6,71.2,28.1,0.49,38.0,38.6,35.3,32.2,37.8,43.7,13.3,2.9,0.0,3.26,84.6,1.5,High
STU02307,Business Administration,5,2.55,2.67,2.9,74.1,70.5,86.6,0.04,61.6,72.9,89.8,100.0,100.0,71.6,15.5,20.8,6.8,3.26,84.6,2.46,Low
STU02308,Mechanical Engineering,2,3.11,2.75,2.32,59.5,53.9,53.2,4.6,39.9,68.1,51.9,54.7,32.8,35.0,17.8,6.2,1.0,2.65,71.2,3.33,Low
STU02309,Electrical Engineering,1,3.52,3.7,3.52,92.9,100.0,100.0,3.52,100.0,95.2,75.5,90.8,99.6,90.8,29.9,18.8,,3.07,80.5,3.63,Low
STU02310,Mechanical Engineering,3,3.51,3.4,3.39,80.8,80.5,71.7,1.45,83.7,79.0,79.8,77.0,83.8,80.9,22.6,15.9,2.3,2.65,71.2,3.51,Low
STU02311,Computer Science,2,3.28,3.1,3.14,59.9,63.2,89.4,1.51,78.7,68.1,88.9,44.1,29.6,80.5,15.1,19.2,8.1,3.49,89.8,3.27,Low
STU02312,Electrical Engineering,5,2.64,2.73,2.96,76.6,71.1,47.3,0.0,72.8,81.2,70.6,76.5,65.4,83.1,18.9,15.6,3.7,3.07,80.5,2.37,Low
STU02313,Mathematics,2,3.0,3.06,3.03,54.3,46.5,74.1,3.99,44.1,46.7,60.5,56.3,57.6,38.4,24.7,11.9,0.3,2.67,71.5,2.86,Low
STU02314,Economics,6,2.55,2.63,2.78,69.2,63.4,52.8,0.0,93.6,81.4,74.1,64.0,66.8,89.6,16.6,8.4,3.1,3.02,79.4,2.4,Medium
STU02315,Electrical Engineering,6,1.4,1.44,1.45,35.6,41.3,57.8,2.62,49.0,55.7,46.0,11.2,48.0,58.9,13.2,10.9,4.2,3.07,80.5,1.41,High
STU02316,Mechanical Engineering,4,4.0,3.88,4.0,100.0,100.0,100.0,0.0,100.0,100.0,83.9,65.9,77.8,100.0,21.1,16.1,1.1,2.65,71.2,3.88,Low
STU02317,Mathematics,6,3.32,3.1,3.08,85.6,82.5,86.0,2.04,97.5,78.5,62.1,91.0,94.2,74.9,24.7,14.7,0.0,2.67,71.5,3.33,Low
STU02318,Mechanical Engineering,5,1.37,1.67,1.96,65.9,65.9,50.8,1.38,68.5,54.7,41.8,57.8,47.9,48.0,22.1,11.9,0.4,2.65,71.2,1.17,High
STU02319,Mathematics,2,1.78,1.64,1.2,50.8,47.6,35.4,0.0,52.1,46.4,9.5,38.1,27.9,55.8,5.3,10.4,8.0,2.67,71.5,1.95,High
STU02320,Biology,3,1.48,1.8,2.27,44.8,58.1,46.3,0.0,41.1,65.5,61.8,57.7,51.0,56.3,14.4,8.6,3.6,3.08,80.7,1.09,High
STU02321,Business Administration,7,2.43,2.62,2.65,59.3,63.2,52.6,0.96,57.3,59.7,50.2,56.4,50.1,63.9,16.3,11.5,,3.26,84.6,2.25,Medium
STU02322,Economics,7,4.0,4.0,4.0,95.6,100.0,99.8,0.0,95.5,100.0,100.0,100.0,97.5,96.7,24.6,14.8,3.1,3.02,79.4,3.95,Low
STU02323,Economics,8,2.28,2.49,2.97,60.5,73.3,91.7,0.48,73.6,55.9,47.0,54.6,65.3,78.1,16.6,16.5,2.2,3.02,79.4,2.06,Medium
STU02324,Mechanical Engineering,1,2.18,2.21,2.4,62.8,61.9,57.2,3.62,64.9,69.9,52.3,75.8,76.0,79.9,19.7,13.5,3.5,2.65,71.2,2.19,Medium
STU02325,Computer Science,8,3.22,3.14,2.98,69.4,74.9,85.9,3.41,64.7,60.7,63.9,73.8,74.5,90.9,16.7,5.1,1.4,3.49,89.8,3.18,Low
STU02326,Psychology,8,0.78,0.6,0.5,36.5,30.0,30.5,4.06,0.0,29.1,5.2,20.3,0.0,8.9,8.3,5.1,0.0,2.76,73.7,1.04,High
STU02327,Business Administration,5,2.97,2.9,3.11,55.5,55.3,60.8,0.84,26.1,70.4,59.8,26.5,50.6,33.3,13.6,9.0,0.4,3.26,84.6,2.8,Medium
STU02328,Electrical Engineering,5,4.0,4.0,4.0,92.8,88.1,66.5,0.0,88.9,98.0,83.9,89.8,80.4,96.1,13.9,19.8,4.3,3.07,80.5,3.85,Low
STU02329,Business Administration,3,2.58,2.72,2.7,44.7,49.4,60.3,1.26,38.1,76.6,66.0,22.9,52.1,63.7,13.9,0.0,5.2,3.26,84.6,2.53,Medium
STU02330,Computer Science,2,3.26,2.99,2.93,63.4,70.0,74.8,0.44,59.8,57.5,76.3,90.4,64.7,43.0,16.4,12.7,7.5,3.49,89.8,3.46,Low
STU02331,Electrical Engineering,6,2.98,2.87,2.66,67.6,56.1,48.3,3.68,58.3,57.1,66.0,55.2,56.0,58.4,9.9,14.8,0.6,3.07,80.5,3.02,Low
STU02332,Electrical Engineering,4,2.45,2.22,2.29,69.8,64.3,35.0,0.67,42.7,70.1,40.9,46.2,39.7,36.8,18.9,9.8,5.9,3.07,80.5,2.46,Low
STU02333,Business Administration,4,2.23,2.41,2.42,46.6,49.8,46.5,1.6,47.1,55.6,49.5,65.2,67.1,58.5,15.2,10.3,12.1,3.26,84.6,2.15,High
STU02334,Psychology,3,1.75,1.54,1.74,34.1,43.8,52.8,1.33,58.7,59.2,57.6,62.9,58.1,64.3,7.9,8.2,11.1,2.76,73.7,1.6,High
STU02335,Economics,6,3.66,3.52,3.18,63.5,60.5,43.0,4.54,64.7,46.5,53.1,58.2,49.9,44.7,15.4,3.2,7.3,3.02,79.4,3.74,Low
STU02336,Economics,8,1.63,1.97,2.16,59.4,64.9,48.7,0.07,68.1,50.9,56.2,47.0,50.6,38.0,17.6,6.8,3.0,3.02,79.4,1.39,Medium
STU02337,Mechanical Engineering,1,2.51,2.55,2.83,64.3,63.2,84.7,3.72,68.0,96.3,57.4,75.6,82.9,80.9,12.1,23.0,10.0,2.65,71.2,2.3,Medium
STU02338,Mechanical Engineering,6,3.52,3.28,3.35,78.8,83.9,97.2,2.82,100.0,97.7,88.9,77.5,89.1,81.1,21.0,16.8,5.4,2.65,71.2,3.52,Low
STU02339,Business Administration,5,2.5,2.72,2.94,64.1,74.1,75.4,0.0,63.0,65.9,85.4,72.5,78.2,57.9,19.9,12.0,5.9,3.26,84.6,2.34,Medium
STU02340,Computer Science,4,3.13,2.99,2.44,87.2,76.0,64.3,0.48,64.5,67.0,62.0,69.6,68.0,69.8,24.0,11.1,5.3,3.49,89.8,3.19,Low
STU02341,Computer Science,1,4.0,3.95,3.65,90.4,89.7,100.0,3.71,95.0,100.0,99.9,100.0,86.8,100.0,14.4,13.3,3.3,3.49,89.8,3.89,Low
STU02342,Computer Science,1,4.0,4.0,4.0,99.6,83.1,96.1,1.7,86.4,88.5,81.7,99.1,90.8,81.1,23.2,11.0,0.0,3.49,89.8,4.0,Low
STU02343,Biology,6,3.79,3.61,3.41,75.9,76.3,80.3,0.0,88.8,89.1,87.4,97.0,79.7,93.8,12.3,15.5,0.0,3.08,80.7,3.9,Low
STU02344,Economics,2,0.92,0.92,0.94,33.4,30.8,15.1,0.92,30.8,50.5,46.8,44.1,63.7,40.4,18.5,8.0,6.4,3.02,79.4,0.69,High
STU02345,Electrical Engineering,5,1.53,1.73,1.84,66.1,55.7,48.4,2.06,52.4,53.6,60.2,51.5,58.0,65.7,7.9,4.4,6.8,3.07,80.5,1.54,High
STU02346,Psychology,4,3.11,3.18,3.33,79.6,73.0,100.0,3.43,86.1,83.4,80.3,100.0,81.0,85.1,19.1,16.8,7.7,2.76,73.7,3.01,Low
STU02347,Psychology,8,2.71,2.79,2.73,49.4,53.2,41.4,0.0,51.6,33.4,45.6,50.8,48.7,60.5,19.9,17.8,5.0,2.76,73.7,2.88,Medium
STU02348,Computer Science,2,2.86,2.66,2.75,44.9,54.1,34.3,3.3,35.5,75.7,67.5,48.8,65.9,35.0,4.2,8.0,5.2,3.49,89.8,2.92,Medium
STU02349,Mechanical Engineering,7,3.85,3.69,3.56,88.1,83.7,95.6,2.07,98.5,86.3,99.6,93.7,99.6,72.7,18.7,21.6,13.0,2.65,71.2,3.89,Low
STU02350,Mechanical Engineering,3,2.28,2.34,2.23,62.9,56.0,100.0,1.2,71.9,70.7,79.7,90.0,75.3,67.0,16.2,15.6,,2.65,71.2,2.23,Medium
STU02351,Psychology,3,1.77,1.53,1.44,43.1,35.6,35.0,,26.7,56.3,17.1,43.5,35.2,28.0,12.1,7.6,9.0,2.76,73.7,1.81,Medium
STU02352,Biology,4,4.0,3.9,3.81,87.5,85.1,80.0,0.17,73.6,82.8,82.7,81.0,81.5,82.6,26.9,5.7,7.1,3.08,80.7,4.0,Low
STU02353,Business Administration,7,2.85,2.66,2.73,59.7,72.9,76.6,1.3,66.2,94.6,69.8,84.7,69.8,75.6,,16.4,7.2,3.26,84.6,3.03,Low
STU02354,Mechanical Engineering,1,1.06,1.28,1.41,29.6,30.6,41.7,0.41,41.9,50.2,40.8,66.7,48.7,55.4,5.9,10.9,,2.65,71.2,0.87,High
STU02355,Psychology,3,3.66,3.48,2.96,79.4,73.7,72.7,0.0,61.1,83.5,79.1,83.4,81.0,73.7,18.4,15.4,0.7,2.76,73.7,3.92,Low
STU02356,Economics,7,1.74,2.0,2.11,60.7,53.8,29.2,1.49,48.6,47.6,45.7,47.2,54.7,38.0,9.2,15.4,,3.02,79.4,1.47,Medium
STU02357,Mathematics,8,1.53,1.69,1.62,45.2,47.1,55.9,2.61,40.3,49.9,49.3,49.7,35.7,48.8,4.0,6.7,5.0,2.67,71.5,1.35,High
STU02358,Electrical Engineering,4,1.86,1.74,1.53,61.6,60.8,68.6,0.0,60.6,100.0,56.8,66.1,69.2,58.6,17.2,20.0,,3.07,80.5,1.8,Medium
STU02359,Computer Science,6,2.9,3.08,3.2,74.8,70.6,89.0,0.57,73.2,68.9,79.3,55.0,65.8,71.4,20.4,15.3,7.2,3.49,89.8,2.9,Low
STU02360,Electrical Engineering,7,2.08,2.35,2.17,50.0,42.8,29.0,,43.4,43.4,75.2,65.0,39.1,52.5,6.9,8.7,7.3,3.07,80.5,1.98,High
STU02361,Psychology,4,3.35,3.22,3.18,69.1,60.2,64.8,0.0,77.7,64.5,59.6,74.1,62.3,64.8,,15.0,0.0,2.76,73.7,3.51,Low
STU02362,Business Administration,7,3.87,3.81,3.66,100.0,100.0,100.0,0.45,97.8,100.0,94.2,100.0,100.0,87.1,25.0,10.7,,3.26,84.6,3.92,Low
STU02363,Business Administration,3,2.0,2.04,2.28,81.0,73.1,72.2,1.12,80.4,67.7,67.4,56.4,59.5,63.0,13.8,15.3,2.4,3.26,84.6,2.07,Medium
STU02364,Mathematics,5,2.28,2.53,2.61,68.4,72.3,74.4,0.0,63.0,51.7,82.2,74.7,56.6,70.8,10.9,16.4,5.8,2.67,71.5,2.11,Medium
STU02365,Business Administration,3,3.08,3.16,3.08,100.0,95.7,100.0,0.0,89.6,95.6,90.1,99.2,80.7,75.5,27.7,12.3,5.4,3.26,84.6,3.12,Low
STU02366,Economics,8,1.2,1.47,1.88,53.1,49.3,90.9,3.09,58.9,62.3,58.7,38.9,60.3,70.0,11.5,14.3,7.5,3.02,79.4,1.01,High
STU02367,Psychology,1,3.84,3.55,3.21,66.4,77.6,55.1,1.24,77.4,63.3,92.8,92.1,49.0,73.6,14.5,13.4,6.8,2.76,73.7,3.91,Low
STU02368,Mathematics,7,1.76,2.2,2.31,48.4,74.0,68.1,2.44,56.7,52.8,50.3,58.9,49.7,66.0,7.6,11.5,1.9,2.67,71.5,1.51,High
STU02369,Business Administration,5,3.51,3.52,3.41,76.9,80.2,91.5,1.79,88.0,96.5,96.5,94.1,93.6,84.4,32.7,14.6,7.4,3.26,84.6,3.42,Low
STU02370,Economics,7,1.75,1.75,2.11,40.4,36.1,40.6,0.87,61.2,50.9,41.4,55.7,54.8,70.3,11.4,10.2,4.6,3.02,79.4,1.55,High
STU02371,Business Administration,4,3.65,3.46,3.05,82.3,77.5,100.0,1.33,100.0,100.0,80.3,100.0,88.4,96.1,21.5,12.6,5.9,3.26,84.6,3.92,Low
STU02372,Electrical Engineering,3,2.69,3.01,2.93,82.1,72.8,70.1,1.28,98.8,91.5,62.3,68.5,83.0,64.6,16.9,16.4,5.0,3.07,80.5,2.54,Low
STU02373,Biology,1,1.07,1.22,1.32,63.6,65.0,39.1,3.49,54.6,53.7,20.6,50.5,39.0,63.7,13.9,8.3,9.6,3.08,80.7,1.23,High
STU02374,Electrical Engineering,4,3.42,3.63,4.0,83.9,94.6,88.5,,100.0,90.2,100.0,100.0,99.5,100.0,16.4,14.4,,3.07,80.5,3.17,Low
STU02375,Computer Science,5,2.97,2.9,2.69,58.0,54.4,64.3,1.65,70.8,73.8,65.7,92.3,89.2,83.6,22.2,10.0,1.6,3.49,89.8,3.08,Low
STU02376,Biology,4,2.27,2.28,1.83,57.7,48.6,30.9,2.93,53.0,59.7,63.6,54.1,64.5,54.6,1.1,11.6,2.4,3.08,80.7,2.44,Medium
STU02377,Psychology,6,2.82,3.01,3.01,71.4,70.0,100.0,4.57,100.0,84.5,85.5,83.3,88.4,79.8,18.1,17.7,4.9,2.76,73.7,2.54,Low
STU02378,Mechanical Engineering,6,4.0,3.94,3.67,80.5,67.9,100.0,0.0,100.0,87.5,63.7,100.0,70.5,71.3,,11.4,2.1,2.65,71.2,4.0,Low
STU02379,Business Administration,5,3.02,2.9,2.94,70.0,70.4,53.2,0.24,62.2,59.5,81.2,88.0,79.1,60.8,17.9,8.3,5.6,3.26,84.6,3.08,Low
STU02380,Mechanical Engineering,1,3.43,3.01,2.89,85.3,77.9,49.8,1.42,62.6,51.6,58.5,67.2,74.7,69.4,19.6,11.7,5.7,2.65,71.2,3.72,Low
STU02381,Business Administration,7,1.71,1.81,1.85,62.1,66.3,93.1,1.09,55.1,58.8,45.5,65.3,58.0,59.5,15.0,4.7,7.1,3.26,84.6,1.94,Medium
STU02382,Computer Science,7,1.76,1.74,1.61,82.1,71.3,64.5,4.07,57.5,57.7,51.9,63.1,62.2,60.7,23.0,17.8,,3.49,89.8,1.63,Medium
STU02383,Computer Science,2,2.01,2.12,2.37,36.7,36.0,57.9,0.88,31.0,40.2,56.6,68.1,42.6,58.2,11.4,17.0,6.9,3.49,89.8,1.72,Medium
STU02384,Psychology,5,2.45,2.21,2.1,38.7,37.9,63.4,3.29,49.9,35.5,33.1,42.5,43.9,31.7,14.6,5.8,1.1,2.76,73.7,2.5,Medium
STU02385,Mechanical Engineering,3,3.11,2.91,2.85,70.5,70.0,58.7,0.86,57.4,59.0,65.8,71.6,66.6,72.6,20.2,14.5,6.1,2.65,71.2,3.22,Low
STU02386,Mathematics,4,2.47,2.75,2.76,52.2,59.8,59.2,1.99,67.9,82.5,62.8,66.3,70.6,55.0,18.3,16.6,0.0,2.67,71.5,2.47,Low
STU02387,Psychology,5,2.11,2.33,2.82,93.8,94.1,67.5,5.1,57.7,78.1,57.9,74.6,88.3,95.6,10.9,10.0,6.1,2.76,73.7,1.99,Medium
STU02388,Psychology,1,3.53,3.75,3.95,72.3,85.6,94.8,0.0,100.0,83.4,82.0,93.7,78.7,87.1,,8.7,5.7,2.76,73.7,3.4,Low
STU02389,Business Administration,4,3.53,3.46,3.33,72.6,73.6,65.0,3.51,79.3,41.7,84.2,75.6,56.1,78.1,9.8,9.8,2.4,3.26,84.6,3.74,Low
STU02390,Business Administration,4,2.27,2.32,2.31,49.2,47.0,59.7,2.56,53.4,54.7,60.9,50.1,60.9,62.7,8.8,8.4,2.3,3.26,84.6,2.45,Medium
STU02391,Computer Science,1,4.0,4.0,4.0,100.0,100.0,100.0,0.0,100.0,87.7,83.3,88.5,100.0,93.9,17.1,12.5,2.3,3.49,89.8,3.83,Low
STU02392,Computer Science,5,2.51,2.28,2.12,80.0,80.3,68.4,0.0,80.1,79.0,76.7,65.0,97.5,72.3,7.1,16.1,7.1,3.49,89.8,2.72,Low
STU02393,Psychology,1,1.94,1.94,2.24,35.3,43.8,43.2,4.42,51.0,54.9,59.6,79.1,30.9,45.0,23.8,6.4,,2.76,73.7,1.68,Medium
STU02394,Economics,8,1.87,1.86,1.89,22.7,30.0,33.0,3.11,74.0,66.1,81.8,37.2,27.7,52.9,17.8,6.9,5.1,3.02,79.4,2.0,High
STU02395,Biology,3,2.22,2.18,2.18,60.2,62.4,54.1,4.29,83.0,63.6,43.6,68.7,66.7,58.5,11.3,14.5,2.1,3.08,80.7,2.3,Medium
STU02396,Biology,4,2.64,2.57,2.61,75.1,62.6,25.8,0.0,64.0,49.9,60.9,55.4,43.1,53.7,8.7,14.2,0.5,3.08,80.7,2.91,Medium
STU02397,Biology,1,2.87,2.78,2.71,91.8,87.2,78.4,,73.7,83.8,80.7,74.7,80.7,78.4,30.7,13.0,0.0,3.08,80.7,2.86,Low
STU02398,Computer Science,2,1.34,1.68,2.21,76.2,72.6,94.1,2.72,54.4,69.0,74.3,77.4,74.3,70.6,13.1,15.8,3.4,3.49,89.8,1.0,High
STU02399,Psychology,4,2.25,2.38,2.43,65.2,64.0,45.7,3.2,76.8,71.6,75.0,57.3,79.8,34.6,17.2,11.5,7.5,2.76,73.7,2.08,Medium
STU02400,Biology,2,2.21,1.83,1.81,60.7,56.8,55.1,2.33,48.3,53.9,44.5,56.5,33.6,40.5,16.8,10.1,1.5,3.08,80.7,2.18,Medium
STU02401,Mechanical Engineering,5,3.25,2.72,2.57,78.1,77.2,77.1,1.8,84.7,72.0,97.2,60.9,87.3,82.4,23.8,13.4,6.0,2.65,71.2,3.31,Low
STU02402,Mathematics,2,2.3,2.3,2.57,100.0,94.8,66.0,3.01,74.2,71.7,76.5,73.3,76.9,77.4,17.5,10.1,5.6,2.67,71.5,2.03,Medium
STU02403,Business Administration,8,1.7,1.86,1.8,43.0,54.5,51.9,,57.1,64.3,59.8,62.4,59.3,60.0,10.4,6.4,15.4,3.26,84.6,1.49,High
STU02404,Mathematics,4,3.53,3.42,3.22,100.0,99.1,61.7,0.0,45.0,100.0,92.8,94.8,86.4,71.4,26.2,9.1,2.1,2.67,71.5,3.66,Low
STU02405,Economics,7,3.7,3.78,3.85,100.0,100.0,98.6,0.0,100.0,94.6,91.0,85.6,85.1,90.5,21.4,20.7,3.9,3.02,79.4,3.61,Low
STU02406,Economics,1,2.69,2.95,3.24,38.2,52.6,72.7,2.62,60.5,69.1,66.4,64.7,62.9,63.0,10.2,3.2,1.2,3.02,79.4,2.44,Medium
STU02407,Business Administration,2,1.6,1.66,1.6,82.4,79.1,63.8,3.01,38.3,84.5,79.6,59.4,53.5,54.0,13.8,15.9,0.0,3.26,84.6,1.59,High
STU02408,Mathematics,1,2.46,2.8,2.96,79.3,81.6,62.6,0.7,84.3,87.3,60.2,69.5,75.9,86.2,15.1,11.4,7.7,2.67,71.5,2.42,Medium
STU02409,Computer Science,2,3.25,3.19,2.97,88.9,81.7,76.7,0.15,89.0,86.9,87.1,84.8,91.4,80.7,24.1,18.8,4.0,3.49,89.8,3.38,Low
STU02410,Business Administration,2,3.53,3.37,3.22,97.5,90.4,68.2,2.67,88.0,88.0,100.0,100.0,87.4,100.0,16.4,14.2,3.4,3.26,84.6,3.39,Low
STU02411,Electrical Engineering,7,3.46,3.59,3.79,73.3,74.5,73.3,0.0,68.6,83.0,78.1,75.4,92.3,82.6,10.9,10.8,0.0,3.07,80.5,3.21,Low
STU02412,Psychology,2,0.83,0.74,0.79,33.1,32.7,35.7,3.62,20.9,44.6,22.2,29.7,9.8,29.0,6.5,11.2,0.6,2.76,73.7,0.78,High
STU02413,Business Administration,1,1.56,1.51,1.41,32.5,30.0,24.1,0.35,33.6,27.8,31.1,39.2,30.1,31.1,14.1,6.1,9.0,3.26,84.6,1.57,High
STU02414,Electrical Engineering,1,3.07,3.29,3.66,72.9,79.5,75.4,1.51,72.6,75.9,76.7,77.8,81.9,88.1,19.4,11.0,0.7,3.07,80.5,2.91,Low
STU02415,Biology,5,2.33,2.48,2.54,68.0,61.2,49.1,2.16,52.9,84.9,74.5,38.5,86.5,64.8,15.3,12.8,2.1,3.08,80.7,2.23,Medium
STU02416,Electrical Engineering,6,3.1,2.68,2.38,58.2,73.7,84.0,0.0,73.3,68.0,59.2,79.8,65.5,34.9,7.4,9.9,6.8,3.07,80.5,3.24,Low
STU02417,Psychology,4,3.88,3.59,3.09,77.9,70.5,65.4,2.09,86.4,84.3,82.7,88.4,82.8,77.6,21.7,15.8,6.4,2.76,73.7,4.0,Low
STU02418,Computer Science,4,2.49,2.49,2.69,78.7,76.6,70.3,0.28,73.3,100.0,91.7,68.4,76.7,75.5,20.7,8.4,2.9,3.49,89.8,2.24,Medium
STU02419,Psychology,8,3.54,3.58,3.6,82.7,84.8,87.1,1.32,100.0,73.7,86.7,96.3,100.0,100.0,23.6,18.7,5.0,2.76,73.7,3.4,Low
STU02420,Economics,6,1.73,1.67,1.52,35.3,30.0,10.0,0.72,25.4,34.5,60.6,16.0,33.1,45.7,11.2,7.6,10.5,3.02,79.4,1.67,High
STU02421,Electrical Engineering,8,2.35,2.67,2.94,75.9,72.5,54.8,0.0,58.4,96.7,82.2,55.7,59.5,71.4,24.8,17.1,8.2,3.07,80.5,2.18,Low
STU02422,Electrical Engineering,6,1.45,1.57,1.86,53.7,55.7,64.4,1.32,73.9,67.0,29.3,41.5,61.9,60.5,,15.2,0.0,3.07,80.5,1.39,Medium
STU02423,Biology,5,3.8,3.3,3.44,91.3,84.2,82.5,3.37,55.8,90.9,83.8,68.6,72.8,86.5,18.6,13.3,2.9,3.08,80.7,3.79,Low
STU02424,Psychology,3,1.89,2.02,1.9,81.3,80.0,57.5,4.25,44.3,33.9,38.7,50.4,82.4,73.5,3.0,6.4,4.7,2.76,73.7,1.91,High
STU02425,Computer Science,3,3.58,3.46,3.15,81.4,76.0,82.9,0.0,67.5,74.1,67.3,48.3,68.9,89.2,19.1,19.5,5.4,3.49,89.8,3.49,Low
STU02426,Computer Science,7,2.72,2.6,2.89,47.2,52.5,49.4,1.13,50.9,73.7,62.2,51.3,62.5,64.5,14.2,11.2,0.0,3.49,89.8,2.59,Medium
STU02427,Psychology,8,1.55,1.79,1.77,57.5,58.8,37.8,4.01,53.7,50.7,47.5,50.4,59.7,49.4,9.6,7.7,6.7,2.76,73.7,1.57,High
STU02428,Computer Science,5,4.0,4.0,4.0,92.5,94.4,100.0,2.05,84.9,95.6,100.0,100.0,100.0,97.7,27.1,19.7,4.2,3.49,89.8,3.92,Low
STU02429,Business Administration,8,3.77,3.74,3.68,94.9,82.7,87.3,0.03,79.7,89.3,75.1,80.5,97.0,79.2,22.3,16.4,0.0,3.26,84.6,3.65,Low
STU02430,Electrical Engineering,2,2.62,2.57,2.58,88.1,82.6,86.8,2.0,70.1,64.3,68.3,89.0,73.8,75.3,,18.1,6.8,3.07,80.5,2.73,Low
STU02431,Electrical Engineering,7,3.7,3.72,3.68,69.5,72.9,57.1,1.52,67.9,72.0,68.6,65.7,70.9,62.7,11.4,14.4,6.7,3.07,80.5,3.67,Low
STU02432,Electrical Engineering,8,3.57,3.74,3.69,96.7,100.0,75.9,2.32,88.3,79.8,100.0,85.1,88.1,80.9,21.0,11.8,4.8,3.07,80.5,3.41,Low
STU02433,Computer Science,2,0.98,1.23,1.12,53.0,61.0,74.8,5.47,76.3,60.0,46.4,66.1,71.6,31.5,7.5,9.1,2.7,3.49,89.8,0.98,High
STU02434,Biology,4,3.26,3.41,3.58,92.3,98.9,98.7,0.08,93.9,90.3,76.6,85.3,95.1,83.8,12.8,14.0,7.0,3.08,80.7,3.31,Low
STU02435,Mechanical Engineering,7,3.63,3.51,3.16,56.9,59.6,56.7,0.0,76.1,86.6,62.3,87.6,83.7,65.1,,9.1,1.7,2.65,71.2,3.94,Low
STU02436,Economics,8,2.69,2.74,2.62,52.3,62.1,48.0,3.25,65.1,50.8,48.7,60.1,49.3,51.3,22.3,16.9,8.6,3.02,79.4,2.85,Medium
STU02437,Economics,1,2.98,3.15,3.19,71.0,72.2,100.0,0.0,71.8,68.5,83.3,83.7,75.5,78.0,17.1,12.5,3.5,3.02,79.4,2.88,Low
STU02438,Computer Science,7,3.38,2.98,2.95,67.7,61.0,68.5,2.82,74.9,83.7,82.5,58.8,78.6,55.8,27.5,15.7,3.1,3.49,89.8,3.39,Low
STU02439,Mathematics,6,1.48,1.39,1.44,59.5,55.4,51.2,4.71,44.8,56.0,64.7,57.4,65.9,37.3,12.1,15.9,2.4,2.67,71.5,1.4,Medium
STU02440,Biology,4,2.26,2.58,2.89,39.0,62.3,84.3,0.48,79.7,68.3,72.9,74.0,71.5,67.4,17.5,4.6,1.4,3.08,80.7,1.91,Medium
STU02441,Biology,8,0.3,0.49,0.54,53.2,49.7,10.0,4.52,25.2,31.9,29.0,24.9,30.6,31.4,5.3,3.5,11.5,3.08,80.7,0.15,High
STU02442,Economics,3,2.88,2.64,2.44,56.5,64.0,60.8,1.83,50.3,65.9,91.5,40.7,41.3,51.6,13.8,10.4,3.5,3.02,79.4,3.13,Low
STU02443,Business Administration,1,2.9,3.15,3.13,67.4,80.3,100.0,0.0,92.1,89.5,100.0,90.3,93.0,92.5,29.3,9.8,11.7,3.26,84.6,2.88,Low
STU02444,Biology,1,2.67,2.89,3.21,60.4,65.7,81.4,0.0,72.1,79.5,83.7,72.3,78.4,88.1,17.4,13.0,5.0,3.08,80.7,2.46,Low
STU02445,Computer Science,5,2.3,2.27,2.24,52.4,53.4,84.2,2.65,39.6,53.7,54.6,69.0,76.1,56.3,5.9,13.4,,3.49,89.8,2.29,Medium
STU02446,Business Administration,2,3.71,3.51,3.41,72.7,65.7,58.5,1.93,68.4,60.9,70.6,79.8,75.8,60.8,23.2,13.2,10.8,3.26,84.6,3.94,Low
STU02447,Computer Science,2,2.08,2.16,2.17,30.5,44.1,71.6,3.69,61.6,60.7,60.4,61.4,57.8,57.0,3.3,13.5,2.9,3.49,89.8,2.14,High
STU02448,Mathematics,7,3.66,3.63,3.47,88.0,87.2,88.5,0.7,82.2,75.4,63.9,64.9,83.6,81.2,23.4,17.4,2.4,2.67,71.5,3.6,Low
STU02449,Mechanical Engineering,1,2.19,2.06,1.98,57.1,52.4,57.4,2.31,55.1,63.3,63.6,62.2,74.3,65.1,9.9,13.9,4.0,2.65,71.2,2.23,Medium
STU02450,Computer Science,7,2.2,2.26,2.25,67.1,71.8,34.5,0.17,88.8,39.9,53.7,56.2,33.0,66.9,16.6,9.6,6.4,3.49,89.8,2.34,Medium
STU02451,Business Administration,6,3.08,2.96,2.56,73.3,67.6,99.4,2.23,85.4,64.2,70.6,79.9,79.4,81.0,8.7,17.7,0.0,3.26,84.6,3.27,Low
STU02452,Computer Science,2,2.26,2.21,2.43,83.5,80.2,76.0,2.03,67.5,65.4,58.8,57.4,67.2,62.9,,14.0,,3.49,89.8,2.21,Medium
STU02453,Biology,2,3.06,2.79,2.75,44.6,44.6,55.3,6.76,56.6,49.2,74.1,52.3,58.1,66.8,17.4,8.7,4.7,3.08,80.7,3.05,Low
STU02454,Computer Science,5,1.07,1.53,1.77,33.9,31.6,35.6,2.85,27.2,35.4,45.2,45.9,71.6,21.4,17.9,2.0,7.4,3.49,89.8,1.08,High
STU02455,Economics,4,3.14,3.43,3.41,61.5,62.6,77.9,1.03,81.5,52.6,74.2,81.3,86.8,80.1,20.4,12.2,5.8,3.02,79.4,3.21,Medium
STU02456,Mathematics,2,3.04,3.18,2.89,82.8,80.9,91.2,0.0,77.8,60.6,77.0,54.8,83.1,68.1,20.8,12.9,4.7,2.67,71.5,3.02,Low
STU02457,Electrical Engineering,7,2.8,2.57,1.88,33.7,36.5,59.3,4.64,49.4,50.7,61.2,59.9,53.2,59.5,12.0,6.9,8.8,3.07,80.5,3.0,Medium
STU02458,Economics,6,2.65,2.65,2.54,48.4,48.3,55.9,3.34,55.5,58.0,55.2,55.5,59.9,59.6,13.6,7.8,7.6,3.02,79.4,2.85,Medium
STU02459,Biology,4,2.89,2.87,2.57,74.2,77.1,36.3,2.72,52.7,69.2,32.2,61.9,50.7,78.9,16.2,7.5,9.4,3.08,80.7,3.01,Low
STU02460,Psychology,8,3.48,3.33,3.0,73.3,73.3,76.2,0.0,74.1,86.1,78.0,86.2,52.8,72.3,14.3,16.1,3.2,2.76,73.7,3.56,Low
STU02461,Psychology,2,3.38,3.04,3.01,59.4,59.0,44.8,5.1,68.2,52.2,62.6,57.5,49.7,60.5,12.8,13.2,2.0,2.76,73.7,3.6,Low
STU02462,Psychology,8,2.78,2.6,2.71,91.8,88.5,89.1,0.98,62.1,72.3,58.3,69.1,63.2,65.0,23.8,9.5,,2.76,73.7,2.65,Low
STU02463,Economics,1,2.09,2.17,2.44,91.3,88.8,56.5,2.72,56.2,81.9,76.9,58.7,92.1,57.5,,11.3,5.9,3.02,79.4,2.04,Medium
STU02464,Computer Science,6,4.0,4.0,4.0,82.3,80.6,89.9,0.0,93.2,97.9,91.8,95.8,100.0,87.7,29.7,18.1,1.3,3.49,89.8,4.0,Low
STU02465,Business Administration,3,3.39,2.98,2.5,75.5,74.9,88.7,0.65,58.4,55.6,57.9,66.6,65.2,62.0,12.2,9.6,4.6,3.26,84.6,3.65,Low
STU02466,Economics,5,2.67,2.48,2.37,43.5,35.7,40.0,3.03,32.5,43.0,47.2,42.2,55.9,45.8,7.7,1.9,6.7,3.02,79.4,2.81,Medium
STU02467,Psychology,3,3.25,3.24,2.89,64.9,61.9,63.1,2.1,50.9,73.5,67.9,57.6,70.4,66.0,,10.3,,2.76,73.7,3.36,Low
STU02468,Computer Science,4,1.88,2.05,1.86,63.0,68.6,55.8,0.91,59.3,66.7,30.2,43.6,40.5,57.0,11.1,9.2,3.1,3.49,89.8,1.86,Medium
STU02469,Mathematics,5,1.56,1.54,1.4,46.5,50.0,10.0,3.53,23.6,54.1,52.7,26.5,25.4,35.5,10.4,6.0,10.0,2.67,71.5,1.79,High
STU02470,Biology,3,3.6,3.7,3.3,68.8,66.6,79.5,1.97,76.8,53.4,70.6,71.7,64.6,85.6,12.9,9.3,0.0,3.08,80.7,3.64,Low
STU02471,Biology,4,2.96,2.53,2.48,57.0,56.0,52.1,1.46,81.2,70.1,44.1,78.8,49.7,51.3,15.3,11.3,0.0,3.08,80.7,3.09,Low
STU02472,Business Administration,4,2.46,2.33,2.76,55.1,60.7,53.7,0.64,66.1,54.3,67.8,64.2,50.7,62.6,,12.5,9.8,3.26,84.6,2.48,Medium
STU02473,Biology,8,3.17,2.91,3.04,68.9,71.0,93.5,2.66,74.3,69.6,80.0,67.4,74.6,74.7,17.7,17.9,9.9,3.08,80.7,2.93,Low
STU02474,Mathematics,1,3.13,3.18,2.98,60.0,60.3,46.4,0.26,38.6,75.4,33.7,29.8,60.3,62.9,13.4,14.9,3.0,2.67,71.5,3.28,Low
STU02475,Biology,1,1.73,1.69,1.84,42.7,39.1,33.9,4.56,61.3,40.2,73.8,33.9,48.9,52.9,0.0,15.6,7.2,3.08,80.7,1.74,High
STU02476,Psychology,6,3.29,3.0,2.81,73.7,71.7,59.2,1.07,69.1,53.5,68.5,77.4,80.7,74.9,10.8,12.1,1.5,2.76,73.7,3.38,Low
STU02477,Electrical Engineering,5,1.81,1.89,2.4,44.9,47.5,37.5,2.09,61.3,59.1,62.7,59.5,67.8,73.6,7.7,11.2,8.3,3.07,80.5,1.67,Medium
STU02478,Mathematics,3,1.32,1.36,1.34,38.4,40.9,71.6,1.6,62.4,66.7,70.1,49.6,63.3,51.9,10.8,11.6,6.5,2.67,71.5,1.39,High
STU02479,Business Administration,1,2.72,2.53,2.56,48.4,60.8,74.9,2.86,40.6,44.6,42.2,38.6,48.4,56.7,9.1,8.4,6.0,3.26,84.6,2.88,Low
STU02480,Mathematics,6,2.79,2.73,2.84,73.6,76.1,66.6,,60.9,71.0,48.2,28.0,69.7,40.6,18.4,20.1,6.0,2.67,71.5,2.64,Low
STU02481,Business Administration,1,2.75,2.79,2.42,61.2,68.4,54.4,1.35,61.6,58.4,59.2,49.2,68.1,72.4,16.6,13.4,6.4,3.26,84.6,2.95,Medium
STU02482,Biology,1,3.5,3.46,3.64,84.0,87.8,79.7,0.84,88.5,100.0,100.0,84.3,63.1,94.6,14.7,13.5,4.8,3.08,80.7,3.54,Low
STU02483,Psychology,6,2.93,2.98,2.28,69.2,66.8,38.4,1.02,38.1,67.9,64.1,67.6,57.5,71.8,22.9,17.0,,2.76,73.7,3.2,Medium
STU02484,Business Administration,7,1.9,1.74,1.53,36.3,32.9,36.4,4.34,43.2,43.5,40.6,57.0,42.4,38.0,15.0,3.0,4.3,3.26,84.6,2.09,High
STU02485,Business Administration,5,1.71,1.69,1.5,29.6,34.2,24.9,1.46,48.8,29.8,42.5,28.9,37.2,45.4,3.8,9.2,8.2,3.26,84.6,1.79,High
STU02486,Psychology,7,0.0,0.08,0.5,48.2,53.6,25.1,3.99,8.7,28.5,24.9,18.3,23.9,14.8,,1.0,1.9,2.76,73.7,0.0,High
STU02487,Psychology,8,2.01,2.06,1.97,50.6,55.1,37.8,0.91,53.5,51.1,50.4,68.1,55.1,55.7,20.9,5.2,3.5,2.76,73.7,2.03,Medium
STU02488,Biology,8,2.98,3.17,3.16,86.8,85.2,100.0,1.11,92.4,80.6,100.0,99.7,58.9,100.0,25.1,19.4,3.1,3.08,80.7,2.88,Low
STU02489,Mathematics,4,1.07,1.31,1.41,27.8,30.0,25.4,3.67,36.0,34.8,34.7,34.3,41.2,29.6,0.0,8.9,9.2,2.67,71.5,0.73,High
STU02490,Mechanical Engineering,6,2.31,2.5,2.75,100.0,100.0,65.1,0.38,100.0,92.1,84.8,91.4,89.4,68.4,32.8,4.7,2.4,2.65,71.2,2.21,Low
STU02491,Business Administration,7,2.48,2.4,2.05,53.8,46.0,75.4,3.27,39.5,51.3,51.7,59.7,46.1,50.6,,5.0,5.0,3.26,84.6,2.72,Medium
STU02492,Mechanical Engineering,1,3.67,3.52,3.59,89.2,90.9,86.8,1.72,71.2,85.7,73.0,84.5,75.6,77.1,19.4,6.6,,2.65,71.2,3.72,Low
STU02493,Economics,3,2.17,2.33,2.31,66.4,67.8,42.1,0.0,36.1,46.2,65.0,76.4,45.6,56.9,14.6,7.5,9.6,3.02,79.4,2.17,Medium
STU02494,Mechanical Engineering,3,2.42,2.38,2.12,43.4,41.5,62.0,0.0,63.6,45.6,52.6,41.1,39.2,44.6,17.1,8.5,4.3,2.65,71.2,2.6,Medium
STU02495,Psychology,1,1.6,1.68,1.63,50.7,53.4,34.1,3.31,49.7,49.9,55.0,41.4,60.0,47.2,8.4,5.9,7.2,2.76,73.7,1.46,High
STU02496,Mechanical Engineering,4,2.6,3.01,3.34,79.6,86.4,67.7,2.55,67.5,82.7,89.3,76.1,83.0,82.5,16.3,16.7,2.6,2.65,71.2,2.35,Low
STU02497,Mathematics,5,2.92,2.99,3.16,51.5,59.8,50.4,0.05,62.5,64.6,55.9,72.3,68.3,63.6,9.7,10.8,4.2,2.67,71.5,2.7,Low
STU02498,Psychology,8,3.44,3.26,3.15,87.2,80.0,70.5,2.27,74.8,81.0,79.5,69.3,73.9,86.1,20.4,3.0,5.2,2.76,73.7,3.56,Low
STU02499,Electrical Engineering,3,1.29,1.57,1.4,43.6,51.6,62.0,4.35,35.7,36.3,28.0,35.4,36.6,31.1,8.6,0.6,0.0,3.07,80.5,1.29,High
STU02500,Computer Science,2,2.67,2.78,2.39,61.3,52.6,51.4,0.0,75.2,65.3,65.4,70.6,82.6,40.7,5.3,6.6,6.4,3.49,89.8,2.69,Medium
STU02501,Computer Science,3,2.5,2.16,2.11,68.7,68.1,43.0,0.97,57.2,40.4,50.0,56.2,44.7,59.6,19.1,6.6,5.4,3.49,89.8,2.48,Low
STU02502,Electrical Engineering,2,3.6,3.57,3.64,51.1,64.2,55.0,3.21,93.1,66.1,75.0,82.3,79.4,41.4,18.8,19.6,5.1,3.07,80.5,3.46,Low
STU02503,Mechanical Engineering,2,1.51,1.55,1.58,39.7,42.7,60.3,1.9,49.7,48.3,76.3,54.9,60.6,74.6,14.2,15.0,2.3,2.65,71.2,1.51,High
STU02504,Computer Science,5,2.9,2.79,2.51,71.6,68.4,62.1,4.37,56.6,45.5,53.3,78.4,75.3,41.3,22.9,8.2,6.1,3.49,89.8,2.97,Medium
STU02505,Electrical Engineering,3,3.41,3.57,3.68,83.3,87.6,66.4,0.0,82.2,88.9,94.6,73.6,88.1,92.1,22.1,16.0,0.0,3.07,80.5,3.31,Low
STU02506,Computer Science,1,3.81,3.57,3.55,79.4,76.4,75.8,0.0,80.9,83.3,71.1,50.0,55.1,34.9,26.3,18.4,8.1,3.49,89.8,4.0,Low
STU02507,Electrical Engineering,2,3.35,3.72,3.94,100.0,100.0,79.6,0.33,100.0,95.8,78.5,96.7,100.0,90.5,22.2,14.4,6.1,3.07,80.5,3.08,Low
STU02508,Mechanical Engineering,8,2.09,2.31,2.42,59.8,65.9,83.8,6.06,62.0,47.2,55.3,68.9,65.0,75.9,15.1,10.5,5.0,2.65,71.2,1.96,Medium
STU02509,Mechanical Engineering,5,2.28,2.22,2.15,46.9,59.0,82.2,2.87,58.7,41.3,43.4,70.4,74.5,55.3,16.1,10.7,4.1,2.65,71.2,2.38,Medium
STU02510,Mathematics,5,4.0,3.85,3.71,100.0,100.0,95.9,0.0,100.0,88.3,89.7,100.0,64.3,100.0,23.8,17.6,1.5,2.67,71.5,4.0,Low
STU02511,Computer Science,6,4.0,4.0,4.0,100.0,100.0,100.0,1.05,100.0,90.0,100.0,88.1,92.9,100.0,22.2,22.0,3.0,3.49,89.8,4.0,Low
STU02512,Computer Science,5,1.71,1.76,1.88,46.4,45.5,92.9,0.0,88.6,45.0,63.3,73.6,75.1,71.3,27.6,13.4,4.1,3.49,89.8,1.56,Medium
STU02513,Biology,4,2.67,2.5,2.47,20.0,32.7,31.8,1.97,31.4,52.4,34.4,25.4,32.1,32.3,10.9,9.6,0.9,3.08,80.7,2.89,Medium
STU02514,Business Administration,7,4.0,3.7,3.2,81.7,73.6,78.5,0.07,83.0,82.1,78.0,90.2,91.7,78.1,27.1,18.3,3.3,3.26,84.6,4.0,Low
STU02515,Mathematics,6,3.5,3.38,3.24,81.4,81.3,72.6,0.65,89.4,89.8,96.5,85.4,95.4,86.1,,13.9,,2.67,71.5,3.62,Low
STU02516,Computer Science,4,2.81,2.78,2.61,58.0,66.3,48.2,,58.2,75.6,68.1,85.4,82.3,77.5,16.8,13.5,1.8,3.49,89.8,3.23,Low
STU02517,Computer Science,7,2.96,2.94,2.83,71.9,73.7,86.0,1.04,71.2,72.4,73.2,67.7,68.4,68.2,22.0,12.8,5.5,3.49,89.8,3.09,Low
STU02518,Biology,7,3.88,3.83,3.63,74.3,78.8,100.0,3.35,86.8,51.0,82.0,74.0,100.0,68.0,23.1,18.1,3.8,3.08,80.7,3.9,Low
STU02519,Economics,7,4.0,3.94,4.0,100.0,100.0,77.9,1.4,83.0,83.8,91.9,100.0,93.2,85.4,17.8,21.8,4.6,3.02,79.4,4.0,Low
STU02520,Business Administration,6,2.69,2.46,2.38,59.3,53.7,75.3,1.47,55.8,37.8,52.3,54.5,78.8,75.5,16.5,6.7,5.2,3.26,84.6,2.76,Medium
STU02521,Electrical Engineering,7,1.93,2.32,2.41,67.7,58.2,76.3,3.46,68.2,67.7,44.2,81.7,75.0,66.6,16.9,11.4,,3.07,80.5,1.81,Medium
STU02522,Mechanical Engineering,3,2.41,2.68,2.88,72.8,75.3,84.0,0.56,67.7,67.3,50.5,100.0,76.6,100.0,16.7,15.1,7.6,2.65,71.2,2.24,Medium
STU02523,Psychology,6,3.62,3.68,3.47,90.4,92.1,75.8,0.0,100.0,93.6,91.1,98.9,84.2,98.0,23.0,19.0,6.0,2.76,73.7,3.65,Low
STU02524,Biology,8,3.38,3.47,3.24,52.0,53.2,84.9,0.0,87.2,87.6,82.2,81.6,79.4,78.8,16.0,11.3,7.4,3.08,80.7,3.45,Low
STU02525,Mechanical Engineering,1,3.39,3.47,3.47,89.9,97.3,97.8,1.07,88.1,92.9,100.0,69.2,78.0,100.0,27.5,9.3,9.7,2.65,71.2,3.44,Low
STU02526,Computer Science,7,2.29,2.28,2.5,57.5,65.1,74.3,0.27,70.2,72.6,63.7,62.7,71.9,68.5,13.3,9.0,2.9,3.49,89.8,2.27,Medium
STU02527,Mechanical Engineering,6,1.12,1.34,1.68,79.5,81.5,38.6,0.14,66.0,68.5,37.5,59.1,66.4,52.5,21.7,13.4,6.4,2.65,71.2,0.97,High
STU02528,Mechanical Engineering,1,2.09,1.87,2.1,49.2,44.7,65.9,1.06,46.2,45.2,66.3,46.8,42.0,67.7,13.7,10.8,4.3,2.65,71.2,2.17,Medium
STU02529,Electrical Engineering,4,2.99,2.99,3.22,80.3,91.2,74.3,0.13,88.5,92.7,76.2,79.1,73.1,74.1,22.7,12.1,6.4,3.07,80.5,3.02,Low
STU02530,Economics,2,1.68,1.62,1.64,60.6,71.4,23.1,1.27,62.0,58.4,73.0,63.4,60.1,38.5,18.3,10.7,,3.02,79.4,1.6,High
STU02531,Psychology,1,3.4,3.2,2.96,82.6,65.0,79.8,0.29,60.7,91.0,81.4,82.7,58.9,63.4,19.5,8.1,7.0,2.76,73.7,3.67,Low
STU02532,Computer Science,3,2.46,2.47,2.5,57.6,55.0,59.3,,41.6,37.6,50.6,52.3,48.4,58.1,,8.5,5.5,3.49,89.8,2.19,Medium
STU02533,Computer Science,3,2.98,3.23,3.47,94.3,82.3,87.3,4.08,78.8,81.5,82.1,76.2,88.1,77.6,5.6,13.7,1.6,3.49,89.8,2.84,Low
STU02534,Mechanical Engineering,7,3.26,3.01,2.78,75.8,66.2,75.7,5.38,73.5,59.1,69.2,64.5,73.6,73.2,18.4,14.0,,2.65,71.2,3.57,Low
STU02535,Computer Science,3,2.68,2.64,2.56,57.5,57.6,74.5,3.0,67.3,58.7,60.5,68.0,56.6,59.3,9.7,15.3,1.7,3.49,89.8,2.67,Medium
STU02536,Business Administration,7,3.86,3.93,4.0,100.0,100.0,100.0,0.24,100.0,100.0,85.5,80.5,100.0,100.0,20.6,15.2,11.9,3.26,84.6,3.68,Low
STU02537,Computer Science,5,1.04,1.26,1.37,38.5,34.9,44.6,1.97,35.0,54.6,32.7,37.7,46.8,27.7,17.9,7.6,6.2,3.49,89.8,0.93,High
STU02538,Business Administration,6,1.62,1.47,1.49,36.7,32.0,54.5,4.85,48.3,32.8,37.6,69.3,69.5,50.2,13.0,14.3,6.6,3.26,84.6,1.55,High
STU02539,Mechanical Engineering,4,2.39,2.37,2.09,59.8,53.8,87.5,3.17,64.1,65.3,63.8,71.6,63.2,73.3,,12.4,7.7,2.65,71.2,2.53,Medium
STU02540,Psychology,4,3.97,3.81,3.76,76.8,77.8,91.5,1.7,67.8,73.9,75.6,66.5,77.2,74.2,28.4,15.9,3.2,2.76,73.7,4.0,Low
STU02541,Mathematics,6,1.43,1.53,1.65,34.9,46.8,41.5,1.71,34.5,30.5,53.6,62.6,35.6,44.5,18.8,8.9,4.7,2.67,71.5,1.31,High
STU02542,Business Administration,4,1.22,1.29,1.4,61.1,61.0,33.0,3.24,53.8,53.2,57.6,48.5,50.2,56.6,8.5,10.3,3.1,3.26,84.6,1.03,High
STU02543,Mechanical Engineering,2,0.76,0.74,0.56,30.8,30.0,29.5,6.71,19.1,18.2,15.4,16.5,23.5,0.0,5.8,4.5,5.0,2.65,71.2,0.82,High
STU02544,Economics,5,3.47,3.49,3.15,61.3,66.2,72.4,1.01,70.9,76.0,66.5,66.0,75.0,59.5,15.0,16.3,0.0,3.02,79.4,3.39,Low
STU02545,Economics,8,1.54,1.73,2.06,69.0,66.7,42.2,3.17,48.3,45.5,59.2,48.7,60.7,46.7,10.4,8.0,2.3,3.02,79.4,1.45,High
STU02546,Electrical Engineering,3,3.32,3.14,3.23,79.4,78.1,97.3,1.74,82.9,88.5,84.8,91.3,79.9,87.1,23.7,21.8,5.4,3.07,80.5,3.49,Low
STU02547,Business Administration,5,3.99,4.0,4.0,80.4,83.7,66.6,1.58,82.8,70.9,85.8,91.6,77.8,92.5,24.3,13.9,6.9,3.26,84.6,4.0,Low
STU02548,Mathematics,1,2.9,3.07,3.16,85.4,85.9,91.7,0.0,77.6,77.4,79.8,51.3,87.7,74.8,23.0,11.6,6.5,2.67,71.5,2.85,Low
STU02549,Psychology,8,2.7,2.85,2.72,82.2,79.4,65.7,2.11,73.8,60.6,63.5,54.9,65.5,42.9,14.1,8.0,4.7,2.76,73.7,2.46,Low
STU02550,Biology,1,1.7,2.0,1.94,63.6,66.9,57.6,1.73,47.2,27.0,23.4,37.9,80.8,34.7,10.5,10.0,3.1,3.08,80.7,1.53,High
STU02551,Psychology,6,3.28,3.51,3.82,86.1,92.5,95.7,0.0,100.0,100.0,94.4,87.9,99.3,100.0,24.4,15.5,1.6,2.76,73.7,3.12,Low
STU02552,Psychology,8,2.29,2.55,2.71,77.1,79.6,37.2,2.22,43.2,59.9,13.4,59.9,67.9,55.7,8.5,5.3,,2.76,73.7,2.35,Medium
STU02553,Psychology,1,2.02,2.09,2.03,61.5,59.8,61.0,1.54,57.4,50.2,28.9,47.6,42.6,52.7,7.1,10.4,0.0,2.76,73.7,1.92,Medium
STU02554,Computer Science,8,1.96,1.86,1.95,46.4,52.9,40.8,2.2,15.5,42.0,40.0,37.8,60.5,31.4,13.1,12.6,3.2,3.49,89.8,2.06,Medium
STU02555,Computer Science,7,1.36,1.5,1.75,20.4,30.0,18.4,,44.8,22.5,51.9,30.7,22.6,38.8,7.9,8.6,5.3,3.49,89.8,1.23,High
STU02556,Computer Science,2,3.1,3.05,3.09,79.6,78.3,49.3,2.56,75.5,63.1,71.7,67.1,72.5,77.7,14.2,20.6,0.0,3.49,89.8,3.15,Low
STU02557,Electrical Engineering,8,3.14,2.83,2.86,94.0,95.2,88.2,0.0,100.0,80.5,92.5,82.9,100.0,71.0,19.0,8.8,,3.07,80.5,3.17,Low
STU02558,Economics,3,2.14,2.27,2.21,52.5,50.8,28.5,2.29,21.1,61.9,70.3,48.8,45.6,54.0,8.2,11.2,5.5,3.02,79.4,1.96,Medium
STU02559,Electrical Engineering,8,1.65,1.69,1.98,56.4,66.1,83.9,2.27,60.7,74.4,57.2,61.6,89.3,57.6,18.2,9.8,5.8,3.07,80.5,1.45,High
STU02560,Mechanical Engineering,1,3.29,2.79,2.56,82.2,72.6,49.1,3.01,61.8,69.1,47.9,57.0,46.4,85.0,9.7,4.7,2.5,2.65,71.2,3.51,Low
STU02561,Mechanical Engineering,4,2.72,2.58,2.26,92.3,88.0,84.7,2.38,76.6,78.3,72.0,73.9,78.5,59.0,8.4,12.1,4.5,2.65,71.2,2.89,Low
STU02562,Economics,2,2.21,2.27,2.67,82.9,81.7,100.0,1.5,90.3,68.6,68.3,77.3,70.4,83.3,17.4,14.9,6.7,3.02,79.4,2.1,Medium
STU02563,Psychology,4,1.6,1.47,1.44,26.5,30.0,24.4,4.83,6.6,21.0,13.0,12.8,51.9,30.2,11.3,11.5,1.9,2.76,73.7,1.47,High
STU02564,Economics,5,3.43,3.24,3.11,85.4,75.5,60.0,0.12,71.3,73.3,75.8,67.0,64.0,71.2,14.9,16.4,1.9,3.02,79.4,3.53,Low
STU02565,Business Administration,4,2.29,1.78,1.83,28.1,30.0,44.6,3.78,38.2,36.9,37.6,36.6,41.1,40.2,5.7,1.7,1.3,3.26,84.6,2.46,Medium
STU02566,Electrical Engineering,5,3.61,3.38,3.2,64.7,70.0,48.1,2.77,35.4,72.0,46.9,61.9,46.8,65.3,18.3,15.2,9.5,3.07,80.5,3.7,Low
STU02567,Mathematics,2,3.49,3.63,3.51,65.7,60.2,66.6,0.0,53.1,70.7,68.8,55.8,45.3,92.1,25.4,10.8,4.1,2.67,71.5,3.59,Low
STU02568,Economics,6,4.0,4.0,4.0,100.0,96.1,82.9,2.89,80.3,100.0,100.0,85.5,95.4,85.0,20.9,14.7,4.9,3.02,79.4,3.97,Low
STU02569,Biology,5,2.8,2.44,1.94,57.6,41.7,50.2,2.82,45.5,41.4,40.9,46.8,50.7,46.9,14.4,2.5,7.7,3.08,80.7,2.86,Low
STU02570,Mathematics,4,4.0,4.0,4.0,92.8,90.9,85.2,0.0,97.6,100.0,95.7,100.0,98.1,86.1,16.3,11.7,2.4,2.67,71.5,4.0,Low
STU02571,Mechanical Engineering,8,2.49,2.62,2.61,48.0,48.8,60.9,1.33,44.1,93.0,74.9,49.5,47.0,63.5,18.3,17.9,6.5,2.65,71.2,2.39,Medium
STU02572,Economics,6,2.93,2.98,2.83,75.4,72.9,86.1,0.0,48.6,64.9,69.3,68.8,84.2,79.4,22.4,19.4,5.9,3.02,79.4,3.26,Low
STU02573,Mechanical Engineering,8,2.53,2.4,2.5,67.7,69.2,42.2,3.23,58.0,72.8,76.1,48.7,61.3,64.6,15.3,13.4,7.3,2.65,71.2,2.79,Medium
STU02574,Mechanical Engineering,1,2.54,2.65,2.41,71.9,63.0,75.6,4.5,92.1,82.3,66.5,63.2,74.2,61.1,3.6,10.3,0.5,2.65,71.2,2.52,Medium
STU02575,Mechanical Engineering,4,0.91,0.88,1.18,65.0,62.8,23.1,1.43,45.7,32.8,38.6,50.5,42.9,43.1,8.7,11.6,0.0,2.65,71.2,0.57,High
STU02576,Mechanical Engineering,7,2.94,3.09,2.99,70.4,79.1,78.4,3.84,82.3,60.8,47.6,69.0,55.1,63.5,21.4,13.9,3.5,2.65,71.2,2.73,Low
STU02577,Computer Science,8,3.02,3.02,3.08,57.7,59.5,63.9,3.07,48.4,69.4,73.8,80.5,51.2,53.7,19.2,14.3,3.5,3.49,89.8,2.95,Low
STU02578,Mathematics,1,1.51,1.76,1.97,55.6,64.9,70.1,0.0,71.4,65.3,76.3,74.5,63.3,64.6,19.2,12.2,3.1,2.67,71.5,1.56,High
STU02579,Computer Science,4,2.58,2.72,2.93,76.8,69.7,76.9,2.09,64.8,65.3,75.8,64.6,67.4,66.1,18.3,15.2,6.8,3.49,89.8,2.45,Low
STU02580,Biology,5,2.76,2.78,2.87,74.8,68.6,62.7,0.0,74.9,82.9,81.5,76.3,81.5,77.7,13.4,19.0,2.9,3.08,80.7,2.68,Low
STU02581,Biology,8,1.9,1.89,1.91,41.2,55.7,37.0,1.15,46.3,42.8,42.2,43.5,41.2,37.6,15.7,6.0,4.5,3.08,80.7,1.84,Medium
STU02582,Computer Science,6,2.65,2.42,2.48,38.5,38.7,50.0,,64.0,59.6,65.9,59.2,61.2,65.2,21.4,13.6,6.8,3.49,89.8,2.76,Medium
STU02583,Electrical Engineering,3,1.29,1.64,1.87,44.8,55.1,50.4,2.15,75.2,45.9,67.8,67.5,70.6,62.3,13.4,20.6,,3.07,80.5,1.12,High
STU02584,Mathematics,7,2.02,2.12,2.31,47.5,53.9,76.5,2.0,74.2,90.1,63.0,43.8,70.6,58.1,21.3,14.0,3.1,2.67,71.5,1.8,Medium
STU02585,Computer Science,8,2.15,2.35,2.66,64.4,60.5,49.3,,83.3,90.8,86.0,50.0,46.4,65.7,15.3,16.1,2.1,3.49,89.8,1.87,Medium
STU02586,Economics,3,1.79,2.12,2.7,77.7,80.9,70.6,0.8,75.6,65.9,76.6,65.1,69.0,67.5,24.0,6.7,7.5,3.02,79.4,1.36,Medium
STU02587,Electrical Engineering,5,3.71,3.5,3.14,79.9,75.3,75.2,0.29,83.6,77.5,81.1,76.8,97.5,73.6,22.0,21.5,7.0,3.07,80.5,3.8,Low
STU02588,Mathematics,3,2.23,2.43,2.48,50.6,50.6,56.1,1.71,63.5,34.9,38.5,75.1,37.9,77.8,15.4,9.4,1.6,2.67,71.5,2.21,Medium
STU02589,Economics,3,3.28,3.21,3.06,94.7,91.2,79.6,3.23,72.0,85.3,60.9,63.1,76.2,81.8,16.6,12.2,5.6,3.02,79.4,3.47,Low
STU02590,Psychology,2,3.0,2.82,2.94,52.1,48.4,55.0,0.83,67.2,57.9,60.1,60.2,56.6,42.7,9.7,15.3,2.7,2.76,73.7,2.98,Low
STU02591,Electrical Engineering,2,2.73,2.9,2.78,84.8,78.6,83.8,0.0,71.9,47.3,77.3,74.4,54.2,62.8,18.4,15.0,1.9,3.07,80.5,2.73,Low
STU02592,Psychology,1,2.01,2.13,1.98,39.0,36.6,16.7,1.46,44.3,40.4,50.8,50.1,63.0,64.2,9.6,9.2,2.0,2.76,73.7,2.05,High
STU02593,Mechanical Engineering,7,3.82,3.47,3.24,84.9,73.9,79.4,0.69,77.8,81.8,79.2,90.0,62.7,77.9,23.7,9.8,2.9,2.65,71.2,4.0,Low
STU02594,Economics,3,2.91,2.82,2.31,40.2,36.3,61.5,0.0,70.7,75.2,44.2,68.2,74.9,70.1,9.4,15.9,6.6,3.02,79.4,3.11,Low
STU02595,Psychology,3,3.31,3.55,3.61,99.5,99.5,100.0,1.86,97.9,94.6,79.4,79.6,94.2,96.5,20.8,13.3,4.6,2.76,73.7,3.25,Low
STU02596,Computer Science,8,2.63,2.37,2.18,79.4,60.8,51.7,1.44,51.6,57.6,58.1,71.9,54.9,71.6,18.8,8.5,4.1,3.49,89.8,2.71,Low
STU02597,Psychology,2,2.16,2.07,2.07,77.0,75.1,86.7,1.12,65.1,80.6,69.9,85.7,68.9,77.5,13.6,12.3,5.0,2.76,73.7,2.39,Medium
STU02598,Economics,3,2.32,2.73,3.16,87.1,97.6,96.6,1.84,100.0,90.1,88.5,87.1,78.2,93.1,18.6,16.2,3.2,3.02,79.4,2.0,Low
STU02599,Psychology,6,3.92,4.0,4.0,71.8,64.1,86.6,2.75,98.7,88.1,83.8,95.6,81.1,100.0,,16.8,2.9,2.76,73.7,3.93,Low
STU02600,Economics,5,1.61,1.51,1.27,36.1,30.0,22.6,3.25,30.3,21.9,27.3,50.6,64.9,16.5,15.0,7.2,6.7,3.02,79.4,1.87,High
STU02601,Psychology,8,3.21,3.06,3.04,76.7,72.9,73.5,0.47,96.9,77.9,95.6,72.2,64.6,78.4,31.3,8.1,7.0,2.76,73.7,3.32,Low
STU02602,Business Administration,7,1.65,1.41,1.14,36.7,39.1,42.4,1.93,80.1,32.5,21.6,57.4,33.3,59.2,6.3,16.5,12.9,3.26,84.6,1.96,High
STU02603,Computer Science,3,2.22,2.27,2.17,57.8,54.5,86.8,2.28,63.9,88.7,60.9,59.9,63.9,60.7,19.4,17.4,5.0,3.49,89.8,2.06,Medium
STU02604,Economics,8,2.39,2.17,2.23,90.4,85.9,53.4,0.0,80.0,100.0,68.9,74.8,33.0,79.6,5.6,11.4,3.3,3.02,79.4,2.46,Medium
STU02605,Biology,5,1.93,2.38,2.57,46.3,35.5,21.9,3.94,51.6,49.4,41.7,44.6,50.0,31.3,13.6,11.8,2.2,3.08,80.7,1.74,High
STU02606,Computer Science,8,3.12,3.21,3.32,98.3,100.0,100.0,,80.4,100.0,90.3,75.1,100.0,78.2,21.2,18.1,3.0,3.49,89.8,3.29,Low
STU02607,Business Administration,1,3.66,3.47,3.6,91.7,91.4,75.7,1.0,75.8,100.0,85.0,72.9,98.0,69.8,12.3,13.5,3.4,3.26,84.6,3.45,Low
STU02608,Economics,6,3.25,3.2,3.35,58.8,58.0,66.3,0.21,68.4,71.7,66.5,60.9,72.8,69.9,11.6,19.1,9.8,3.02,79.4,3.24,Low
STU02609,Electrical Engineering,4,0.82,1.22,1.11,47.9,49.0,45.0,5.88,33.1,18.8,30.1,35.5,37.8,35.6,7.3,3.2,,3.07,80.5,0.84,High
STU02610,Electrical Engineering,2,3.84,3.77,3.75,100.0,100.0,100.0,1.42,98.3,91.0,100.0,94.6,100.0,97.8,17.2,8.1,7.3,3.07,80.5,3.75,Low
STU02611,Biology,5,2.3,2.2,2.02,42.1,42.8,45.1,4.75,40.3,24.8,32.3,35.1,41.7,30.4,9.2,15.6,5.2,3.08,80.7,2.37,Medium
STU02612,Psychology,7,3.74,3.57,3.37,69.5,76.4,80.9,1.94,87.9,87.0,96.6,85.2,81.2,89.4,21.4,16.2,4.3,2.76,73.7,3.79,Low
STU02613,Electrical Engineering,3,3.03,3.25,3.15,77.7,65.0,55.0,4.39,56.0,66.4,63.0,60.6,68.7,61.0,22.2,16.7,3.1,3.07,80.5,3.0,Low
STU02614,Mathematics,8,2.52,2.48,2.47,64.0,70.8,55.0,1.95,69.1,53.3,70.3,85.4,39.5,74.3,20.4,8.4,10.6,2.67,71.5,2.51,Medium
STU02615,Mechanical Engineering,6,2.03,2.27,2.54,47.2,53.7,69.5,3.57,53.3,78.5,49.1,69.5,66.1,57.9,19.6,8.6,0.2,2.65,71.2,1.77,Medium
STU02616,Computer Science,1,2.56,2.7,2.66,89.7,83.9,95.2,3.96,72.9,63.9,67.3,74.3,70.6,70.8,22.4,16.8,5.2,3.49,89.8,2.54,Low
STU02617,Business Administration,4,2.04,2.25,2.59,82.3,87.2,55.4,0.0,84.0,72.9,82.4,70.3,75.5,67.5,22.2,10.0,8.1,3.26,84.6,1.97,Medium
STU02618,Business Administration,6,3.04,2.82,2.62,45.1,40.4,43.4,3.89,55.6,52.4,64.1,48.1,39.6,37.1,11.8,12.0,4.1,3.26,84.6,3.33,Medium
STU02619,Economics,8,2.6,2.33,2.22,64.9,62.1,71.0,,59.5,56.6,54.5,64.8,65.4,70.6,13.4,6.9,4.6,3.02,79.4,2.64,Low
STU02620,Computer Science,6,3.97,3.36,2.99,76.9,66.0,83.4,2.68,77.3,74.7,75.5,82.2,79.3,59.3,,12.0,3.3,3.49,89.8,4.0,Low
STU02621,Mechanical Engineering,3,1.08,1.23,1.83,65.9,64.6,22.3,1.43,83.5,43.3,75.6,62.3,62.2,45.3,10.3,8.1,8.1,2.65,71.2,0.63,High
STU02622,Electrical Engineering,5,1.36,1.51,1.58,66.3,52.8,45.4,1.92,39.8,44.0,45.2,45.1,39.8,41.1,12.2,4.3,8.1,3.07,80.5,1.15,Medium
STU02623,Mechanical Engineering,7,2.84,2.45,2.09,84.5,71.1,59.2,3.15,37.8,40.9,63.7,44.5,39.3,73.4,14.2,9.9,1.4,2.65,71.2,3.03,Low
STU02624,Electrical Engineering,8,2.3,2.5,2.51,20.0,30.0,43.9,3.57,48.3,47.3,64.5,47.2,61.3,50.9,22.8,2.3,1.8,3.07,80.5,2.43,Medium
STU02625,Mathematics,8,3.41,3.39,3.19,100.0,100.0,82.7,3.67,80.6,89.3,82.8,77.8,85.6,89.9,13.1,14.3,3.3,2.67,71.5,3.23,Low
STU02626,Mechanical Engineering,2,3.65,3.92,3.76,92.5,99.4,85.5,0.0,86.4,77.2,88.4,86.7,76.7,83.0,18.7,12.5,4.6,2.65,71.2,3.73,Low
STU02627,Computer Science,8,0.94,1.06,0.96,35.1,30.0,24.7,4.56,23.9,20.7,21.0,31.2,22.3,28.7,11.3,3.2,5.0,3.49,89.8,1.0,High
STU02628,Mathematics,3,2.69,2.66,2.77,55.1,55.2,73.0,0.58,61.7,81.9,70.6,46.8,73.9,81.2,3.0,5.7,2.6,2.67,71.5,2.76,Medium
STU02629,Economics,8,2.36,2.21,2.27,25.3,32.9,29.8,3.69,55.4,55.0,14.4,40.2,49.9,62.7,11.7,9.4,4.8,3.02,79.4,2.22,Medium
STU02630,Psychology,3,0.85,1.12,1.27,44.1,58.8,74.1,2.18,68.5,46.6,50.5,76.2,59.2,32.9,11.7,6.5,7.8,2.76,73.7,0.83,High
STU02631,Computer Science,4,2.69,2.5,2.56,86.6,73.4,61.1,1.11,67.3,52.1,61.6,65.3,61.8,60.5,19.7,8.0,2.7,3.49,89.8,2.77,Low
STU02632,Mathematics,5,2.5,2.75,2.74,56.0,51.5,76.1,2.27,89.5,50.5,45.6,59.1,88.9,100.0,19.6,13.8,8.2,2.67,71.5,2.31,Medium
STU02633,Electrical Engineering,2,0.88,1.03,1.26,64.1,61.7,31.2,1.63,32.1,22.4,13.9,13.2,25.7,33.1,1.3,14.4,2.9,3.07,80.5,0.77,High
STU02634,Economics,7,0.95,0.74,0.5,35.0,30.0,12.1,1.5,22.5,19.9,8.3,31.9,5.9,34.2,9.4,11.0,3.6,3.02,79.4,1.11,High
STU02635,Computer Science,8,2.0,1.84,1.7,67.7,61.9,49.4,1.52,29.5,45.8,58.3,50.3,42.3,25.4,19.3,6.7,2.1,3.49,89.8,2.26,Medium
STU02636,Mathematics,6,2.53,2.72,2.75,57.2,62.4,52.2,0.78,69.8,69.7,73.5,81.1,77.1,70.2,14.3,5.7,3.0,2.67,71.5,2.47,Low
STU02637,Economics,8,2.2,2.62,3.08,57.6,69.0,58.3,4.36,57.3,69.6,60.2,39.8,51.4,33.4,10.6,2.4,12.0,3.02,79.4,2.0,Medium
STU02638,Electrical Engineering,7,2.8,2.49,2.37,46.3,50.5,45.6,2.69,48.9,62.5,56.0,55.3,49.2,51.6,,10.1,6.8,3.07,80.5,2.86,Medium
STU02639,Electrical Engineering,8,3.52,3.33,2.86,65.6,59.2,74.5,4.06,52.4,74.2,54.1,20.8,78.0,67.3,15.0,11.6,11.7,3.07,80.5,3.61,Low
STU02640,Business Administration,4,3.44,3.59,3.16,69.6,61.2,52.0,0.0,35.8,47.9,55.2,74.1,80.2,66.6,3.6,14.8,0.0,3.26,84.6,3.64,Low
STU02641,Mathematics,4,2.3,2.15,2.09,47.6,40.6,40.7,2.11,49.2,48.6,49.3,55.1,48.1,49.4,16.5,11.5,2.9,2.67,71.5,2.47,Medium
STU02642,Economics,4,2.78,2.76,2.77,91.9,78.8,100.0,4.64,96.7,88.1,80.6,76.1,100.0,71.5,23.1,13.0,1.0,3.02,79.4,2.57,Low
STU02643,Mechanical Engineering,3,0.46,0.71,1.08,41.5,39.0,46.9,2.53,47.1,52.4,50.0,38.2,45.1,42.7,12.9,2.6,7.3,2.65,71.2,0.5,High
STU02644,Business Administration,8,3.69,3.58,3.04,65.6,63.6,100.0,0.9,89.1,68.6,92.1,80.7,78.4,100.0,24.2,5.7,5.6,3.26,84.6,3.73,Low
STU02645,Business Administration,8,1.55,1.38,1.41,54.1,60.7,25.9,4.73,58.5,54.6,41.6,38.9,49.2,49.5,12.1,18.4,,3.26,84.6,1.72,High
STU02646,Economics,2,1.93,2.32,2.37,61.5,67.4,53.8,2.0,66.4,76.0,60.9,58.2,47.6,51.1,25.0,15.3,8.9,3.02,79.4,2.01,Medium
STU02647,Electrical Engineering,2,1.19,1.12,1.11,28.6,30.0,20.4,3.03,22.8,35.5,41.3,25.6,30.2,29.9,12.7,7.1,11.3,3.07,80.5,1.32,High
STU02648,Business Administration,6,3.07,2.98,2.92,28.7,30.0,57.9,1.98,40.6,55.5,53.7,60.9,54.6,58.6,6.5,8.4,9.5,3.26,84.6,3.15,Medium
STU02649,Biology,5,2.95,3.28,3.18,90.4,91.6,83.6,2.68,78.1,80.8,74.9,94.7,77.5,82.6,26.5,18.9,1.9,3.08,80.7,2.71,Low
STU02650,Economics,6,1.95,1.72,1.39,36.8,43.2,35.5,2.72,37.7,38.0,17.7,46.3,59.9,10.0,0.4,6.5,8.4,3.02,79.4,2.06,High
STU02651,Computer Science,3,1.39,1.36,1.7,53.8,56.2,59.3,2.99,36.6,45.6,71.3,63.7,61.8,64.9,14.8,12.4,4.0,3.49,89.8,1.28,High
STU02652,Mechanical Engineering,2,1.91,1.77,1.56,47.3,58.8,54.1,2.18,50.6,51.3,63.9,59.4,60.2,66.6,12.8,14.1,6.7,2.65,71.2,2.09,High
STU02653,Business Administration,5,1.47,1.54,1.73,21.8,40.8,61.1,3.91,34.5,68.7,79.0,71.0,47.6,56.5,9.4,7.0,10.2,3.26,84.6,1.48,High
STU02654,Business Administration,8,1.79,1.92,1.96,25.8,30.0,35.9,2.96,51.3,43.5,43.1,48.7,62.9,45.9,9.1,3.9,4.7,3.26,84.6,1.78,High
STU02655,Mathematics,7,3.68,3.45,3.41,94.0,76.4,96.2,0.84,91.6,86.7,100.0,84.4,81.0,81.4,13.7,18.6,3.0,2.67,71.5,3.77,Low
STU02656,Business Administration,2,3.44,3.25,3.2,98.1,100.0,74.0,0.0,78.0,64.9,79.1,90.4,78.8,77.3,15.1,9.7,5.1,3.26,84.6,3.65,Low
STU02657,Electrical Engineering,7,2.21,2.14,2.16,68.4,69.4,87.9,2.4,73.6,71.4,66.2,62.2,66.1,63.8,11.0,17.1,7.8,3.07,80.5,2.38,Medium
STU02658,Mathematics,4,3.35,3.22,3.15,95.4,94.5,79.1,0.0,71.5,86.3,66.0,62.6,69.5,63.8,13.6,7.7,2.9,2.67,71.5,3.24,Low
STU02659,Economics,5,1.96,2.16,2.3,71.5,73.7,87.3,4.85,55.5,58.1,63.7,62.5,61.4,61.4,3.0,11.8,3.1,3.02,79.4,1.67,Medium
STU02660,Electrical Engineering,7,3.63,3.53,3.16,75.9,78.6,81.1,0.0,66.3,33.4,70.8,75.3,83.3,80.0,,13.1,5.3,3.07,80.5,3.72,Low
STU02661,Business Administration,4,2.12,2.22,1.99,61.1,52.0,18.9,2.72,62.4,50.2,62.3,53.1,36.6,40.5,12.4,11.8,5.2,3.26,84.6,2.12,Medium
STU02662,Electrical Engineering,7,3.1,3.4,3.47,91.6,91.1,97.1,1.61,78.1,89.5,85.9,86.8,84.0,76.6,,15.0,2.9,3.07,80.5,2.82,Low
STU02663,Electrical Engineering,6,2.73,2.86,3.09,66.6,73.7,51.5,1.24,88.2,76.3,86.6,76.9,84.2,77.5,14.3,14.8,1.4,3.07,80.5,2.59,Medium
STU02664,Electrical Engineering,7,2.1,1.96,1.74,40.3,41.6,32.5,1.35,51.1,41.5,31.2,30.3,56.3,40.5,9.5,5.4,3.7,3.07,80.5,2.31,High
STU02665,Computer Science,4,3.66,3.98,4.0,93.1,86.2,100.0,0.0,96.1,94.6,68.3,100.0,86.8,97.6,25.9,16.5,0.0,3.49,89.8,3.77,Low
STU02666,Computer Science,2,2.71,3.06,3.07,73.9,82.1,97.2,2.08,80.9,77.6,89.0,68.4,86.1,80.1,14.7,15.7,4.8,3.49,89.8,2.67,Medium
STU02667,Mechanical Engineering,6,2.29,2.3,2.53,73.1,68.4,75.6,2.64,64.5,64.7,49.4,59.4,65.0,68.3,12.3,9.7,4.3,2.65,71.2,2.32,Medium
STU02668,Mathematics,3,2.1,1.91,1.91,28.9,34.1,62.6,0.0,36.7,41.2,49.8,32.4,59.3,31.7,7.4,5.0,5.5,2.67,71.5,2.41,Medium
STU02669,Biology,7,3.43,3.52,3.79,99.7,100.0,100.0,0.0,96.6,94.1,66.9,73.1,100.0,100.0,28.0,11.3,11.9,3.08,80.7,3.26,Low
STU02670,Psychology,2,1.73,1.76,2.04,53.6,50.2,66.8,1.72,78.7,68.1,66.0,55.2,85.4,70.4,17.8,14.5,2.4,2.76,73.7,1.82,High
STU02671,Mechanical Engineering,2,4.0,3.83,3.52,68.5,68.3,77.6,0.53,100.0,87.5,87.7,89.2,90.8,100.0,19.5,15.7,7.4,2.65,71.2,4.0,Low
STU02672,Mechanical Engineering,6,2.32,2.24,2.52,45.6,43.1,50.1,1.84,56.1,39.9,62.8,67.3,66.4,47.6,16.5,8.6,1.2,2.65,71.2,1.93,Medium
STU02673,Business Administration,6,2.04,1.83,1.76,40.5,46.9,51.8,3.54,53.1,62.0,53.4,51.7,58.8,55.3,,8.4,3.3,3.26,84.6,2.06,Medium
STU02674,Electrical Engineering,4,2.78,2.36,2.21,30.5,30.0,57.1,0.4,54.3,54.2,57.4,37.9,52.1,43.9,21.8,11.8,3.9,3.07,80.5,3.11,Low
STU02675,Biology,3,3.72,3.73,3.81,77.8,87.3,100.0,,92.5,100.0,100.0,100.0,100.0,100.0,30.6,17.4,4.0,3.08,80.7,3.46,Low
STU02676,Biology,4,2.54,2.4,2.37,79.1,67.8,57.4,3.68,72.5,89.5,86.2,96.1,63.4,52.8,10.3,7.9,7.0,3.08,80.7,2.78,Medium
STU02677,Economics,7,1.16,1.48,1.46,58.9,53.6,35.6,0.87,35.3,50.2,31.0,47.9,43.9,44.0,8.9,2.3,6.5,3.02,79.4,1.13,High
STU02678,Biology,3,2.09,2.5,2.68,37.7,45.0,80.9,4.73,70.0,78.5,64.0,65.4,65.3,50.2,11.1,12.3,4.3,3.08,80.7,1.88,Medium
STU02679,Biology,6,2.07,2.13,1.77,36.2,30.0,60.1,2.65,70.6,48.2,65.8,49.2,41.4,46.4,10.0,7.3,3.3,3.08,80.7,2.24,Medium
STU02680,Biology,4,2.08,1.66,1.49,29.6,30.0,20.5,3.01,49.7,30.6,51.0,37.9,45.6,76.3,0.0,3.0,2.2,3.08,80.7,2.43,High
STU02681,Biology,6,1.16,1.15,1.63,51.3,43.3,74.3,1.15,83.4,66.9,74.0,78.3,46.5,75.6,27.0,19.2,9.6,3.08,80.7,0.87,High
STU02682,Psychology,2,1.9,2.11,2.32,76.0,78.0,65.8,4.2,35.9,33.4,54.6,54.7,68.3,91.9,3.7,13.5,2.9,2.76,73.7,1.79,Medium
STU02683,Computer Science,4,4.0,3.94,3.78,84.3,73.8,62.2,1.75,76.9,65.5,72.2,64.4,68.5,68.7,20.1,11.7,4.5,3.49,89.8,4.0,Low
STU02684,Computer Science,7,4.0,3.84,3.58,74.5,72.4,51.3,1.22,66.9,66.6,65.9,63.5,53.6,85.1,23.8,16.3,7.8,3.49,89.8,4.0,Low
STU02685,Psychology,4,1.92,2.13,2.37,66.4,63.6,56.5,3.42,55.7,66.1,69.1,59.7,61.7,51.0,16.4,9.9,9.1,2.76,73.7,1.69,Medium
STU02686,Electrical Engineering,6,2.92,2.5,2.12,39.2,30.0,39.2,2.92,17.7,51.7,36.2,69.5,33.9,25.8,15.6,11.0,5.4,3.07,80.5,3.1,Medium
STU02687,Mechanical Engineering,6,2.27,2.23,1.9,50.3,42.5,53.5,2.14,44.7,44.1,59.5,60.8,43.1,40.7,6.5,14.1,7.7,2.65,71.2,2.57,Medium
STU02688,Mechanical Engineering,4,3.11,3.32,4.0,94.5,100.0,88.6,0.0,92.7,93.0,100.0,97.3,97.6,100.0,17.8,17.1,3.0,2.65,71.2,2.88,Low
STU02689,Mechanical Engineering,3,0.63,0.55,0.5,53.8,47.6,38.2,2.69,26.0,24.7,23.2,25.8,26.7,34.3,10.9,8.3,6.0,2.65,71.2,0.81,High
STU02690,Biology,6,3.01,3.02,3.29,45.7,52.0,46.2,4.33,46.0,76.0,60.5,52.6,61.4,53.6,11.2,11.2,8.8,3.08,80.7,2.9,Medium
STU02691,Business Administration,7,1.93,1.82,1.34,65.1,49.0,57.5,1.88,45.5,55.6,32.4,40.1,21.1,37.2,6.9,9.4,8.0,3.26,84.6,2.2,Medium
STU02692,Electrical Engineering,5,1.57,1.67,1.9,82.5,77.7,56.7,2.07,66.2,70.2,78.5,67.4,51.8,67.8,23.5,14.6,5.6,3.07,80.5,1.26,Medium
STU02693,Mathematics,2,1.9,1.32,1.07,65.8,49.8,37.2,2.14,47.5,49.9,49.6,33.2,39.4,44.5,,10.0,10.6,2.67,71.5,1.86,Medium
STU02694,Business Administration,4,3.06,3.13,2.93,75.1,75.9,89.1,1.81,89.4,67.4,78.9,69.2,81.6,67.1,18.1,4.9,4.8,3.26,84.6,3.25,Low
STU02695,Business Administration,6,2.22,2.43,2.48,66.7,70.6,76.4,2.81,72.5,83.7,88.6,91.0,78.6,74.9,18.8,13.0,,3.26,84.6,2.12,Medium
STU02696,Business Administration,6,1.26,1.25,1.29,62.5,65.4,52.6,1.88,45.2,46.6,30.9,48.4,35.0,47.7,14.0,14.7,6.0,3.26,84.6,1.18,High
STU02697,Computer Science,6,2.38,2.65,2.97,83.7,91.4,83.2,3.54,49.7,57.0,48.7,61.8,62.0,52.8,19.2,10.1,3.9,3.49,89.8,2.21,Low
STU02698,Electrical Engineering,3,2.43,2.42,2.58,63.4,64.8,31.0,,54.8,82.8,70.5,69.2,54.5,65.3,15.1,12.1,2.7,3.07,80.5,2.22,Medium
STU02699,Computer Science,7,2.8,2.5,2.41,72.7,61.6,66.0,2.67,68.6,80.6,55.2,80.3,73.6,51.6,25.8,10.0,0.1,3.49,89.8,2.8,Low
STU02700,Mechanical Engineering,3,3.11,3.13,3.39,86.3,81.3,63.6,0.8,50.7,67.5,100.0,76.2,78.8,87.6,9.3,16.6,4.4,2.65,71.2,3.13,Low
STU02701,Business Administration,7,0.98,1.24,1.55,34.1,35.1,56.0,3.57,47.3,46.3,43.3,47.2,47.0,50.3,6.3,6.1,10.8,3.26,84.6,0.85,High
STU02702,Mechanical Engineering,8,4.0,4.0,4.0,100.0,93.9,81.3,0.0,75.9,80.9,99.8,94.4,88.1,70.6,21.9,11.2,6.5,2.65,71.2,4.0,Low
STU02703,Mathematics,4,2.28,1.97,1.86,74.8,62.6,55.4,2.38,77.9,48.2,88.5,72.5,79.5,68.8,14.7,15.1,0.8,2.67,71.5,2.38,Low
STU02704,Business Administration,4,1.39,1.14,0.92,42.2,36.8,51.0,2.81,35.7,39.2,36.7,54.4,47.5,41.3,13.2,10.1,6.9,3.26,84.6,1.64,High
STU02705,Mechanical Engineering,3,1.42,1.4,1.27,47.9,44.8,42.9,4.25,52.9,25.4,53.5,50.3,63.4,43.5,12.7,4.4,5.0,2.65,71.2,1.55,High
STU02706,Business Administration,5,4.0,4.0,4.0,86.0,82.9,100.0,0.0,100.0,98.2,96.1,96.0,100.0,100.0,20.1,12.8,1.5,3.26,84.6,4.0,Low
STU02707,Business Administration,8,2.81,2.6,2.44,29.7,30.0,51.8,1.13,78.2,70.9,58.4,65.9,49.6,30.3,15.8,5.8,4.3,3.26,84.6,2.69,Medium
STU02708,Economics,3,2.32,2.55,3.08,78.4,77.6,51.5,1.71,69.4,67.9,55.9,66.8,68.1,53.2,16.2,12.1,3.4,3.02,79.4,2.17,Medium
STU02709,Biology,4,2.51,2.49,2.44,71.0,69.4,55.7,1.58,56.2,62.1,67.4,67.0,65.5,59.2,18.4,11.5,6.2,3.08,80.7,2.39,Medium
STU02710,Mechanical Engineering,7,3.79,3.85,3.59,77.3,80.6,61.8,2.45,68.4,79.4,73.4,67.6,65.4,82.7,14.8,10.6,6.2,2.65,71.2,3.86,Low
STU02711,Business Administration,1,3.01,2.88,2.76,72.3,68.9,89.0,0.0,52.0,63.5,81.0,38.2,76.0,75.2,30.9,14.4,4.7,3.26,84.6,3.04,Low
STU02712,Computer Science,1,2.16,2.39,2.26,69.6,56.7,63.5,0.52,55.8,76.5,51.0,54.5,44.1,75.0,6.4,13.4,4.6,3.49,89.8,2.13,Medium
STU02713,Mechanical Engineering,6,3.13,2.96,2.77,70.8,77.4,27.5,0.0,79.5,80.0,65.8,61.5,73.8,54.7,14.5,9.2,4.7,2.65,71.2,2.92,Low
STU02714,Business Administration,6,3.19,3.15,2.94,96.4,89.8,60.6,,64.0,36.3,57.3,52.0,51.9,78.3,27.2,2.7,0.5,3.26,84.6,3.24,Low
STU02715,Biology,7,3.66,3.31,2.99,52.7,46.7,53.9,0.81,79.1,70.1,61.2,48.6,65.6,57.9,14.4,20.1,10.7,3.08,80.7,3.91,Low
STU02716,Mathematics,5,2.68,2.7,2.86,78.4,80.1,69.5,0.0,68.9,70.3,76.9,62.9,82.7,61.0,19.9,9.5,3.6,2.67,71.5,2.59,Low
STU02717,Psychology,4,3.18,2.93,2.91,79.2,74.2,88.8,2.02,87.1,76.7,81.7,76.5,82.1,76.9,30.3,8.1,1.2,2.76,73.7,3.28,Low
STU02718,Mathematics,4,3.56,3.34,3.04,87.0,83.4,71.5,0.0,93.6,58.2,73.4,59.8,76.0,74.2,13.3,13.0,4.4,2.67,71.5,3.8,Low
STU02719,Electrical Engineering,1,3.81,3.82,3.52,98.9,100.0,98.7,0.0,89.2,100.0,100.0,100.0,92.9,83.6,13.6,17.9,7.0,3.07,80.5,3.74,Low
STU02720,Electrical Engineering,3,2.18,2.08,2.06,48.3,48.2,70.3,0.0,60.3,54.2,47.1,52.8,50.7,47.9,19.4,8.4,4.4,3.07,80.5,2.39,Medium
STU02721,Mechanical Engineering,7,2.22,2.28,2.08,63.2,51.9,46.8,3.19,49.4,50.3,44.4,45.0,43.4,40.3,16.2,1.0,0.0,2.65,71.2,2.1,Medium
STU02722,Psychology,3,4.0,3.91,3.9,57.3,59.7,80.1,3.24,98.0,78.3,83.6,85.6,83.3,77.7,19.5,12.5,,2.76,73.7,4.0,Low
STU02723,Economics,5,2.36,2.52,2.73,57.3,52.1,45.8,1.62,68.8,71.1,58.8,70.2,63.4,74.2,18.4,7.0,8.8,3.02,79.4,2.09,Medium
STU02724,Mechanical Engineering,2,3.25,3.04,2.75,92.1,86.3,66.9,0.0,85.2,71.8,86.0,71.5,88.5,71.5,15.9,13.1,,2.65,71.2,3.43,Low
STU02725,Mathematics,5,1.75,1.81,1.75,46.7,47.3,31.8,5.18,20.8,44.7,46.0,16.3,55.6,62.0,13.5,7.8,11.0,2.67,71.5,1.77,High
STU02726,Economics,3,3.37,3.73,4.0,90.4,100.0,100.0,0.0,100.0,60.0,68.5,78.4,86.6,95.5,19.5,16.2,3.5,3.02,79.4,3.29,Low
STU02727,Mechanical Engineering,8,1.55,1.88,2.56,34.4,37.8,53.0,0.0,61.8,69.4,47.1,59.5,36.0,75.0,23.3,11.3,2.7,2.65,71.2,1.1,High
STU02728,Mechanical Engineering,3,2.04,2.16,2.37,49.3,51.2,33.7,3.24,53.1,72.2,55.2,68.4,65.4,60.7,7.5,14.9,5.3,2.65,71.2,1.81,Medium
STU02729,Psychology,7,1.93,1.73,2.04,63.0,61.2,47.7,,48.7,53.6,50.6,60.2,76.5,54.9,10.4,3.9,5.5,2.76,73.7,1.95,Medium
STU02730,Electrical Engineering,2,2.88,3.0,3.04,89.1,84.5,90.2,0.23,34.5,88.4,70.9,75.0,46.0,90.8,8.5,19.6,10.5,3.07,80.5,3.02,Low
STU02731,Mathematics,5,1.19,1.59,1.61,60.7,66.4,83.0,0.78,73.1,56.9,62.2,59.4,66.9,76.4,11.5,8.4,4.1,2.67,71.5,1.15,High
STU02732,Economics,1,1.68,1.86,2.08,46.0,50.8,77.3,2.46,50.6,54.3,95.9,35.3,64.2,65.2,14.7,13.7,4.4,3.02,79.4,1.55,Medium
STU02733,Mathematics,2,1.86,1.66,1.64,31.5,30.0,32.8,3.67,48.4,17.6,43.3,31.2,19.0,36.9,9.5,3.3,1.8,2.67,71.5,1.87,High
STU02734,Biology,7,3.94,4.0,3.93,86.9,84.5,71.0,1.3,86.7,100.0,90.9,78.1,74.1,81.2,21.6,18.7,0.5,3.08,80.7,4.0,Low
STU02735,Computer Science,8,2.37,2.32,2.36,36.8,42.1,32.3,4.59,31.1,30.2,37.2,28.6,35.2,37.8,10.3,16.2,6.3,3.49,89.8,2.45,Medium
STU02736,Psychology,7,2.44,2.29,2.1,34.1,34.7,12.7,,36.6,33.3,58.6,33.5,34.3,29.8,11.3,6.9,4.7,2.76,73.7,2.66,Medium
STU02737,Economics,4,2.22,2.04,2.03,52.7,45.4,49.4,3.54,46.3,58.7,41.0,53.7,62.1,55.3,10.8,10.9,6.5,3.02,79.4,2.31,Medium
STU02738,Business Administration,4,3.26,3.14,2.89,74.5,77.3,97.3,3.95,96.3,63.1,89.6,77.0,68.9,63.9,18.6,12.7,0.4,3.26,84.6,3.52,Low
STU02739,Biology,5,2.33,2.37,2.27,70.0,72.3,52.8,0.2,53.5,60.5,54.1,50.9,55.4,56.2,19.6,6.2,8.9,3.08,80.7,2.5,Medium
STU02740,Psychology,6,3.88,3.89,3.47,86.8,84.1,97.2,0.0,91.0,100.0,100.0,100.0,90.6,91.3,25.1,10.6,2.1,2.76,73.7,4.0,Low
STU02741,Electrical Engineering,7,1.48,1.68,1.88,64.3,63.6,32.7,2.82,77.2,76.1,44.1,63.0,73.9,61.5,15.5,12.7,3.9,3.07,80.5,1.37,High
STU02742,Psychology,1,1.08,1.46,1.49,62.3,66.5,49.9,1.06,32.1,46.7,68.6,56.8,75.6,61.8,4.6,1.8,2.9,2.76,73.7,0.9,High
STU02743,Mechanical Engineering,8,1.87,2.02,2.31,46.0,46.2,70.5,2.43,61.9,67.2,53.8,86.1,54.6,17.7,14.4,14.2,0.9,2.65,71.2,1.89,Medium
STU02744,Mathematics,1,1.8,2.04,2.1,40.0,51.6,58.4,3.6,74.6,26.2,67.2,55.8,54.4,72.4,,13.8,8.8,2.67,71.5,1.77,High
STU02745,Business Administration,3,2.6,2.67,2.73,91.6,83.5,64.0,0.95,67.3,65.8,70.9,49.7,66.1,60.5,22.9,13.8,3.5,3.26,84.6,2.51,Medium
STU02746,Psychology,5,3.14,3.02,2.63,58.9,51.4,71.9,1.6,85.1,70.0,53.0,56.9,53.3,74.1,20.2,12.9,2.7,2.76,73.7,3.2,Low
STU02747,Business Administration,4,2.09,1.81,1.7,41.1,38.7,33.2,3.61,55.8,38.5,29.8,46.8,25.2,48.2,12.7,5.4,7.9,3.26,84.6,2.17,High
STU02748,Biology,7,2.39,2.36,2.4,70.0,78.8,94.5,2.37,74.9,72.8,73.6,80.4,74.6,78.0,13.4,11.9,2.5,3.08,80.7,2.27,Low
STU02749,Mechanical Engineering,5,1.62,1.75,1.57,52.3,53.5,47.1,2.66,59.2,46.0,36.4,59.7,52.2,31.9,10.8,10.8,5.9,2.65,71.2,1.66,Medium
STU02750,Mathematics,7,2.05,2.07,1.76,36.2,38.4,63.7,2.2,32.0,55.2,61.6,59.3,63.9,46.1,7.6,6.1,0.4,2.67,71.5,1.69,Medium
STU02751,Economics,6,2.48,2.44,2.53,45.7,54.3,39.0,5.98,44.7,70.2,69.0,43.7,53.0,47.9,23.0,2.8,6.4,3.02,79.4,2.4,Medium
STU02752,Business Administration,8,2.82,2.84,2.87,73.6,67.6,80.9,2.24,55.7,72.4,60.3,49.5,63.7,62.4,13.4,16.0,8.6,3.26,84.6,2.99,Low
STU02753,Business Administration,3,3.08,3.15,3.26,93.1,93.1,62.4,1.42,100.0,80.1,78.0,95.2,82.8,92.9,18.2,17.4,4.8,3.26,84.6,3.16,Low
STU02754,Computer Science,6,1.93,2.07,1.71,42.0,39.6,56.2,6.21,25.9,37.2,38.6,45.9,58.2,25.8,10.8,6.0,1.8,3.49,89.8,2.03,High
STU02755,Business Administration,4,3.46,3.5,3.61,85.6,77.1,52.4,3.73,80.5,65.7,64.2,72.3,80.7,59.7,7.5,18.3,6.5,3.26,84.6,3.36,Low
STU02756,Computer Science,4,2.41,2.25,2.15,47.3,47.0,43.3,1.87,59.7,40.0,44.9,66.4,42.2,49.0,14.0,3.0,4.7,3.49,89.8,2.5,Medium
STU02757,Psychology,4,2.13,2.58,2.76,57.8,60.6,65.1,0.97,58.6,68.2,65.2,72.7,53.5,61.4,16.0,8.1,5.4,2.76,73.7,2.0,Medium
STU02758,Biology,4,1.66,1.71,1.94,52.9,63.7,59.7,3.57,77.0,73.3,74.9,83.4,76.7,71.5,24.8,8.6,4.2,3.08,80.7,1.32,High
STU02759,Economics,6,2.34,2.19,2.68,71.5,81.1,76.7,2.69,77.5,75.3,76.3,63.7,85.8,89.0,24.8,13.5,3.8,3.02,79.4,2.34,Medium
STU02760,Economics,6,3.75,3.8,3.87,90.6,100.0,100.0,0.0,79.3,85.4,83.7,83.4,82.8,79.4,17.5,24.4,7.1,3.02,79.4,3.53,Low
STU02761,Mathematics,6,2.95,3.23,3.3,64.1,62.9,66.6,3.14,57.1,70.1,74.4,52.7,60.3,67.0,13.6,10.0,3.8,2.67,71.5,2.97,Low
STU02762,Mathematics,8,1.87,1.87,2.07,47.6,42.6,34.7,1.22,19.4,76.8,41.6,73.5,51.9,59.9,10.5,1.5,6.4,2.67,71.5,1.74,Medium
STU02763,Mathematics,3,2.6,2.7,2.8,36.3,45.6,82.6,3.0,85.2,81.1,83.3,71.7,71.5,87.3,18.0,13.4,8.5,2.67,71.5,2.53,Medium
STU02764,Mathematics,3,0.96,1.41,1.51,40.9,47.7,61.7,2.41,54.0,31.7,70.4,43.0,54.2,47.7,14.7,0.1,6.1,2.67,71.5,0.91,High
STU02765,Electrical Engineering,2,0.68,0.89,1.19,51.8,45.5,21.4,2.81,38.5,47.6,43.3,43.7,48.9,45.0,10.6,9.5,9.4,3.07,80.5,0.27,High
STU02766,Mechanical Engineering,8,1.74,1.84,1.9,60.3,62.5,36.6,0.85,67.4,52.8,48.4,64.4,58.9,40.0,21.8,14.4,,2.65,71.2,1.67,Medium
STU02767,Economics,8,2.88,3.03,3.41,67.0,71.0,68.3,0.29,60.3,87.6,50.2,69.3,92.6,85.6,11.8,6.1,1.7,3.02,79.4,2.73,Low
STU02768,Psychology,3,2.63,2.39,2.12,50.6,48.3,52.2,1.79,50.4,42.5,56.7,30.2,60.3,70.0,26.1,10.8,7.6,2.76,73.7,2.98,Low
STU02769,Mechanical Engineering,6,2.94,2.94,2.64,82.7,73.1,67.1,2.1,80.4,48.0,72.5,83.6,61.1,74.3,18.9,9.3,8.4,2.65,71.2,2.83,Low
STU02770,Psychology,2,2.77,2.96,3.25,71.0,60.1,56.1,0.15,81.5,68.2,80.0,54.9,65.7,53.0,20.5,11.1,4.7,2.76,73.7,2.81,Low
STU02771,Biology,4,1.79,1.87,1.82,49.9,57.9,25.9,3.86,59.1,24.1,52.1,49.8,74.8,38.5,12.1,8.4,3.4,3.08,80.7,1.67,High
STU02772,Economics,8,1.89,1.9,1.61,51.8,44.4,38.0,0.91,50.2,48.4,56.4,61.7,32.6,46.8,15.6,9.5,0.0,3.02,79.4,2.04,Medium
STU02773,Mechanical Engineering,4,3.04,3.3,3.3,78.1,78.0,83.6,1.38,93.3,83.0,82.8,96.6,77.2,85.3,27.4,12.8,7.6,2.65,71.2,2.83,Low
STU02774,Economics,6,1.86,1.78,1.84,43.5,46.7,54.4,0.34,62.4,65.6,50.0,69.3,71.1,61.0,8.7,2.9,8.3,3.02,79.4,1.87,High
STU02775,Computer Science,7,2.88,2.7,2.2,80.0,66.9,73.1,0.83,91.7,91.0,78.2,54.6,56.7,47.3,,7.2,5.1,3.49,89.8,3.29,Low
STU02776,Economics,3,2.28,2.27,2.11,46.3,43.3,51.3,2.97,35.4,19.3,73.2,47.0,38.7,46.7,8.2,8.0,7.4,3.02,79.4,2.4,Medium
STU02777,Mathematics,5,3.21,3.04,2.93,87.3,91.0,71.2,0.92,80.3,77.6,75.3,79.5,78.1,78.7,18.1,15.7,7.8,2.67,71.5,3.36,Low
STU02778,Mathematics,1,3.21,3.02,2.78,84.9,73.8,61.5,1.69,57.5,71.5,67.5,62.2,62.8,59.7,24.1,7.8,0.0,2.67,71.5,3.35,Low
STU02779,Business Administration,7,3.31,3.58,3.69,48.5,64.7,100.0,0.0,68.7,69.7,71.1,77.6,83.7,89.7,15.5,9.0,6.2,3.26,84.6,3.4,Low
STU02780,Mathematics,3,2.39,2.33,2.83,59.3,73.1,60.8,1.02,46.4,71.0,87.9,80.8,68.6,88.6,14.0,14.0,1.2,2.67,71.5,2.39,Medium
STU02781,Computer Science,3,3.38,3.3,3.27,46.9,53.7,82.6,1.66,67.2,65.9,57.1,61.6,70.4,63.1,26.8,13.4,4.5,3.49,89.8,3.4,Low
STU02782,Computer Science,2,1.87,1.49,1.45,62.5,63.2,53.6,1.99,36.7,40.7,42.2,47.1,25.4,28.7,9.2,8.9,5.6,3.49,89.8,1.72,High
STU02783,Mathematics,1,2.33,2.31,2.33,34.5,39.0,64.8,4.27,18.7,45.6,55.8,56.1,36.0,31.5,6.8,10.8,8.0,2.67,71.5,2.2,Medium
STU02784,Computer Science,8,1.82,2.25,2.58,62.2,61.1,72.8,0.0,64.8,56.6,86.2,55.6,71.5,65.6,19.0,18.5,7.1,3.49,89.8,1.79,Medium
STU02785,Psychology,8,2.25,2.15,2.18,55.8,56.7,61.3,3.24,39.3,50.6,31.6,68.1,52.0,32.1,10.3,12.1,4.1,2.76,73.7,2.15,Medium
STU02786,Biology,3,2.41,2.2,2.11,54.9,54.4,58.3,1.65,64.5,62.0,68.5,69.6,57.8,60.3,22.1,7.9,0.0,3.08,80.7,2.36,Medium
STU02787,Computer Science,8,2.8,2.89,2.89,79.4,79.3,63.2,2.17,74.9,75.0,62.4,78.3,75.9,73.3,19.0,13.6,3.8,3.49,89.8,2.7,Low
STU02788,Biology,5,2.96,2.51,1.86,35.6,30.0,53.7,3.09,48.7,42.7,49.5,43.9,46.4,42.1,13.3,7.1,0.7,3.08,80.7,3.33,Medium
STU02789,Computer Science,1,3.42,3.2,2.96,78.8,67.5,65.0,0.39,67.8,70.2,75.7,66.4,76.0,68.9,14.8,15.2,3.4,3.49,89.8,3.61,Low
STU02790,Economics,5,1.97,1.67,1.57,39.6,31.7,44.7,5.21,40.3,41.3,44.0,36.7,40.9,41.0,5.3,3.8,0.2,3.02,79.4,2.04,High
STU02791,Psychology,2,2.26,1.95,1.84,79.2,69.5,73.3,3.83,47.5,80.8,43.3,65.8,52.3,52.3,4.7,13.9,7.5,2.76,73.7,2.51,Medium
STU02792,Computer Science,8,2.64,2.62,2.87,72.4,60.7,58.6,1.09,73.9,68.7,68.1,77.6,72.1,72.4,25.2,17.4,2.7,3.49,89.8,2.48,Low
STU02793,Biology,6,3.66,3.52,3.4,66.1,72.3,95.5,0.0,91.4,79.7,79.1,87.4,83.8,69.8,27.4,16.7,3.9,3.08,80.7,3.83,Low
STU02794,Computer Science,3,2.69,2.42,2.24,64.4,55.1,70.1,1.56,74.2,76.1,83.3,76.9,57.5,60.0,23.4,10.9,4.9,3.49,89.8,2.92,Low
STU02795,Computer Science,3,3.5,3.46,3.5,85.2,93.5,87.3,1.04,95.1,82.5,92.3,100.0,97.5,100.0,22.5,22.9,2.6,3.49,89.8,3.52,Low
STU02796,Electrical Engineering,8,2.25,2.07,1.93,50.2,36.4,22.1,3.73,37.7,41.2,47.6,51.5,60.5,24.1,5.1,14.6,0.0,3.07,80.5,2.5,Medium
STU02797,Computer Science,1,2.5,2.43,2.24,46.9,55.4,42.5,3.54,54.4,36.0,25.1,54.2,72.1,43.0,11.0,13.4,8.5,3.49,89.8,2.49,Medium
STU02798,Electrical Engineering,3,3.51,3.5,3.79,100.0,100.0,95.2,0.0,84.0,90.3,90.6,80.2,83.6,80.5,12.4,10.9,4.3,3.07,80.5,3.16,Low
STU02799,Mathematics,3,2.1,1.96,2.03,53.1,45.0,41.6,1.13,25.8,45.6,62.2,27.5,56.5,65.3,20.5,12.6,5.9,2.67,71.5,1.97,Medium
STU02800,Computer Science,8,1.43,1.84,2.09,39.1,48.7,44.1,1.95,63.3,43.5,49.3,48.3,64.9,56.3,12.5,9.7,8.8,3.49,89.8,1.27,High
STU02801,Biology,7,3.69,3.73,3.74,75.8,74.8,57.2,2.58,66.0,74.1,72.2,84.8,71.1,82.2,10.3,10.9,7.1,3.08,80.7,3.65,Low
STU02802,Biology,6,3.61,3.59,3.5,91.5,100.0,99.3,0.8,48.6,73.1,100.0,83.2,75.6,93.9,22.0,16.4,4.2,3.08,80.7,3.52,Low
STU02803,Psychology,3,1.76,1.56,1.6,45.9,47.8,63.8,0.19,57.9,57.1,52.0,44.8,41.8,44.2,7.6,10.9,0.8,2.76,73.7,1.81,Medium
STU02804,Mechanical Engineering,1,2.9,2.72,2.27,75.5,69.0,66.2,2.07,64.1,81.2,35.6,60.5,69.9,64.4,17.5,9.4,8.6,2.65,71.2,3.08,Low
STU02805,Electrical Engineering,4,1.69,1.79,1.75,36.1,38.4,40.4,3.38,41.5,29.1,40.1,31.6,36.5,37.5,,9.2,5.8,3.07,80.5,1.47,High
STU02806,Electrical Engineering,6,3.21,2.73,2.64,46.1,46.8,10.0,2.44,35.3,46.6,53.5,52.6,47.5,43.0,13.3,14.6,2.1,3.07,80.5,3.15,Low
STU02807,Business Administration,2,1.73,1.89,1.74,85.6,80.3,35.0,4.22,68.9,60.2,30.5,33.1,87.8,60.5,21.7,8.4,2.3,3.26,84.6,1.82,Medium
STU02808,Electrical Engineering,4,4.0,4.0,3.54,73.8,80.6,100.0,0.0,98.9,100.0,91.9,92.5,98.1,82.7,16.4,17.7,8.5,3.07,80.5,4.0,Low
STU02809,Business Administration,3,3.03,2.88,2.77,40.4,40.7,52.9,2.46,60.3,59.4,62.0,82.0,62.4,50.8,7.6,8.4,3.6,3.26,84.6,3.04,Medium
STU02810,Mathematics,3,2.25,2.08,2.12,49.5,45.4,37.7,0.92,41.3,43.2,49.6,35.9,55.2,60.3,17.8,11.7,,2.67,71.5,2.33,Medium
STU02811,Psychology,7,3.65,3.68,4.0,68.0,80.2,77.8,0.38,80.9,79.3,80.0,72.1,78.8,70.7,16.9,21.3,7.8,2.76,73.7,3.48,Low
STU02812,Economics,8,3.34,3.1,3.13,62.8,67.7,63.5,3.87,54.8,68.5,57.4,58.3,62.4,79.4,13.1,15.1,4.5,3.02,79.4,3.25,Low
STU02813,Biology,1,1.82,2.16,2.26,78.1,81.3,76.4,2.93,84.7,100.0,100.0,59.9,77.8,97.3,13.1,12.6,4.1,3.08,80.7,1.79,Medium
STU02814,Biology,6,2.91,3.13,3.29,75.0,79.1,96.9,1.36,61.9,74.1,85.1,100.0,72.9,72.6,21.2,9.4,3.0,3.08,80.7,2.48,Low
STU02815,Economics,6,4.0,4.0,4.0,99.3,100.0,95.8,,100.0,96.5,77.4,96.4,100.0,96.6,20.7,22.2,6.2,3.02,79.4,3.97,Low
STU02816,Electrical Engineering,4,3.05,2.98,2.73,76.6,69.0,80.6,1.52,78.6,81.1,81.7,75.2,79.9,68.6,19.8,13.1,7.0,3.07,80.5,3.27,Low
STU02817,Mathematics,2,2.56,2.67,2.84,77.9,76.3,80.2,1.06,30.4,61.1,48.8,77.2,87.7,71.3,24.1,9.6,0.8,2.67,71.5,2.62,Medium
STU02818,Electrical Engineering,1,3.26,2.93,2.83,64.3,69.2,58.5,0.28,72.3,63.1,76.3,52.9,67.0,44.4,,14.0,7.4,3.07,80.5,3.47,Low
STU02819,Business Administration,1,1.89,1.87,1.95,48.5,48.9,45.0,0.06,44.6,39.4,55.6,44.9,43.9,57.1,22.6,6.1,0.3,3.26,84.6,1.98,Medium
STU02820,Psychology,1,2.16,2.43,2.7,46.9,52.1,60.5,2.0,73.0,65.3,63.0,64.6,69.5,43.7,16.3,1.8,4.9,2.76,73.7,1.98,Medium
STU02821,Mathematics,8,3.23,3.02,2.73,95.0,99.4,64.4,3.81,73.0,75.9,73.4,75.8,69.4,74.0,17.9,16.4,12.6,2.67,71.5,3.3,Low
STU02822,Computer Science,6,2.61,2.89,3.04,50.8,60.9,81.5,2.19,88.0,78.2,73.6,74.7,73.2,80.7,10.5,6.2,5.3,3.49,89.8,2.26,Low
STU02823,Electrical Engineering,1,2.93,2.54,2.37,56.5,53.9,51.9,3.51,51.5,54.0,52.4,59.1,60.7,61.5,19.2,13.8,0.5,3.07,80.5,3.02,Low
STU02824,Biology,2,4.0,4.0,3.95,80.4,88.0,97.1,,76.5,88.1,88.7,82.5,84.6,92.4,24.7,5.0,7.1,3.08,80.7,4.0,Low
STU02825,Electrical Engineering,8,2.52,2.66,2.93,67.1,67.1,72.4,2.92,59.4,67.6,68.4,52.7,72.2,76.1,10.1,11.7,9.0,3.07,80.5,2.47,Low
STU02826,Business Administration,2,0.74,0.84,1.23,23.7,30.0,32.8,0.75,45.6,36.0,45.2,42.9,48.0,24.2,10.2,7.9,0.1,3.26,84.6,0.59,High
STU02827,Computer Science,6,2.7,2.96,2.97,63.9,61.0,49.6,2.79,61.4,50.9,49.6,40.5,73.6,78.5,12.3,10.9,9.8,3.49,89.8,2.73,Medium
STU02828,Psychology,1,2.8,2.73,2.89,78.9,79.4,93.0,1.5,71.1,66.5,69.6,66.1,67.3,73.8,22.9,9.1,7.6,2.76,73.7,2.7,Low
STU02829,Mathematics,5,2.68,2.83,2.81,76.8,74.9,69.6,1.59,50.8,55.8,45.4,25.4,82.6,60.9,9.9,11.2,1.6,2.67,71.5,2.72,Medium
STU02830,Mathematics,2,3.2,3.41,3.57,79.2,74.8,87.3,0.55,100.0,69.6,54.0,66.3,85.5,51.1,20.6,16.5,0.3,2.67,71.5,3.04,Low
STU02831,Business Administration,6,2.8,2.84,2.78,67.4,70.8,86.2,0.0,71.2,75.3,70.7,65.2,71.1,73.8,17.7,16.9,1.1,3.26,84.6,2.81,Low
STU02832,Psychology,7,3.24,3.12,3.01,76.2,73.0,83.7,1.68,78.1,76.3,76.6,79.4,82.7,83.1,14.2,15.2,5.8,2.76,73.7,3.19,Low
STU02833,Economics,5,2.04,2.32,2.42,62.3,65.5,67.8,0.15,76.3,60.8,67.9,76.1,73.5,79.0,21.7,15.1,7.8,3.02,79.4,1.83,Medium
STU02834,Mechanical Engineering,2,2.52,2.62,2.67,93.9,84.1,74.0,0.0,79.6,75.9,80.5,73.7,79.3,79.8,11.8,13.7,5.0,2.65,71.2,2.47,Medium
STU02835,Mechanical Engineering,8,3.19,3.29,3.29,50.4,56.8,49.5,2.17,46.0,53.3,65.3,60.4,62.2,54.9,10.6,9.6,2.5,2.65,71.2,3.16,Low
STU02836,Biology,5,2.86,2.64,2.6,53.8,50.9,47.1,0.0,52.8,57.1,48.8,54.2,50.7,81.7,13.4,13.9,,3.08,80.7,2.88,Low
STU02837,Economics,4,1.58,1.92,2.04,67.5,72.7,57.4,,79.9,100.0,70.9,63.2,22.4,80.6,,16.7,7.4,3.02,79.4,1.32,Medium
STU02838,Electrical Engineering,7,2.0,2.07,2.16,26.9,34.5,25.5,2.13,36.5,48.3,59.5,55.0,41.6,56.0,3.4,12.1,2.8,3.07,80.5,1.96,High
STU02839,Economics,7,1.27,1.39,1.4,45.2,41.8,20.4,3.6,26.0,31.6,37.4,51.0,33.3,54.5,18.8,9.0,6.9,3.02,79.4,1.44,High
STU02840,Electrical Engineering,7,2.92,2.7,2.4,73.7,72.0,33.8,3.38,63.2,46.8,45.9,55.4,53.9,45.4,,10.1,5.2,3.07,80.5,2.95,Low
STU02841,Mathematics,4,2.69,2.59,2.59,65.9,68.6,46.5,5.68,34.0,10.4,64.9,72.9,57.7,66.6,16.6,10.7,7.9,2.67,71.5,2.73,Low
STU02842,Mechanical Engineering,4,2.51,2.52,2.62,58.6,56.2,92.4,2.34,72.7,76.8,74.9,78.7,73.7,73.6,17.4,13.0,2.8,2.65,71.2,2.64,Low
STU02843,Business Administration,2,1.27,1.19,1.02,37.8,30.0,10.0,,44.9,44.1,40.6,4.6,19.6,19.8,5.4,11.4,0.0,3.26,84.6,1.44,High
STU02844,Psychology,2,2.56,2.4,1.99,43.2,48.6,49.7,3.75,49.2,57.9,43.7,49.1,55.7,56.4,21.7,12.3,5.4,2.76,73.7,2.69,Medium
STU02845,Biology,4,2.56,2.83,2.82,58.3,60.5,86.6,1.48,55.9,91.4,76.7,89.8,66.2,69.0,,19.7,6.1,3.08,80.7,2.44,Medium
STU02846,Mechanical Engineering,7,3.05,2.81,2.81,100.0,100.0,69.4,0.0,67.8,90.4,75.8,74.6,83.5,99.3,15.7,14.3,7.4,2.65,71.2,3.23,Low
STU02847,Computer Science,6,3.21,2.98,2.64,52.6,63.0,49.8,3.76,59.3,76.7,64.6,70.0,70.9,48.7,8.9,12.0,7.1,3.49,89.8,3.47,Medium
STU02848,Mathematics,1,2.63,2.62,2.75,49.9,53.1,40.9,,66.0,53.4,53.2,55.8,48.5,68.3,17.9,12.4,11.9,2.67,71.5,2.75,Medium
STU02849,Electrical Engineering,5,1.42,1.08,1.18,39.0,42.3,55.0,2.52,53.4,51.2,47.0,55.1,54.6,54.2,13.2,6.9,5.2,3.07,80.5,1.24,High
STU02850,Biology,4,3.67,3.63,3.53,63.7,75.4,72.8,2.49,79.3,68.3,84.2,80.4,87.4,88.5,28.1,9.8,2.5,3.08,80.7,3.88,Low
STU02851,Computer Science,7,3.13,2.83,2.71,56.8,61.3,60.5,1.85,71.7,39.5,85.1,76.9,80.4,82.7,12.9,15.7,3.1,3.49,89.8,3.15,Low
STU02852,Economics,3,3.49,3.26,2.94,90.5,85.6,80.8,1.67,88.6,58.1,66.5,75.1,74.6,76.8,15.4,19.5,1.3,3.02,79.4,3.54,Low
STU02853,Psychology,7,2.05,1.96,1.69,72.4,65.1,52.4,3.08,62.0,56.8,56.5,60.6,63.1,52.6,13.9,10.1,2.1,2.76,73.7,2.1,Medium
STU02854,Computer Science,4,2.41,2.34,2.24,62.9,66.8,45.5,3.25,60.6,70.0,74.2,59.8,48.2,59.9,,10.2,4.9,3.49,89.8,2.54,Medium
STU02855,Psychology,4,4.0,3.99,3.97,69.5,73.8,69.1,0.0,57.2,100.0,80.8,98.6,56.9,71.1,19.0,15.9,0.0,2.76,73.7,3.93,Low
STU02856,Economics,1,2.21,2.75,3.01,59.4,63.1,100.0,0.0,92.8,79.4,69.3,72.5,77.5,90.4,17.7,13.0,5.9,3.02,79.4,1.79,Medium
STU02857,Computer Science,4,4.0,4.0,4.0,100.0,100.0,100.0,0.0,100.0,96.5,100.0,97.1,95.4,91.5,18.9,18.2,8.1,3.49,89.8,3.9,Low
STU02858,Mechanical Engineering,5,2.89,3.07,3.0,84.0,77.2,71.5,2.17,68.7,75.6,93.4,100.0,94.4,94.6,20.0,15.2,2.2,2.65,71.2,2.88,Low
STU02859,Electrical Engineering,7,2.35,2.58,2.51,63.6,70.3,43.1,1.15,62.9,60.2,74.4,48.7,69.2,78.6,,13.0,5.8,3.07,80.5,2.33,Medium
STU02860,Biology,5,2.01,1.91,1.9,78.5,72.4,51.1,3.16,56.7,52.3,38.3,40.5,73.8,62.5,15.8,7.6,8.6,3.08,80.7,2.05,Medium
STU02861,Biology,2,3.32,3.5,3.37,59.4,51.7,71.1,0.51,89.6,79.5,84.6,70.4,87.4,91.6,12.2,9.2,2.6,3.08,80.7,3.32,Low
STU02862,Psychology,3,2.24,2.82,2.7,64.1,69.9,74.4,3.35,68.7,72.3,100.0,57.1,71.2,53.4,16.6,16.0,6.8,2.76,73.7,2.09,Medium
STU02863,Mathematics,5,2.48,2.43,2.55,71.0,66.1,75.2,1.67,66.2,76.8,71.5,68.3,66.5,76.3,16.6,10.8,3.5,2.67,71.5,2.47,Low
STU02864,Mechanical Engineering,7,2.57,2.33,2.15,78.3,75.4,67.9,0.17,66.3,62.8,64.7,64.6,64.4,73.0,15.4,11.8,6.1,2.65,71.2,2.75,Low
STU02865,Economics,3,3.63,3.53,3.6,67.1,61.3,46.5,1.48,51.3,78.6,65.2,65.0,44.1,75.5,21.7,10.7,6.2,3.02,79.4,3.71,Low
STU02866,Psychology,7,2.89,2.69,2.64,86.8,91.8,79.6,1.82,76.5,76.2,76.3,77.4,73.6,66.2,28.2,11.5,2.9,2.76,73.7,2.98,Low
STU02867,Mechanical Engineering,5,3.7,4.0,4.0,82.5,77.9,91.7,2.75,100.0,100.0,79.1,100.0,76.3,96.7,23.0,12.9,0.0,2.65,71.2,3.66,Low
STU02868,Biology,6,3.68,3.62,3.49,46.6,53.3,71.6,2.57,82.5,59.8,49.2,89.0,64.0,93.2,9.9,10.8,0.0,3.08,80.7,3.84,Low
STU02869,Mathematics,6,1.3,1.68,1.76,33.6,46.4,58.2,0.0,41.1,54.2,51.8,48.8,45.5,43.7,17.8,8.6,0.0,2.67,71.5,1.13,High
STU02870,Mechanical Engineering,6,3.92,3.69,3.45,100.0,100.0,100.0,0.1,94.0,92.7,100.0,72.9,76.3,86.9,14.3,18.3,0.0,2.65,71.2,4.0,Low
STU02871,Biology,5,2.77,2.52,2.19,60.0,57.0,34.2,2.49,54.1,63.9,51.1,49.5,46.1,61.3,17.8,9.3,2.6,3.08,80.7,2.84,Low
STU02872,Mathematics,1,2.55,2.79,2.69,65.1,59.9,26.4,3.57,65.9,46.2,61.5,77.1,55.0,53.6,15.1,19.3,9.4,2.67,71.5,2.55,Medium
STU02873,Mechanical Engineering,3,3.32,3.21,3.27,86.2,70.4,62.4,2.76,64.4,82.9,67.4,71.3,76.3,62.7,,12.9,3.9,2.65,71.2,3.16,Low
STU02874,Computer Science,3,2.47,2.36,2.26,45.1,43.9,64.2,2.57,45.8,54.1,61.0,63.5,66.9,57.6,5.4,3.3,1.2,3.49,89.8,2.36,Medium
STU02875,Economics,2,3.37,3.06,2.88,74.2,62.4,47.7,2.51,82.2,74.2,87.6,79.8,100.0,88.2,16.9,7.0,2.4,3.02,79.4,3.45,Low
STU02876,Biology,3,3.26,3.1,2.64,57.2,46.1,69.8,0.0,50.2,55.2,57.1,86.2,68.7,56.8,12.1,5.1,8.2,3.08,80.7,3.52,Low
STU02877,Mechanical Engineering,1,3.72,3.61,3.45,75.8,81.5,86.4,2.77,76.6,79.3,83.7,75.2,63.8,68.5,,17.0,6.2,2.65,71.2,3.72,Low
STU02878,Biology,7,1.73,1.84,2.2,62.5,71.5,45.9,0.0,70.4,58.5,61.7,72.9,66.5,73.4,,15.6,4.9,3.08,80.7,1.73,Medium
STU02879,Economics,8,2.2,2.07,2.05,71.2,68.6,31.9,1.41,53.5,54.5,56.6,52.8,55.6,59.2,14.6,2.3,5.1,3.02,79.4,2.23,Medium
STU02880,Mechanical Engineering,4,1.79,1.62,1.41,35.7,35.0,32.3,2.76,16.5,40.1,37.7,37.3,43.0,27.4,17.3,3.8,4.5,2.65,71.2,2.01,Medium
STU02881,Biology,7,2.17,2.32,2.6,82.9,87.7,51.5,0.79,71.5,70.3,75.9,75.5,58.7,87.4,16.7,15.4,1.2,3.08,80.7,2.17,Medium
STU02882,Business Administration,5,3.54,3.62,3.35,93.0,98.6,72.4,0.0,100.0,88.2,96.8,92.6,77.2,100.0,25.6,25.6,5.7,3.26,84.6,3.63,Low
STU02883,Computer Science,2,0.98,1.17,1.11,29.8,30.0,54.2,4.45,49.6,48.5,45.2,53.2,31.8,39.4,7.9,10.0,4.2,3.49,89.8,0.95,High
STU02884,Mechanical Engineering,4,3.6,3.74,3.74,95.2,100.0,72.1,0.0,93.2,89.8,98.8,84.2,79.2,92.6,16.8,12.8,6.2,2.65,71.2,3.57,Low
STU02885,Biology,1,3.49,3.42,3.27,82.5,76.5,74.3,0.76,78.7,82.0,84.9,81.9,83.6,77.4,15.8,14.3,5.4,3.08,80.7,3.49,Low
STU02886,Business Administration,6,2.71,2.74,2.66,69.9,72.5,66.2,3.63,62.0,67.9,68.4,81.3,69.2,70.9,,10.4,6.3,3.26,84.6,2.56,Medium
STU02887,Economics,8,2.79,2.86,3.07,81.1,72.4,74.1,3.36,91.7,85.4,62.1,71.6,100.0,99.4,14.8,15.5,4.4,3.02,79.4,2.68,Low
STU02888,Economics,1,2.36,2.42,2.2,68.3,63.8,20.3,1.89,47.0,43.1,49.7,49.2,43.1,53.2,16.1,7.0,1.4,3.02,79.4,2.43,Medium
STU02889,Economics,5,1.13,1.25,1.49,44.6,52.4,27.4,4.93,25.5,64.9,48.6,49.0,56.2,31.1,7.8,3.9,12.1,3.02,79.4,1.17,High
STU02890,Biology,1,2.56,2.22,2.24,29.0,31.1,40.2,1.57,65.2,66.8,63.8,40.4,52.7,49.9,15.9,14.6,3.0,3.08,80.7,2.69,Medium
STU02891,Economics,2,2.77,2.74,2.94,88.5,78.9,59.4,1.58,67.1,72.9,59.3,65.8,71.2,74.6,19.2,17.6,0.4,3.02,79.4,2.63,Low
STU02892,Psychology,8,2.41,2.2,2.28,26.3,30.0,58.5,5.56,28.7,38.6,41.0,23.6,30.0,61.5,9.1,6.1,8.4,2.76,73.7,2.63,Medium
STU02893,Mechanical Engineering,7,2.78,2.74,2.49,36.7,43.3,42.9,3.29,46.1,46.0,48.3,51.8,52.3,45.3,,8.2,8.6,2.65,71.2,2.88,Medium
STU02894,Psychology,8,3.63,3.4,3.14,77.4,76.6,64.7,1.92,63.0,80.3,80.1,61.1,63.7,62.9,23.3,9.9,3.3,2.76,73.7,3.62,Low
STU02895,Economics,8,3.36,3.47,3.52,88.6,84.7,68.8,0.0,78.1,56.8,72.6,92.5,94.9,92.8,19.3,10.1,,3.02,79.4,3.13,Low
STU02896,Business Administration,7,3.48,3.36,3.09,64.9,62.4,72.1,2.32,57.9,70.4,62.4,59.8,68.2,73.9,26.1,17.9,4.9,3.26,84.6,3.67,Low
STU02897,Business Administration,8,2.19,2.41,2.46,70.6,79.9,61.3,2.18,85.6,77.9,86.6,75.2,78.0,82.9,17.3,12.4,3.8,3.26,84.6,2.23,Medium
STU02898,Mathematics,6,3.16,3.21,3.06,59.9,68.6,76.2,1.47,61.9,59.1,61.9,37.3,100.0,36.6,15.1,16.0,9.4,2.67,71.5,3.18,Low
STU02899,Psychology,5,2.48,2.62,2.76,70.0,68.5,86.1,2.8,46.5,27.6,50.3,56.8,68.0,73.1,9.8,6.2,9.1,2.76,73.7,2.44,Medium
STU02900,Mechanical Engineering,5,2.94,2.61,2.51,62.1,69.0,95.4,2.75,71.2,84.3,77.6,70.4,60.0,70.1,16.6,15.8,3.1,2.65,71.2,3.1,Low
STU02901,Business Administration,8,2.88,2.6,2.61,100.0,91.5,90.7,,48.6,64.2,76.6,60.5,48.3,42.8,16.8,6.5,5.0,3.26,84.6,2.89,Low
STU02902,Business Administration,1,2.31,2.45,2.3,35.2,35.9,86.3,3.81,41.8,45.1,55.5,69.9,40.7,80.1,7.0,13.8,5.2,3.26,84.6,2.1,Medium
STU02903,Economics,2,2.17,2.39,2.59,58.9,55.0,25.1,4.64,61.1,51.3,45.7,69.5,58.2,22.9,15.4,7.6,0.2,3.02,79.4,1.96,High
STU02904,Mathematics,5,3.0,3.03,3.16,55.8,61.6,81.0,0.0,85.2,68.4,70.7,74.6,79.3,63.9,,16.9,6.0,2.67,71.5,2.74,Low
STU02905,Computer Science,5,2.38,2.19,2.01,30.3,31.8,53.0,3.45,70.5,51.4,38.8,59.0,57.8,56.9,9.7,12.8,1.7,3.49,89.8,2.6,Medium
STU02906,Biology,3,2.68,2.36,2.32,59.2,63.3,37.7,0.64,64.5,55.6,59.2,76.4,61.0,72.9,16.9,5.8,7.6,3.08,80.7,2.69,Medium
STU02907,Computer Science,7,2.46,2.88,3.09,65.9,64.2,82.2,0.72,81.0,83.4,84.1,87.4,81.9,76.8,25.2,12.9,4.4,3.49,89.8,2.16,Low
STU02908,Electrical Engineering,5,3.36,3.5,3.45,74.5,72.0,72.5,3.78,72.3,95.6,95.6,100.0,92.6,80.9,31.8,17.9,9.4,3.07,80.5,3.11,Low
STU02909,Mechanical Engineering,5,3.55,3.39,3.48,80.4,78.5,100.0,2.91,70.8,76.1,85.9,76.2,82.0,75.6,22.4,14.5,4.9,2.65,71.2,3.63,Low
STU02910,Mathematics,1,3.98,3.81,3.4,96.8,89.6,64.4,4.66,71.2,73.0,73.8,71.7,76.4,76.0,15.1,8.9,7.3,2.67,71.5,4.0,Low
STU02911,Computer Science,7,3.09,2.91,2.77,91.6,91.5,82.7,0.0,83.6,69.6,53.1,78.1,71.5,78.3,19.4,6.6,7.0,3.49,89.8,3.09,Low
STU02912,Computer Science,7,3.65,3.08,2.89,82.4,81.6,90.9,2.22,80.7,85.0,88.6,82.3,89.1,90.7,24.1,15.8,3.0,3.49,89.8,3.74,Low
STU02913,Computer Science,8,2.92,3.05,3.23,50.8,58.0,65.9,0.15,63.1,85.1,75.2,34.0,73.0,81.4,10.5,14.5,14.0,3.49,89.8,2.8,Medium
STU02914,Mathematics,1,1.88,1.92,1.88,52.7,64.2,69.6,1.15,58.1,54.1,70.2,67.8,35.3,60.9,14.9,7.8,4.6,2.67,71.5,1.96,Medium
STU02915,Psychology,5,1.57,1.54,1.6,25.0,30.0,24.2,2.45,19.7,31.7,22.5,30.2,34.3,37.6,7.4,9.0,5.0,2.76,73.7,1.38,High
STU02916,Electrical Engineering,2,2.72,3.11,3.67,74.8,70.7,76.7,1.55,78.1,64.7,83.7,86.3,60.0,76.2,20.8,19.2,0.9,3.07,80.5,2.48,Medium
STU02917,Biology,8,2.49,2.44,2.59,87.6,92.0,61.1,0.58,65.2,65.7,70.8,77.9,64.0,62.2,18.6,14.6,9.6,3.08,80.7,2.27,Medium
STU02918,Computer Science,5,2.04,2.07,1.75,60.9,53.1,55.7,4.57,27.0,23.9,28.4,32.3,26.1,30.1,14.4,8.9,1.4,3.49,89.8,2.3,Medium
STU02919,Mathematics,6,2.11,2.0,1.91,45.8,36.0,35.7,2.4,40.5,37.5,28.3,42.0,43.1,41.6,12.3,9.5,5.5,2.67,71.5,2.23,Medium
STU02920,Business Administration,6,2.39,2.01,1.67,61.5,54.0,19.9,5.62,50.4,53.9,45.7,52.6,54.4,51.3,13.3,15.5,7.9,3.26,84.6,2.7,Medium
STU02921,Biology,5,2.78,2.84,2.87,86.8,77.1,47.2,1.29,57.7,68.7,64.7,65.0,63.6,60.1,,11.6,7.4,3.08,80.7,2.78,Low
STU02922,Business Administration,4,3.43,3.48,3.72,65.8,70.4,76.9,0.0,97.7,99.6,95.9,100.0,91.1,100.0,27.2,11.4,1.7,3.26,84.6,3.26,Low
STU02923,Economics,8,2.15,2.06,2.33,58.6,56.6,69.9,2.69,48.8,53.9,71.0,59.5,59.9,56.6,24.0,12.8,9.5,3.02,79.4,1.98,Medium
STU02924,Mechanical Engineering,7,2.4,2.5,2.3,72.6,61.8,79.4,3.97,57.6,28.1,44.5,59.6,49.3,50.2,19.7,10.2,12.1,2.65,71.2,2.53,Medium
STU02925,Mathematics,1,2.8,2.93,3.26,74.6,69.0,40.7,4.21,75.7,45.7,84.2,100.0,66.0,52.1,20.1,12.3,11.4,2.67,71.5,2.51,Low
STU02926,Psychology,1,3.57,3.49,3.2,60.0,61.6,76.4,1.12,77.9,88.4,70.7,63.2,79.6,70.1,18.6,13.7,9.5,2.76,73.7,3.85,Low
STU02927,Mechanical Engineering,5,1.88,2.09,2.74,86.1,86.0,63.8,2.16,64.2,59.7,68.4,62.9,64.4,68.2,19.5,4.8,7.3,2.65,71.2,1.57,Medium
STU02928,Biology,7,2.15,2.44,2.63,81.0,68.1,64.8,0.99,65.3,67.9,69.5,63.9,67.4,66.6,33.9,10.7,2.6,3.08,80.7,2.05,Medium
STU02929,Mechanical Engineering,8,2.3,2.14,2.44,29.8,32.0,52.9,1.43,78.6,53.8,43.0,21.0,60.7,59.5,21.4,7.6,7.3,2.65,71.2,2.1,Medium
STU02930,Biology,7,2.7,2.57,2.56,60.8,56.6,89.3,0.52,81.5,82.6,65.5,66.5,78.6,62.7,18.4,12.9,4.8,3.08,80.7,2.8,Medium
STU02931,Mechanical Engineering,5,2.89,2.94,3.0,59.9,61.5,74.8,0.0,74.3,66.7,69.3,68.4,67.2,81.7,29.0,10.6,3.6,2.65,71.2,2.69,Low
STU02932,Psychology,7,3.14,3.13,3.05,56.7,47.4,49.7,0.13,71.8,75.2,63.6,53.2,84.6,74.1,14.3,10.9,2.7,2.76,73.7,3.15,Low
STU02933,Computer Science,5,2.45,2.49,2.58,52.3,57.8,62.2,5.2,51.1,55.0,57.8,47.0,54.7,49.0,20.7,13.8,0.0,3.49,89.8,2.24,Medium
STU02934,Mechanical Engineering,2,2.55,2.6,2.46,42.9,41.3,38.5,1.53,60.5,62.1,62.2,63.0,63.0,58.9,14.5,11.6,7.9,2.65,71.2,2.58,Low
STU02935,Mechanical Engineering,3,2.32,2.28,2.26,56.3,57.3,32.9,0.57,40.3,53.6,44.7,49.8,62.3,40.9,,12.9,2.5,2.65,71.2,2.32,Medium
STU02936,Psychology,2,1.73,1.86,2.15,47.0,45.7,61.0,,65.9,69.0,99.5,28.4,59.2,87.5,,16.1,3.1,2.76,73.7,1.83,Medium
STU02937,Mathematics,4,4.0,4.0,3.98,100.0,100.0,100.0,2.57,98.6,100.0,100.0,97.5,99.6,85.3,21.5,23.1,5.0,2.67,71.5,4.0,Low
STU02938,Mechanical Engineering,7,2.62,2.45,2.75,49.1,52.9,38.8,2.06,77.5,61.0,40.6,61.7,55.4,57.4,17.6,8.9,9.0,2.65,71.2,2.46,Medium
STU02939,Mathematics,1,3.02,3.15,2.91,59.5,59.7,27.8,3.2,57.1,68.3,79.1,70.0,77.2,68.6,17.5,11.1,8.1,2.67,71.5,2.93,Medium
STU02940,Computer Science,5,2.82,2.83,2.83,49.1,56.2,72.7,0.31,74.0,73.6,71.6,70.5,57.8,77.4,18.2,14.9,4.9,3.49,89.8,2.69,Low
STU02941,Economics,2,2.24,2.08,1.94,49.4,51.0,42.5,,62.0,48.0,60.6,50.1,66.1,56.7,8.9,20.4,3.7,3.02,79.4,2.27,Medium
STU02942,Psychology,8,1.95,2.06,2.21,46.4,52.1,40.2,2.52,78.3,61.8,68.0,72.3,66.2,53.1,24.2,17.2,6.0,2.76,73.7,1.89,Medium
STU02943,Electrical Engineering,7,2.48,2.43,2.36,83.4,78.9,90.1,,55.1,93.9,77.0,74.4,61.7,65.5,15.7,7.3,4.1,3.07,80.5,2.59,Low
STU02944,Biology,5,1.1,0.85,0.5,27.3,30.0,10.0,5.59,8.7,0.0,24.6,18.6,18.2,13.7,,7.6,4.0,3.08,80.7,1.3,High
STU02945,Psychology,3,2.84,2.77,2.69,78.7,68.0,77.5,1.39,71.1,67.2,67.8,79.8,86.7,64.2,16.0,14.7,0.0,2.76,73.7,2.95,Low
STU02946,Computer Science,4,1.49,1.68,2.01,68.1,74.9,52.5,3.11,60.2,59.1,63.2,57.9,54.3,56.4,23.8,11.1,1.1,3.49,89.8,1.29,Medium
STU02947,Mechanical Engineering,5,3.92,3.89,3.99,78.5,82.2,93.1,0.0,74.7,100.0,99.0,86.1,86.0,75.4,17.6,21.1,3.9,2.65,71.2,3.75,Low
STU02948,Mathematics,3,2.48,2.1,2.23,89.5,69.0,61.2,1.95,77.8,63.9,51.6,78.8,87.7,49.6,14.3,11.8,2.1,2.67,71.5,2.42,Low
STU02949,Business Administration,3,1.68,1.41,1.41,53.9,53.0,11.6,,52.2,56.6,57.0,55.4,62.4,56.1,20.1,6.5,2.9,3.26,84.6,1.6,High
STU02950,Computer Science,7,2.95,2.71,2.51,67.3,70.5,52.2,0.87,61.0,58.3,73.9,100.0,57.2,78.8,22.5,9.3,5.6,3.49,89.8,2.93,Low
STU02951,Electrical Engineering,3,2.78,3.1,3.44,70.8,79.1,64.6,0.0,97.6,87.8,76.2,81.5,82.0,86.8,,12.8,4.3,3.07,80.5,2.23,Low
STU02952,Computer Science,4,2.39,2.67,2.73,58.3,74.5,18.9,0.0,77.8,64.6,61.0,93.3,84.6,69.7,19.1,16.3,8.6,3.49,89.8,2.3,Medium
STU02953,Psychology,7,3.69,4.0,3.83,46.6,41.8,70.5,0.6,88.3,96.2,75.1,82.9,71.6,84.4,25.7,15.3,4.6,2.76,73.7,3.59,Low
STU02954,Biology,1,1.91,1.99,1.98,46.4,35.4,82.6,2.27,56.5,62.9,48.4,50.9,57.6,68.4,12.7,15.9,5.9,3.08,80.7,1.84,Medium
STU02955,Mathematics,3,4.0,3.93,3.67,61.4,54.9,98.0,1.43,76.6,72.1,77.5,78.4,78.1,79.9,20.6,16.6,8.9,2.67,71.5,4.0,Low
STU02956,Economics,6,2.56,2.59,2.68,65.3,61.3,35.9,1.41,89.2,79.4,36.8,39.0,74.6,44.0,14.5,3.7,,3.02,79.4,2.48,Medium
STU02957,Biology,6,3.11,2.81,2.63,73.7,61.1,82.8,1.24,84.8,51.8,67.0,82.0,85.7,100.0,25.1,10.6,10.3,3.08,80.7,3.42,Low
STU02958,Mechanical Engineering,2,3.3,3.18,3.16,83.2,86.7,88.2,2.91,80.9,59.8,75.4,65.3,92.2,99.4,20.5,16.5,9.1,2.65,71.2,3.25,Low
STU02959,Computer Science,5,2.05,2.29,2.36,61.4,62.7,51.5,4.61,70.9,51.8,82.0,70.1,55.9,84.4,24.4,12.0,3.3,3.49,89.8,2.0,Medium
STU02960,Biology,1,2.1,2.03,1.94,39.9,41.3,43.0,5.07,37.6,41.2,47.2,43.0,41.6,44.9,,5.4,4.0,3.08,80.7,1.91,Medium
STU02961,Biology,1,3.43,3.21,3.12,72.9,68.3,59.9,0.54,96.3,90.6,83.1,87.0,86.4,85.8,29.2,20.4,9.6,3.08,80.7,3.48,Low
STU02962,Electrical Engineering,7,0.96,1.17,1.2,37.5,41.5,32.1,4.3,33.0,42.9,40.1,41.2,40.4,32.6,11.3,2.2,2.3,3.07,80.5,0.86,High
STU02963,Computer Science,5,2.98,3.29,3.79,92.9,90.5,75.4,1.36,53.9,96.9,65.3,90.8,78.5,70.5,25.4,7.7,10.4,3.49,89.8,2.76,Low
STU02964,Economics,4,0.93,1.19,1.94,60.3,53.4,41.8,0.1,67.6,61.4,59.6,69.8,68.7,53.2,21.5,15.9,7.2,3.02,79.4,0.72,High
STU02965,Mathematics,7,2.81,2.94,2.56,66.6,71.6,67.2,3.56,57.2,64.9,70.1,65.9,50.8,66.4,20.2,10.9,6.5,2.67,71.5,2.64,Low
STU02966,Psychology,4,3.77,3.41,3.28,93.0,93.2,87.3,0.0,74.3,100.0,73.8,84.6,100.0,95.4,19.0,11.4,1.6,2.76,73.7,4.0,Low
STU02967,Mechanical Engineering,1,2.46,2.63,2.84,63.0,63.5,69.8,0.73,57.3,49.4,53.0,64.0,64.2,40.5,14.4,5.7,6.2,2.65,71.2,2.22,Medium
STU02968,Electrical Engineering,8,2.77,2.86,2.94,63.0,59.3,61.0,2.79,66.7,62.9,65.9,64.4,65.9,63.4,24.0,11.7,4.6,3.07,80.5,2.85,Low
STU02969,Psychology,1,4.0,3.93,4.0,99.6,100.0,98.3,4.13,94.0,91.8,90.0,94.1,95.5,95.0,12.5,17.2,8.2,2.76,73.7,3.8,Low
STU02970,Business Administration,3,2.56,2.36,2.38,69.3,59.4,67.4,1.23,70.6,68.5,70.1,75.7,61.6,71.2,7.7,13.4,0.5,3.26,84.6,2.71,Low
STU02971,Economics,2,3.86,3.75,3.71,69.8,69.5,58.8,1.05,71.8,68.7,79.2,69.1,80.4,100.0,16.9,7.1,11.3,3.02,79.4,3.88,Low
STU02972,Biology,6,1.39,1.65,2.02,57.9,64.3,74.7,4.0,71.1,52.7,54.2,59.2,67.7,59.3,4.1,12.2,5.7,3.08,80.7,1.0,High
STU02973,Electrical Engineering,3,0.52,0.53,0.51,20.8,30.0,41.2,2.13,47.0,26.0,10.5,39.4,0.0,27.5,6.0,1.4,5.6,3.07,80.5,0.3,High
STU02974,Computer Science,4,2.45,2.58,2.68,89.5,100.0,47.8,0.43,73.1,83.3,58.2,75.8,69.2,86.7,20.0,10.3,0.5,3.49,89.8,2.41,Low
STU02975,Mathematics,2,2.69,2.42,2.62,44.4,53.4,86.0,2.81,56.8,79.3,60.1,55.5,100.0,63.5,9.8,10.9,4.2,2.67,71.5,2.67,Medium
STU02976,Mathematics,6,3.51,3.2,2.99,75.0,68.4,66.1,3.86,100.0,71.8,67.7,83.8,61.9,56.2,10.6,18.0,8.7,2.67,71.5,3.6,Low
STU02977,Electrical Engineering,5,3.04,3.36,3.45,97.5,92.5,100.0,0.0,89.4,87.1,88.9,85.0,90.0,88.2,17.8,14.7,8.9,3.07,80.5,2.97,Low
STU02978,Psychology,6,2.91,2.6,2.49,75.2,71.2,84.2,0.35,63.1,75.5,47.4,72.4,38.8,51.5,12.7,5.5,2.6,2.76,73.7,3.17,Low
STU02979,Mechanical Engineering,5,2.53,2.93,2.86,87.6,93.0,76.3,0.75,69.2,82.0,74.3,75.6,81.5,70.9,12.8,9.1,3.8,2.65,71.2,2.69,Low
STU02980,Electrical Engineering,1,3.22,2.92,2.93,88.4,80.4,60.7,0.0,84.1,78.2,79.3,83.3,79.0,80.3,26.9,13.0,0.3,3.07,80.5,3.44,Low
STU02981,Computer Science,2,2.71,2.56,2.53,80.8,89.2,70.1,1.59,64.5,67.2,73.1,67.9,58.0,92.9,16.4,10.9,4.0,3.49,89.8,2.74,Low
STU02982,Psychology,6,1.23,1.24,1.25,27.7,30.0,22.9,5.92,30.6,23.5,31.3,30.1,35.6,19.1,13.8,5.1,0.0,2.76,73.7,1.29,High
STU02983,Mathematics,3,0.35,0.47,0.5,27.6,30.0,10.0,2.21,15.3,15.3,15.1,15.4,18.4,12.1,2.4,9.9,8.8,2.67,71.5,0.55,High
STU02984,Electrical Engineering,5,3.53,3.43,3.6,69.1,72.8,42.2,1.53,78.2,67.1,68.8,72.7,76.1,73.1,15.0,9.8,12.3,3.07,80.5,3.29,Low
STU02985,Economics,5,3.7,3.65,3.48,100.0,100.0,75.9,,76.6,75.2,78.8,100.0,75.7,100.0,19.0,18.9,1.8,3.02,79.4,3.57,Low
STU02986,Business Administration,5,2.73,2.62,2.61,52.0,60.5,85.8,0.83,70.2,56.0,70.0,56.5,51.0,70.0,,7.5,,3.26,84.6,2.75,Low
STU02987,Business Administration,2,2.41,2.4,2.62,51.9,55.0,59.3,1.71,57.5,58.3,61.4,51.1,78.3,66.7,13.0,13.3,6.1,3.26,84.6,2.33,Medium
STU02988,Mechanical Engineering,8,2.41,2.42,2.23,60.7,63.9,33.0,0.0,78.3,61.2,46.8,66.7,59.2,61.2,21.9,16.3,4.5,2.65,71.2,2.61,Medium
STU02989,Biology,8,2.94,2.77,2.53,81.2,63.2,34.6,1.87,60.0,68.7,61.3,48.1,76.2,47.8,11.1,6.5,1.9,3.08,80.7,3.14,Low
STU02990,Electrical Engineering,6,3.01,2.63,2.4,56.5,46.4,47.0,1.22,66.9,57.3,59.2,64.8,63.8,55.8,9.3,8.2,4.3,3.07,80.5,3.33,Low
STU02991,Electrical Engineering,5,3.92,4.0,4.0,83.1,91.3,99.7,2.8,86.2,82.0,91.2,97.3,91.7,91.0,14.4,18.0,3.3,3.07,80.5,4.0,Low
STU02992,Biology,6,1.6,1.28,1.6,52.0,46.0,27.6,1.74,59.2,35.8,55.5,49.7,52.3,34.3,12.3,2.0,1.7,3.08,80.7,1.63,High
STU02993,Economics,8,2.66,2.37,2.2,35.3,30.0,70.8,3.56,49.5,46.4,50.3,54.9,49.6,52.1,12.3,4.7,4.7,3.02,79.4,2.89,Medium
STU02994,Computer Science,5,3.48,3.6,3.84,83.7,78.7,81.2,1.16,93.1,85.4,94.1,97.3,100.0,87.2,26.6,7.8,11.4,3.49,89.8,3.46,Low
STU02995,Mechanical Engineering,6,1.67,2.05,2.33,57.6,64.3,51.6,0.56,53.4,61.7,69.9,77.1,58.6,65.9,15.0,9.7,0.0,2.65,71.2,1.36,Medium
STU02996,Electrical Engineering,5,2.18,2.7,2.9,99.1,100.0,73.5,0.0,86.7,82.6,80.7,76.3,83.4,91.6,17.0,16.1,5.7,3.07,80.5,2.06,Low
STU02997,Mechanical Engineering,3,3.75,3.28,3.13,71.7,73.3,40.5,2.75,49.4,65.4,56.2,75.3,59.7,71.5,25.7,11.9,2.0,2.65,71.2,3.96,Low
STU02998,Business Administration,6,3.74,3.28,3.33,45.4,44.0,87.3,3.62,77.7,73.1,72.7,76.1,69.8,67.4,11.1,12.0,3.5,3.26,84.6,3.87,Low
STU02999,Psychology,2,2.74,2.78,2.45,73.0,80.4,67.0,2.17,46.4,69.5,55.4,84.7,62.2,68.9,11.6,6.8,1.5,2.76,73.7,2.75,Low
STU03000,Psychology,6,3.7,3.26,3.27,93.5,85.9,97.9,1.57,87.3,90.9,86.4,97.3,78.7,78.1,20.2,13.4,0.0,2.76,73.7,3.58,Low
STU03001,Psychology,7,2.96,2.99,2.72,68.8,68.7,71.2,0.84,34.9,73.6,89.1,100.0,65.5,64.3,21.5,19.2,1.3,2.76,73.7,3.25,Low
STU03002,Electrical Engineering,3,1.93,1.9,1.88,66.7,68.1,50.9,0.0,54.9,63.3,55.1,54.7,54.4,56.8,16.5,9.1,8.8,3.07,80.5,2.0,Medium
STU03003,Psychology,3,2.19,2.28,2.45,81.3,88.3,46.4,0.93,66.9,58.9,67.0,67.8,66.9,72.6,13.9,9.6,4.7,2.76,73.7,2.14,Low
STU03004,Electrical Engineering,2,3.32,2.99,2.9,38.2,40.4,55.3,3.13,46.9,89.0,71.7,32.6,71.2,71.1,14.3,14.6,6.1,3.07,80.5,3.48,Low
STU03005,Business Administration,8,2.27,2.44,2.64,38.4,41.2,68.4,3.93,62.7,56.8,64.0,59.9,53.6,55.1,8.8,9.1,7.8,3.26,84.6,2.14,Medium
STU03006,Economics,2,1.73,1.94,1.93,56.5,57.9,64.4,,78.9,77.9,68.0,61.2,69.8,67.3,13.6,5.7,3.4,3.02,79.4,1.74,Medium
STU03007,Psychology,1,1.51,1.69,2.03,30.0,31.3,37.9,2.99,48.7,63.4,48.7,44.0,66.3,53.5,10.7,6.2,1.6,2.76,73.7,1.44,High
STU03008,Electrical Engineering,5,2.12,2.04,2.03,66.2,60.1,71.1,2.82,58.3,63.0,63.5,60.0,67.9,68.0,19.9,10.0,6.0,3.07,80.5,2.18,Medium
STU03009,Mathematics,5,3.31,3.15,2.85,92.1,83.0,54.4,0.0,87.8,95.5,70.4,77.3,82.4,72.8,17.9,20.5,1.9,2.67,71.5,3.48,Low
STU03010,Psychology,2,2.55,2.65,2.82,92.5,86.2,59.7,0.28,65.4,75.1,70.3,70.6,57.1,59.0,14.9,9.3,3.3,2.76,73.7,2.34,Medium
STU03011,Economics,6,1.66,1.69,1.89,67.9,60.3,63.4,1.74,63.6,82.9,79.7,44.0,77.4,80.0,6.3,11.0,6.6,3.02,79.4,1.51,Medium
STU03012,Mechanical Engineering,5,2.27,2.13,2.06,44.1,51.9,38.1,3.31,51.1,56.1,48.5,54.7,50.1,49.1,11.8,17.0,14.1,2.65,71.2,2.28,Medium
STU03013,Economics,4,2.93,3.18,3.27,57.2,65.0,51.8,0.72,41.0,89.0,74.4,100.0,81.0,38.0,26.0,12.3,0.0,3.02,79.4,2.83,Low
STU03014,Economics,1,0.6,1.04,1.35,33.4,35.4,54.8,3.45,50.4,39.6,30.8,64.7,58.2,42.3,8.9,18.1,2.3,3.02,79.4,0.3,High
STU03015,Business Administration,1,3.19,3.03,3.03,100.0,100.0,68.6,1.74,77.3,79.0,87.5,80.3,87.9,73.5,,11.6,0.0,3.26,84.6,3.11,Low
STU03016,Biology,2,2.86,2.72,2.83,61.3,70.6,56.8,,66.1,85.3,61.4,72.0,89.8,71.2,12.2,2.9,6.2,3.08,80.7,2.93,Medium
STU03017,Mathematics,6,3.67,3.77,4.0,79.5,86.9,89.0,0.87,65.7,73.9,78.7,73.2,73.6,76.6,20.3,19.4,6.3,2.67,71.5,3.56,Low
STU03018,Mathematics,2,0.85,0.82,0.87,41.1,30.0,23.3,2.95,31.3,25.4,17.0,16.8,21.6,37.1,8.2,4.9,3.4,2.67,71.5,0.85,High
STU03019,Psychology,5,2.46,2.56,2.48,58.8,59.0,88.7,1.03,58.3,57.0,76.1,57.7,71.0,58.8,2.8,13.5,,2.76,73.7,2.31,Medium
STU03020,Mechanical Engineering,2,4.0,4.0,3.88,100.0,100.0,97.1,1.78,95.9,89.5,90.2,94.5,89.4,92.9,19.6,11.4,5.7,2.65,71.2,3.88,Low
STU03021,Economics,8,3.29,2.97,2.7,58.4,51.3,82.9,0.48,73.2,62.3,69.3,59.6,64.8,72.3,,13.8,0.8,3.02,79.4,3.55,Low
STU03022,Mathematics,6,1.86,1.77,1.6,40.4,38.0,24.0,3.11,56.2,57.2,32.8,47.1,52.0,39.3,11.5,9.6,4.3,2.67,71.5,2.12,Medium
STU03023,Mechanical Engineering,6,2.72,2.46,2.3,36.5,38.5,70.5,4.24,64.9,50.8,55.5,37.6,50.3,54.4,15.8,10.0,5.4,2.65,71.2,2.88,Low
STU03024,Mechanical Engineering,5,3.73,3.6,3.52,100.0,100.0,100.0,0.0,88.6,98.8,94.1,97.6,97.4,92.8,18.8,21.2,,2.65,71.2,3.69,Low
STU03025,Biology,8,2.21,2.4,2.72,51.8,53.9,58.3,,60.7,52.3,53.1,65.0,65.5,58.2,16.9,12.8,1.7,3.08,80.7,2.01,Medium
STU03026,Economics,3,1.44,1.62,2.06,38.3,44.8,49.8,1.88,38.2,69.8,67.7,47.3,44.6,45.1,12.8,7.6,7.2,3.02,79.4,1.35,High
STU03027,Mechanical Engineering,3,3.38,3.39,3.38,99.4,100.0,100.0,0.0,79.3,91.8,77.3,74.8,86.3,88.4,19.8,22.1,5.1,2.65,71.2,3.65,Low
STU03028,Computer Science,4,2.62,2.27,2.31,72.1,70.9,55.9,2.56,67.9,66.0,76.2,67.7,63.8,58.2,8.9,5.0,7.3,3.49,89.8,2.71,Medium
STU03029,Mathematics,5,2.16,2.66,2.93,80.3,79.4,98.8,0.45,76.7,69.6,78.7,53.4,79.9,87.5,26.7,17.1,0.0,2.67,71.5,2.1,Medium
STU03030,Mathematics,2,1.99,1.87,1.96,48.3,45.1,66.0,3.13,50.3,52.0,53.8,59.3,63.1,51.2,3.1,12.8,4.2,2.67,71.5,2.08,Medium
STU03031,Mathematics,8,3.86,3.72,3.87,92.6,90.7,85.0,0.0,82.6,77.4,72.7,82.2,81.0,90.0,19.1,15.0,6.0,2.67,71.5,3.74,Low
STU03032,Economics,5,4.0,4.0,4.0,92.5,100.0,100.0,2.05,100.0,100.0,100.0,100.0,100.0,100.0,25.8,17.3,5.6,3.02,79.4,3.89,Low
STU03033,Electrical Engineering,6,1.96,1.88,2.07,41.8,53.4,68.5,2.48,48.3,57.2,51.4,43.1,55.6,54.3,19.4,12.3,6.4,3.07,80.5,2.03,Medium
STU03034,Mathematics,1,3.03,3.02,2.98,51.8,57.4,57.5,2.42,59.7,59.9,63.4,68.2,63.1,57.3,11.3,14.1,7.3,2.67,71.5,3.04,Low
STU03035,Business Administration,8,2.86,2.65,2.49,84.7,78.7,51.2,,81.0,77.9,58.5,60.8,76.1,97.1,7.0,9.3,3.8,3.26,84.6,3.02,Medium
STU03036,Computer Science,4,1.87,1.98,2.15,59.5,50.7,29.4,0.54,54.1,61.4,58.2,42.3,27.3,47.9,13.2,9.9,0.0,3.49,89.8,2.08,High
STU03037,Computer Science,1,1.45,1.85,1.93,58.3,53.1,66.5,3.31,59.7,46.2,51.1,53.4,54.2,54.0,18.4,10.8,5.2,3.49,89.8,1.33,High
STU03038,Electrical Engineering,5,3.39,3.36,3.09,84.6,81.7,65.3,,70.5,71.7,88.4,56.8,70.4,77.6,22.7,15.6,1.7,3.07,80.5,3.58,Low
STU03039,Mathematics,5,1.49,1.17,1.05,57.4,52.1,57.8,3.93,48.9,38.8,45.3,45.1,40.9,44.8,5.2,7.0,6.3,2.67,71.5,1.51,High
STU03040,Biology,3,2.5,2.38,2.38,57.9,68.0,52.4,1.23,56.9,38.1,80.6,71.0,54.4,61.6,13.7,12.8,3.5,3.08,80.7,2.59,Medium
STU03041,Business Administration,2,2.09,2.02,2.13,42.7,44.5,42.6,3.21,43.4,27.3,26.9,30.3,46.5,37.0,24.4,9.9,9.7,3.26,84.6,2.13,High
STU03042,Biology,5,2.5,2.33,2.21,65.3,61.8,66.3,1.79,60.7,55.0,67.4,65.4,70.8,70.9,24.5,3.7,4.6,3.08,80.7,2.65,Low
STU03043,Mathematics,8,1.77,1.74,1.8,52.7,59.9,53.9,3.06,46.8,53.5,53.7,46.2,50.6,45.2,12.7,11.2,2.1,2.67,71.5,1.8,High
STU03044,Computer Science,5,0.63,0.98,1.35,20.0,30.0,34.6,2.05,58.6,21.2,42.2,39.1,40.3,48.9,18.8,11.1,7.2,3.49,89.8,0.36,High
STU03045,Computer Science,7,3.74,3.37,3.39,76.2,72.0,59.1,4.07,64.3,74.7,65.4,60.7,58.6,75.0,6.5,16.6,1.1,3.49,89.8,3.71,Low
STU03046,Biology,2,0.46,0.97,1.32,44.9,42.7,42.4,1.28,35.3,52.5,57.4,38.3,59.0,50.3,11.3,9.8,0.3,3.08,80.7,0.1,High
STU03047,Mathematics,8,3.91,3.84,3.56,68.0,75.5,77.8,0.0,58.4,76.7,82.3,99.7,93.4,90.3,31.4,8.0,4.8,2.67,71.5,3.96,Low
STU03048,Psychology,6,2.67,2.46,2.33,68.1,61.9,37.6,0.76,63.4,74.3,51.2,54.7,29.0,39.8,13.8,13.0,,2.76,73.7,2.67,Low
STU03049,Electrical Engineering,7,2.17,2.22,2.53,86.9,89.7,51.3,1.06,83.9,57.7,81.9,81.6,91.5,66.5,16.9,13.3,7.6,3.07,80.5,2.12,Medium
STU03050,Electrical Engineering,7,3.5,3.58,3.44,98.1,94.1,100.0,0.57,99.9,90.8,84.9,95.6,58.4,68.5,23.7,15.1,0.0,3.07,80.5,3.47,Low
STU03051,Biology,8,1.2,1.35,1.29,59.4,54.3,43.0,4.65,48.3,53.3,59.8,52.0,42.6,50.5,7.0,7.9,4.9,3.08,80.7,1.04,High
STU03052,Biology,2,2.86,2.66,2.61,65.2,67.3,68.4,4.14,81.2,92.7,82.2,100.0,47.6,96.2,15.9,11.0,2.9,3.08,80.7,3.03,Low
STU03053,Computer Science,1,2.03,2.38,2.2,27.1,35.4,70.1,0.0,72.1,75.6,58.6,68.4,71.0,65.0,19.4,13.5,6.4,3.49,89.8,1.74,Medium
STU03054,Mechanical Engineering,7,2.62,2.86,2.73,42.9,49.5,45.1,1.58,77.5,62.3,40.0,70.9,59.3,61.1,10.3,15.2,6.9,2.65,71.2,2.58,Medium
STU03055,Economics,3,1.57,1.66,1.45,63.3,60.9,18.3,3.01,32.5,57.6,62.4,47.8,51.8,44.7,18.4,10.3,3.4,3.02,79.4,1.59,High
STU03056,Biology,4,3.67,3.48,3.46,75.4,82.0,76.3,1.17,80.7,76.9,71.2,62.2,78.6,67.1,16.3,13.5,3.6,3.08,80.7,3.69,Low
STU03057,Economics,2,2.53,2.43,2.25,85.1,81.8,84.5,1.57,72.8,50.7,30.9,53.8,61.7,77.5,15.2,7.4,3.0,3.02,79.4,2.69,Low
STU03058,Mathematics,1,3.48,3.29,3.49,68.5,73.7,100.0,0.89,85.0,82.2,57.7,84.9,73.7,87.3,14.7,15.2,3.9,2.67,71.5,3.48,Low
STU03059,Psychology,3,2.81,2.56,2.29,60.9,61.4,43.1,2.86,98.3,70.3,84.8,56.3,32.2,63.6,20.2,15.4,0.0,2.76,73.7,2.78,Low
STU03060,Computer Science,8,2.18,2.09,2.27,47.2,44.2,63.6,1.84,82.9,36.1,37.5,80.4,78.6,74.5,11.0,16.9,,3.49,89.8,2.26,Medium
STU03061,Economics,8,3.38,3.3,3.21,37.8,51.5,71.1,2.59,67.7,79.6,81.5,50.9,88.5,78.4,11.7,9.2,1.3,3.02,79.4,3.41,Low
STU03062,Mechanical Engineering,1,0.83,0.63,0.58,42.2,38.1,53.9,2.16,14.5,7.5,34.3,25.3,14.3,26.5,3.0,5.3,5.2,2.65,71.2,0.81,High
STU03063,Psychology,5,3.51,3.1,2.81,82.5,76.4,39.5,0.17,66.4,57.9,59.5,58.1,62.2,55.4,,10.2,4.8,2.76,73.7,3.55,Low
STU03064,Mechanical Engineering,7,4.0,3.65,3.22,100.0,100.0,90.3,3.25,84.5,89.2,87.3,81.3,84.4,79.9,15.5,20.1,3.7,2.65,71.2,4.0,Low
STU03065,Business Administration,3,1.67,1.97,1.93,72.2,75.1,49.6,1.17,73.9,66.7,85.5,34.6,38.6,53.4,8.2,17.2,5.7,3.26,84.6,1.78,Medium
STU03066,Computer Science,3,3.33,3.11,3.03,61.2,60.3,51.7,0.0,100.0,60.3,71.7,74.2,82.3,68.0,,11.2,5.1,3.49,89.8,3.43,Low
STU03067,Electrical Engineering,1,2.98,2.75,2.72,86.7,77.9,85.9,4.57,88.2,72.1,76.1,75.4,90.0,85.4,17.7,22.5,3.7,3.07,80.5,3.2,Low
STU03068,Psychology,7,2.78,2.81,2.75,70.8,77.8,100.0,0.0,77.8,58.5,60.2,76.8,62.9,63.0,17.4,13.0,1.5,2.76,73.7,2.68,Low
STU03069,Mechanical Engineering,7,1.32,1.22,1.09,33.4,30.0,10.0,7.58,40.8,22.4,31.0,20.6,26.6,10.2,15.7,2.7,2.2,2.65,71.2,1.61,High
STU03070,Psychology,5,0.77,1.19,1.58,44.8,48.9,48.2,6.47,86.4,42.9,66.2,36.9,47.9,34.1,17.3,14.7,6.2,2.76,73.7,0.37,High
STU03071,Economics,1,2.0,2.29,2.51,42.1,46.2,55.0,2.35,61.7,60.8,64.9,76.7,62.5,59.6,14.5,9.6,3.5,3.02,79.4,1.93,Medium
STU03072,Economics,7,3.0,2.87,2.94,67.2,60.0,100.0,1.24,94.6,94.2,61.1,91.6,75.1,80.6,23.1,15.1,2.6,3.02,79.4,2.89,Low
STU03073,Biology,4,2.79,3.1,3.13,64.6,66.3,97.5,0.0,80.3,49.5,66.9,68.2,98.1,63.7,19.7,17.9,2.2,3.08,80.7,2.93,Low
STU03074,Economics,6,1.2,1.39,1.62,39.9,35.9,40.1,2.64,49.8,28.9,36.9,46.1,28.3,48.1,10.3,11.1,,3.02,79.4,1.14,High
STU03075,Electrical Engineering,3,3.26,3.39,3.69,100.0,100.0,96.4,1.38,99.7,64.9,95.2,98.0,75.9,80.5,15.8,15.8,6.2,3.07,80.5,3.05,Low
STU03076,Business Administration,4,3.16,3.31,3.35,100.0,100.0,89.5,1.44,94.7,80.9,89.5,99.3,98.8,79.6,19.9,13.1,8.5,3.26,84.6,3.12,Low
STU03077,Biology,6,2.94,2.96,3.21,74.4,84.0,80.2,,94.8,46.9,99.3,65.5,69.2,100.0,19.5,10.7,3.2,3.08,80.7,2.86,Low
STU03078,Psychology,3,1.77,1.95,1.86,55.2,42.8,63.3,,56.2,65.7,68.8,66.8,41.4,47.1,19.5,6.2,8.1,2.76,73.7,1.55,Medium
STU03079,Economics,1,2.64,2.43,2.76,76.6,73.8,60.1,1.15,90.5,83.1,84.7,83.0,72.5,70.5,13.7,11.3,8.6,3.02,79.4,2.71,Low
STU03080,Mechanical Engineering,2,3.55,3.28,3.28,91.9,82.4,60.6,0.0,71.0,75.3,82.1,83.3,68.7,67.0,17.4,16.3,2.6,2.65,71.2,3.65,Low
STU03081,Business Administration,8,1.02,1.05,1.2,63.8,68.6,35.5,5.35,31.5,30.9,38.9,59.1,14.2,2.8,5.7,7.7,4.1,3.26,84.6,1.13,High
STU03082,Psychology,1,2.21,2.02,1.98,53.1,48.0,53.3,1.59,54.9,55.1,55.6,55.9,56.1,60.8,10.2,11.4,0.5,2.76,73.7,2.13,Medium
STU03083,Computer Science,4,2.16,2.26,2.4,44.3,33.2,60.2,4.21,49.1,55.6,47.6,53.0,47.1,50.9,17.1,7.4,,3.49,89.8,2.1,Medium
STU03084,Mathematics,5,4.0,3.92,3.7,100.0,100.0,100.0,0.0,85.2,98.6,100.0,78.8,94.9,100.0,17.2,21.0,2.4,2.67,71.5,3.88,Low
STU03085,Psychology,8,2.7,2.87,2.84,67.6,64.4,75.1,2.21,66.6,63.8,61.6,75.1,65.0,53.9,1.1,15.3,3.7,2.76,73.7,2.71,Medium
STU03086,Mathematics,3,3.72,3.85,4.0,86.2,88.1,100.0,,96.6,85.1,95.7,100.0,100.0,100.0,20.7,16.7,4.8,2.67,71.5,3.75,Low
STU03087,Business Administration,5,3.78,3.62,3.26,100.0,96.3,84.9,0.0,68.6,76.3,57.0,61.7,77.1,73.4,16.5,17.8,7.6,3.26,84.6,4.0,Low
STU03088,Psychology,3,2.69,2.86,2.55,82.5,70.0,47.1,0.73,53.8,73.8,72.8,67.3,56.8,56.7,9.7,11.5,6.9,2.76,73.7,2.84,Low
STU03089,Mathematics,5,3.33,3.35,3.39,49.6,50.6,64.9,0.0,69.5,82.1,50.2,79.4,61.7,50.2,14.1,12.4,5.7,2.67,71.5,3.28,Low
STU03090,Economics,2,1.66,1.18,1.31,53.3,44.5,19.4,2.71,45.8,44.7,42.7,44.2,37.9,33.6,4.6,11.8,10.8,3.02,79.4,1.87,High
STU03091,Mechanical Engineering,7,3.08,2.89,3.1,100.0,100.0,94.1,2.68,73.9,91.2,73.7,100.0,100.0,87.8,25.8,22.2,7.4,2.65,71.2,2.97,Low
STU03092,Electrical Engineering,4,3.36,3.54,3.59,62.7,76.0,79.7,3.42,100.0,82.4,93.2,71.2,69.4,77.6,16.9,13.4,7.2,3.07,80.5,3.3,Low
STU03093,Computer Science,7,4.0,3.96,3.53,98.5,84.9,74.5,0.82,79.4,82.7,82.7,71.6,82.5,76.7,15.7,15.2,7.4,3.49,89.8,4.0,Low
STU03094,Mechanical Engineering,4,1.54,1.59,1.51,38.6,34.9,22.3,2.83,30.9,34.2,36.0,25.0,36.1,29.2,3.3,12.3,7.2,2.65,71.2,1.53,High
STU03095,Biology,7,1.7,1.75,1.91,66.0,72.1,49.4,1.9,52.2,44.9,53.5,47.1,62.8,51.5,7.5,6.6,6.5,3.08,80.7,1.62,Medium
STU03096,Mechanical Engineering,1,4.0,4.0,4.0,94.4,94.4,94.0,0.0,93.1,100.0,100.0,100.0,92.3,98.5,22.0,16.8,1.0,2.65,71.2,4.0,Low
STU03097,Economics,8,2.92,3.0,2.66,83.5,76.6,44.1,1.38,77.4,69.8,69.6,59.3,67.9,32.2,17.5,18.0,7.3,3.02,79.4,3.1,Low
STU03098,Psychology,1,3.57,3.66,3.65,48.1,58.5,80.6,,90.1,71.9,90.4,87.9,92.3,93.2,17.9,19.4,2.2,2.76,73.7,3.59,Low
STU03099,Economics,2,3.65,3.71,4.0,71.6,68.6,78.2,0.6,86.4,86.4,89.5,80.5,90.7,89.0,,18.3,3.9,3.02,79.4,3.41,Low
STU03100,Computer Science,5,1.29,1.59,1.63,41.0,46.3,37.4,4.98,47.4,38.4,47.2,41.2,41.4,43.6,10.8,9.5,2.2,3.49,89.8,1.01,High
STU03101,Economics,6,2.38,2.06,1.92,67.9,64.3,75.7,0.62,55.7,65.3,48.1,40.7,60.4,38.9,14.7,11.1,2.5,3.02,79.4,2.44,Medium
STU03102,Economics,5,2.3,2.43,2.62,64.7,62.7,55.0,0.91,63.4,59.6,65.5,76.8,68.6,65.1,16.6,7.5,0.0,3.02,79.4,2.08,Medium
STU03103,Mathematics,3,2.96,2.68,2.87,88.1,85.4,61.7,0.31,69.9,40.6,60.6,60.7,60.4,86.6,9.5,11.0,7.3,2.67,71.5,2.89,Low
STU03104,Mathematics,6,4.0,4.0,3.75,56.2,68.8,86.9,1.67,72.6,83.9,77.6,100.0,83.7,77.0,20.9,7.5,3.6,2.67,71.5,3.98,Low
STU03105,Economics,7,2.75,2.73,2.63,44.9,40.9,44.5,0.99,65.1,72.3,54.2,40.8,71.4,4.2,4.4,11.9,12.4,3.02,79.4,2.81,Medium
STU03106,Economics,2,3.28,2.84,2.49,64.7,60.3,87.5,0.0,59.0,63.0,55.4,57.4,58.5,60.5,16.8,10.8,4.6,3.02,79.4,3.46,Low
STU03107,Psychology,1,3.26,3.2,2.91,67.4,65.2,60.7,0.74,72.6,62.3,64.9,84.3,55.9,70.3,,13.6,3.2,2.76,73.7,3.24,Low
STU03108,Biology,2,2.54,2.53,2.25,53.9,49.3,54.5,0.97,76.4,47.2,45.0,60.1,48.6,51.0,18.4,7.3,5.6,3.08,80.7,2.57,Medium
STU03109,Mechanical Engineering,2,2.64,2.79,2.7,64.1,53.1,71.0,2.83,71.1,56.9,70.0,72.2,45.5,68.4,11.5,16.6,2.6,2.65,71.2,2.41,Medium
STU03110,Biology,8,3.21,3.15,3.12,89.5,93.5,63.4,0.56,85.3,100.0,75.3,100.0,92.4,71.7,24.9,20.5,6.8,3.08,80.7,3.41,Low
STU03111,Business Administration,4,1.32,1.56,1.93,53.6,67.8,48.6,3.53,65.0,42.6,28.2,46.6,59.0,41.2,14.7,12.6,9.5,3.26,84.6,1.28,High
STU03112,Mechanical Engineering,7,3.65,3.54,3.57,75.9,83.5,83.5,1.19,82.5,80.4,83.8,78.2,77.7,80.0,21.4,12.2,0.0,2.65,71.2,3.85,Low
STU03113,Mechanical Engineering,4,3.54,3.35,3.07,67.0,69.0,61.5,1.68,55.6,73.2,80.8,63.3,70.1,36.1,22.0,8.9,2.4,2.65,71.2,3.64,Low
STU03114,Mathematics,5,1.87,1.97,1.82,58.3,57.5,40.8,1.03,49.6,67.5,52.9,48.2,73.2,47.2,17.2,12.6,2.5,2.67,71.5,1.85,Medium
STU03115,Psychology,5,1.04,1.29,1.66,37.0,38.5,40.0,0.0,56.9,27.0,61.5,36.2,81.1,26.0,6.4,7.8,3.9,2.76,73.7,1.03,High
STU03116,Computer Science,3,3.93,3.78,3.45,95.5,100.0,100.0,0.0,94.7,91.8,91.2,100.0,68.4,79.6,18.6,16.8,4.1,3.49,89.8,4.0,Low
STU03117,Computer Science,7,2.62,2.5,2.39,62.4,54.5,73.3,1.88,81.8,68.3,92.6,84.1,74.9,64.8,15.0,13.2,4.7,3.49,89.8,2.57,Medium
STU03118,Biology,1,3.68,3.53,3.31,72.5,88.4,47.7,1.74,67.6,68.7,73.6,81.7,76.7,87.6,24.8,9.0,6.8,3.08,80.7,3.94,Low
STU03119,Biology,5,2.59,2.33,2.46,56.0,52.9,63.4,4.15,64.9,25.8,52.5,53.0,82.3,53.6,10.8,7.4,7.9,3.08,80.7,2.53,Medium
STU03120,Business Administration,8,3.09,2.9,2.73,72.6,70.1,83.6,0.48,78.2,87.4,74.2,74.6,86.7,76.8,18.2,13.8,2.7,3.26,84.6,3.19,Low
STU03121,Mathematics,4,4.0,3.94,3.64,96.3,95.8,100.0,2.45,81.1,92.0,97.8,80.1,84.5,100.0,18.9,19.2,3.1,2.67,71.5,3.83,Low
STU03122,Business Administration,4,2.95,3.07,3.43,78.9,76.0,64.3,0.0,86.4,77.3,95.3,65.3,74.7,83.2,17.0,20.8,5.5,3.26,84.6,2.7,Low
STU03123,Psychology,7,3.05,3.41,3.15,67.8,63.4,55.6,1.58,73.1,66.3,64.9,60.8,67.4,72.0,14.3,6.7,8.0,2.76,73.7,3.09,Low
STU03124,Business Administration,7,2.77,2.54,2.44,35.2,51.9,41.8,2.44,62.1,60.3,63.5,66.9,62.2,69.8,19.2,5.7,4.3,3.26,84.6,2.7,Medium
STU03125,Economics,7,2.08,2.21,1.99,89.0,93.9,63.8,2.82,82.5,51.7,82.1,58.2,65.3,60.9,26.7,16.4,3.8,3.02,79.4,2.26,Medium
STU03126,Economics,5,1.65,1.58,1.1,44.2,30.0,18.3,5.04,0.0,10.0,0.0,0.0,0.0,18.2,4.4,3.6,6.0,3.02,79.4,1.83,High
STU03127,Biology,7,2.84,2.8,2.78,97.8,100.0,48.0,2.64,88.0,81.2,79.7,84.0,85.4,85.4,27.1,11.0,4.6,3.08,80.7,2.83,Low
STU03128,Mechanical Engineering,4,4.0,4.0,3.83,100.0,100.0,51.8,0.75,97.3,98.1,95.9,94.7,100.0,95.9,21.1,18.9,8.2,2.65,71.2,4.0,Low
STU03129,Business Administration,6,1.29,1.48,1.85,66.5,60.3,48.9,4.56,46.3,45.2,44.7,50.2,49.1,48.5,16.6,9.7,8.5,3.26,84.6,1.14,High
STU03130,Business Administration,8,3.87,3.9,3.48,87.0,90.6,88.2,0.0,77.5,60.4,72.4,86.7,82.1,70.2,18.0,12.5,2.2,3.26,84.6,3.99,Low
STU03131,Electrical Engineering,7,3.41,3.16,3.01,66.5,66.6,57.1,2.5,25.7,56.3,86.1,73.1,38.4,71.2,16.3,9.7,1.8,3.07,80.5,3.46,Low
STU03132,Economics,1,3.91,3.88,3.7,100.0,99.2,90.6,0.0,76.6,99.1,93.1,100.0,73.5,93.8,18.5,23.2,10.6,3.02,79.4,3.84,Low
STU03133,Economics,4,1.98,2.28,2.43,72.4,75.8,62.0,0.36,70.2,74.9,66.9,86.3,52.1,60.2,13.5,12.3,3.1,3.02,79.4,1.8,Medium
STU03134,Business Administration,2,3.17,3.27,3.18,100.0,91.2,93.6,1.75,86.6,84.8,80.1,70.5,78.0,78.5,22.2,8.6,10.6,3.26,84.6,3.3,Low
STU03135,Mechanical Engineering,5,1.82,1.63,1.3,24.8,30.0,49.3,3.36,25.9,14.0,58.1,27.6,32.2,50.5,7.2,4.2,11.0,2.65,71.2,2.12,High
STU03136,Business Administration,7,3.21,2.92,2.76,57.8,51.4,61.3,1.15,69.6,59.7,44.9,84.0,41.6,65.4,7.7,9.8,6.7,3.26,84.6,3.39,Low
STU03137,Electrical Engineering,3,3.0,3.17,3.03,67.8,75.3,63.2,1.4,71.2,69.7,63.7,60.8,63.2,66.6,16.3,6.0,0.6,3.07,80.5,3.07,Low
STU03138,Mathematics,3,1.67,1.8,2.0,45.1,39.3,39.3,3.03,56.9,49.2,42.5,35.8,42.6,58.8,15.2,12.8,2.0,2.67,71.5,1.42,Medium
STU03139,Mechanical Engineering,8,1.44,1.61,1.73,42.3,49.1,37.2,2.17,75.5,54.6,23.0,43.2,50.6,20.1,9.7,3.4,1.9,2.65,71.2,1.34,High
STU03140,Biology,1,1.68,1.85,2.16,31.6,32.3,44.8,1.85,51.2,44.2,40.9,50.9,44.8,47.7,10.4,14.1,4.9,3.08,80.7,1.66,High
STU03141,Mechanical Engineering,3,3.02,3.2,3.37,43.3,51.7,39.4,3.16,49.0,73.2,69.8,62.1,49.8,77.2,25.0,13.5,2.7,2.65,71.2,2.94,Medium
STU03142,Electrical Engineering,8,3.55,3.49,3.59,79.6,82.1,100.0,0.0,100.0,98.7,100.0,97.8,93.7,100.0,15.7,17.3,2.0,3.07,80.5,3.57,Low
STU03143,Mechanical Engineering,1,4.0,4.0,4.0,100.0,100.0,83.0,0.87,100.0,100.0,84.7,79.3,96.5,94.8,14.5,13.8,,2.65,71.2,4.0,Low
STU03144,Electrical Engineering,7,3.04,3.13,3.14,47.7,57.8,60.8,5.69,55.1,78.9,57.4,70.7,67.9,74.4,,10.8,4.3,3.07,80.5,3.08,Low
STU03145,Mathematics,7,3.23,3.22,3.23,59.2,64.8,84.7,2.59,89.1,63.8,78.7,93.2,64.2,84.1,,9.3,9.5,2.67,71.5,3.21,Low
STU03146,Mathematics,2,2.45,2.33,2.05,82.5,75.2,67.4,2.96,63.0,58.6,50.8,42.4,69.0,58.0,15.3,6.7,3.2,2.67,71.5,2.86,Medium
STU03147,Business Administration,2,2.22,1.95,2.0,66.7,60.9,41.1,0.78,63.2,71.8,64.6,69.7,69.6,74.0,12.6,18.7,0.0,3.26,84.6,2.24,Medium
STU03148,Mechanical Engineering,6,2.33,2.44,2.36,40.3,44.7,40.2,1.97,41.3,37.4,53.1,51.4,58.6,72.5,11.1,13.3,5.4,2.65,71.2,2.47,Medium
STU03149,Computer Science,8,1.58,1.61,1.7,66.8,60.2,42.3,1.16,45.5,54.3,42.6,42.2,46.3,50.0,19.6,5.9,4.5,3.49,89.8,1.52,High
STU03150,Biology,1,1.73,1.73,1.91,49.1,49.1,46.8,,50.9,60.9,68.6,37.1,66.0,57.3,11.1,10.5,14.4,3.08,80.7,1.68,High
STU03151,Mathematics,3,3.05,3.05,3.02,53.7,54.4,50.1,2.41,80.4,67.2,68.1,78.3,59.4,62.3,24.0,10.1,3.4,2.67,71.5,3.02,Low
STU03152,Computer Science,8,1.81,1.86,1.95,38.1,45.9,44.5,3.94,42.1,58.0,52.2,81.4,60.5,74.2,13.5,7.0,6.9,3.49,89.8,1.91,High
STU03153,Electrical Engineering,2,2.19,2.02,2.05,64.4,56.1,42.2,2.89,46.6,60.8,56.0,65.1,60.6,52.7,8.4,17.8,0.0,3.07,80.5,2.2,Medium
STU03154,Electrical Engineering,5,1.76,1.84,1.84,40.5,40.8,77.8,3.4,54.5,51.4,49.5,49.6,51.6,50.7,17.7,10.1,8.8,3.07,80.5,1.73,High
STU03155,Psychology,2,2.19,2.56,2.89,58.4,60.2,85.7,0.0,76.7,70.6,63.2,60.7,80.4,68.7,15.6,11.0,1.7,2.76,73.7,1.98,Medium
STU03156,Electrical Engineering,3,2.16,2.07,2.01,32.2,30.0,37.4,5.16,39.3,43.3,42.9,45.2,56.2,44.8,14.2,14.3,2.1,3.07,80.5,2.1,Medium
STU03157,Mathematics,2,1.57,1.82,2.11,55.0,54.6,51.7,0.65,49.0,53.3,54.7,52.8,51.9,55.4,11.8,8.4,1.8,2.67,71.5,1.41,High
STU03158,Economics,7,0.86,0.93,1.05,70.0,67.4,65.8,2.54,51.5,60.2,50.0,63.3,53.9,74.2,,11.6,4.3,3.02,79.4,0.91,High
STU03159,Psychology,3,3.78,3.4,3.19,84.2,76.2,85.4,0.0,76.0,80.2,75.9,84.1,70.2,62.5,17.4,15.2,4.0,2.76,73.7,4.0,Low
STU03160,Computer Science,6,2.79,2.37,2.32,64.2,53.9,72.0,2.21,44.6,52.9,44.6,50.6,43.2,52.0,7.1,11.6,11.5,3.49,89.8,2.85,Low
STU03161,Electrical Engineering,6,3.27,3.2,3.23,54.8,58.4,89.9,,65.4,62.7,66.9,78.6,70.5,68.4,17.1,14.8,9.6,3.07,80.5,3.52,Low
STU03162,Psychology,5,3.48,3.56,3.38,83.0,79.8,59.1,1.86,60.2,75.5,73.5,97.7,94.2,60.9,,15.0,4.4,2.76,73.7,3.27,Low
STU03163,Biology,5,3.5,3.6,3.56,89.6,82.2,97.8,1.15,77.2,89.3,85.4,88.2,86.8,76.4,19.2,10.8,3.5,3.08,80.7,3.49,Low
STU03164,Mechanical Engineering,4,3.14,3.14,3.38,63.8,60.5,71.0,1.23,55.4,77.6,58.9,94.3,50.7,32.6,23.9,7.9,4.8,2.65,71.2,3.01,Low
STU03165,Business Administration,8,3.87,3.71,3.57,93.5,93.8,100.0,0.24,88.0,81.8,89.2,89.0,82.9,90.7,19.1,17.0,3.6,3.26,84.6,3.91,Low
STU03166,Economics,7,1.42,1.47,1.67,56.7,63.2,39.6,1.23,77.5,56.4,60.1,84.0,66.0,55.9,13.5,16.5,6.7,3.02,79.4,1.33,High
STU03167,Biology,4,3.45,3.69,3.9,82.1,93.0,100.0,0.0,100.0,98.4,93.8,97.1,97.4,97.7,29.8,11.9,5.6,3.08,80.7,3.16,Low
STU03168,Mathematics,8,2.0,2.07,1.81,42.6,35.8,19.8,2.97,57.1,49.9,54.3,34.4,47.2,30.8,4.9,12.7,2.5,2.67,71.5,2.26,High
STU03169,Mechanical Engineering,3,3.45,3.16,3.23,100.0,96.7,57.6,6.48,65.7,67.5,65.7,74.7,73.7,69.7,14.8,16.6,5.0,2.65,71.2,3.65,Low
STU03170,Electrical Engineering,7,3.64,3.47,3.33,72.9,68.0,80.2,1.2,64.7,85.1,71.0,56.7,78.9,65.0,23.0,8.0,4.4,3.07,80.5,3.65,Low
STU03171,Computer Science,3,3.37,3.47,3.54,81.4,84.8,74.6,2.89,86.9,92.2,88.0,80.9,89.5,96.4,25.2,6.8,6.5,3.49,89.8,3.46,Low
STU03172,Economics,6,3.45,3.05,2.71,75.9,86.0,94.5,0.23,92.0,74.3,71.8,61.0,97.4,80.5,12.2,10.4,3.3,3.02,79.4,3.77,Low
STU03173,Psychology,2,1.09,1.07,0.91,31.9,31.4,56.1,4.57,46.3,48.5,46.0,50.6,50.1,49.4,9.4,11.4,2.8,2.76,73.7,0.83,High
STU03174,Biology,4,3.77,3.87,4.0,84.6,86.0,64.7,3.24,91.0,85.3,82.9,79.0,88.7,82.5,15.1,11.6,0.6,3.08,80.7,3.76,Low
STU03175,Biology,8,4.0,3.59,3.48,83.3,85.9,57.8,0.0,85.0,69.2,100.0,56.3,85.9,78.3,19.8,13.3,2.3,3.08,80.7,4.0,Low
STU03176,Psychology,2,1.36,1.44,1.54,55.6,64.8,36.1,1.64,66.2,61.4,58.5,63.9,60.7,64.1,9.3,8.6,6.6,2.76,73.7,1.28,High
STU03177,Business Administration,7,2.43,2.32,2.33,40.1,43.6,61.7,0.85,46.1,76.1,5.6,55.3,59.1,51.1,,8.9,,3.26,84.6,2.54,Medium
STU03178,Electrical Engineering,5,1.72,1.78,1.67,24.9,30.0,76.9,1.66,41.3,61.4,18.3,25.3,60.6,27.8,11.2,9.9,7.9,3.07,80.5,1.8,High
STU03179,Business Administration,1,1.54,1.5,1.71,63.3,54.0,43.8,0.0,63.5,54.6,59.3,55.6,44.9,54.4,11.8,5.6,,3.26,84.6,1.41,Medium
STU03180,Biology,7,3.26,3.2,3.05,95.8,87.7,100.0,,100.0,79.2,100.0,78.8,100.0,94.5,20.6,22.7,4.5,3.08,80.7,3.17,Low
STU03181,Psychology,6,4.0,4.0,4.0,100.0,100.0,100.0,3.77,100.0,100.0,96.3,99.3,100.0,100.0,22.2,12.3,4.4,2.76,73.7,3.85,Low
STU03182,Business Administration,5,3.35,3.23,2.91,100.0,80.2,48.1,5.77,95.0,75.4,61.6,62.0,80.1,80.6,31.6,10.5,2.5,3.26,84.6,3.42,Low
STU03183,Mechanical Engineering,7,2.34,2.79,2.88,55.4,62.3,87.3,0.57,80.6,83.9,66.0,59.5,79.2,79.3,16.5,8.3,5.9,2.65,71.2,2.01,Medium
STU03184,Mechanical Engineering,1,3.78,3.43,3.08,66.7,68.0,71.2,2.74,84.8,73.8,65.4,72.8,84.7,68.1,22.8,12.2,0.0,2.65,71.2,4.0,Low
STU03185,Mathematics,6,3.87,3.87,3.98,85.7,100.0,84.8,0.0,100.0,84.3,100.0,94.5,100.0,99.8,12.1,15.4,4.3,2.67,71.5,3.87,Low
STU03186,Psychology,5,2.5,2.75,2.77,67.5,63.6,86.6,1.8,56.8,57.3,66.9,70.7,53.6,66.0,18.5,8.9,2.7,2.76,73.7,2.37,Low
STU03187,Psychology,6,1.63,1.54,1.4,60.9,50.6,10.0,1.79,64.6,44.7,50.9,59.6,51.4,56.5,15.7,13.2,6.5,2.76,73.7,1.62,High
STU03188,Mechanical Engineering,3,2.22,2.24,2.3,92.0,93.1,83.0,2.6,77.5,94.5,58.3,73.5,79.5,81.2,29.1,10.6,4.3,2.65,71.2,2.21,Low
STU03189,Biology,6,3.94,4.0,4.0,92.2,89.7,100.0,0.6,94.3,100.0,100.0,100.0,89.5,100.0,24.9,21.6,9.9,3.08,80.7,3.91,Low
STU03190,Computer Science,2,3.08,3.19,2.84,61.6,52.0,53.4,3.12,68.2,61.8,69.9,69.8,61.9,66.5,21.1,17.3,4.6,3.49,89.8,3.34,Low
STU03191,Economics,2,3.26,3.44,3.47,84.3,81.3,100.0,0.02,86.6,75.8,78.9,76.3,76.8,74.9,14.9,15.0,7.2,3.02,79.4,3.1,Low
STU03192,Mathematics,2,3.29,3.25,3.19,100.0,100.0,78.8,0.0,83.7,71.6,70.2,83.7,76.1,95.5,16.5,16.6,5.2,2.67,71.5,3.16,Low
STU03193,Business Administration,6,2.83,2.98,3.0,93.5,98.1,83.8,0.0,82.2,62.1,81.7,96.7,75.2,92.0,15.9,12.5,2.9,3.26,84.6,2.88,Low
STU03194,Economics,1,4.0,4.0,4.0,100.0,97.2,91.3,1.04,87.7,97.9,90.8,100.0,91.3,94.3,22.2,22.7,6.6,3.02,79.4,4.0,Low
STU03195,Computer Science,1,4.0,4.0,3.74,100.0,100.0,100.0,0.0,98.2,100.0,88.7,100.0,100.0,88.8,17.9,19.0,4.6,3.49,89.8,4.0,Low
STU03196,Electrical Engineering,5,2.97,2.63,2.23,81.3,88.4,78.6,2.22,65.3,82.8,94.5,75.9,78.0,55.3,,8.9,1.2,3.07,80.5,3.4,Low
STU03197,Psychology,4,2.97,3.01,3.05,66.0,69.5,46.4,3.99,80.5,65.3,91.5,83.2,81.7,83.3,20.3,15.4,8.7,2.76,73.7,2.99,Low
STU03198,Mechanical Engineering,6,3.29,3.22,3.33,95.9,99.0,84.3,0.75,93.5,100.0,98.2,87.3,90.7,100.0,18.8,13.7,5.2,2.65,71.2,3.02,Low
STU03199,Mechanical Engineering,8,3.11,3.06,3.05,74.8,80.3,89.4,,88.1,86.7,90.5,61.9,89.6,65.9,16.4,18.0,3.5,2.65,71.2,3.15,Low
STU03200,Psychology,4,3.99,4.0,4.0,100.0,93.8,97.4,0.61,88.9,87.9,94.4,69.8,72.0,80.6,22.4,12.3,7.2,2.76,73.7,3.93,Low
STU03201,Computer Science,7,2.53,2.27,2.29,50.6,46.1,78.1,5.04,56.7,51.1,56.3,54.9,59.6,60.9,17.8,9.1,6.5,3.49,89.8,2.67,Medium
STU03202,Electrical Engineering,8,3.82,3.44,3.12,81.7,74.3,42.1,1.36,74.3,77.6,80.2,73.2,73.2,75.6,23.3,13.6,6.1,3.07,80.5,4.0,Low
STU03203,Mathematics,1,0.99,1.01,1.29,43.2,49.8,26.9,2.54,34.1,47.8,56.4,43.2,42.1,46.3,13.4,0.0,6.9,2.67,71.5,0.91,High
STU03204,Computer Science,8,2.87,2.82,2.59,57.7,47.5,46.6,1.59,45.3,53.3,64.8,79.2,54.7,90.4,15.3,13.5,5.5,3.49,89.8,3.06,Low
STU03205,Economics,4,1.12,1.32,1.23,47.9,42.4,51.8,5.3,11.8,39.0,31.1,31.4,33.6,24.5,14.2,6.9,1.6,3.02,79.4,1.03,High
STU03206,Mechanical Engineering,8,2.51,2.73,2.52,66.6,70.3,59.1,0.0,77.3,79.5,85.0,78.5,85.1,81.5,19.6,8.5,4.6,2.65,71.2,2.57,Medium
STU03207,Mechanical Engineering,8,3.9,4.0,4.0,93.3,89.0,92.7,1.37,66.7,93.4,100.0,100.0,100.0,100.0,20.5,25.8,7.1,2.65,71.2,3.95,Low
STU03208,Biology,3,2.09,1.91,1.92,59.4,57.7,55.6,0.65,47.1,42.6,43.7,48.5,57.4,43.9,12.0,6.0,2.7,3.08,80.7,2.15,Medium
STU03209,Computer Science,5,2.29,2.12,2.17,35.5,30.0,55.3,3.68,28.4,93.6,58.5,29.1,7.8,40.4,2.0,4.5,0.0,3.49,89.8,2.27,Medium
STU03210,Psychology,5,2.99,2.66,2.5,37.9,36.8,47.6,5.16,52.7,39.6,56.4,38.0,51.7,65.0,13.4,9.0,11.9,2.76,73.7,3.03,Medium
STU03211,Electrical Engineering,1,1.01,1.13,1.38,25.0,30.0,34.8,4.53,39.7,53.5,49.7,70.5,41.0,25.6,10.8,4.2,5.4,3.07,80.5,0.98,High
STU03212,Economics,1,2.03,2.22,2.25,43.2,48.1,48.2,4.58,56.8,63.7,60.8,58.2,65.1,64.8,21.8,1.4,0.0,3.02,79.4,2.02,High
STU03213,Computer Science,5,1.85,2.18,2.28,35.4,42.1,45.9,,40.7,58.7,45.0,43.6,78.0,51.4,12.3,9.1,3.0,3.49,89.8,1.95,High
STU03214,Biology,1,1.84,2.09,2.26,61.4,60.9,88.7,1.2,72.8,70.5,65.3,72.0,76.7,60.4,26.1,16.6,0.3,3.08,80.7,1.89,Medium
STU03215,Mathematics,5,3.27,3.41,3.84,93.8,87.7,94.8,0.0,97.0,73.6,69.7,81.1,88.3,93.4,22.1,18.5,5.3,2.67,71.5,2.93,Low
STU03216,Business Administration,5,3.87,4.0,4.0,66.9,79.5,76.5,1.13,78.1,79.4,76.1,74.8,81.7,76.4,17.1,11.9,13.5,3.26,84.6,3.73,Low
STU03217,Electrical Engineering,5,3.63,3.49,3.7,98.6,100.0,100.0,0.0,100.0,100.0,87.7,100.0,98.2,88.9,25.5,21.7,2.5,3.07,80.5,3.78,Low
STU03218,Electrical Engineering,2,1.83,2.01,2.25,65.8,64.1,77.5,3.56,41.7,49.8,68.1,69.0,69.4,43.8,16.6,9.4,0.5,3.07,80.5,1.66,High
STU03219,Psychology,6,3.52,3.37,2.94,83.1,75.5,87.9,0.0,74.8,71.3,79.9,82.8,71.8,65.6,26.3,12.4,0.0,2.76,73.7,3.75,Low
STU03220,Mechanical Engineering,4,2.37,2.18,2.37,62.7,60.2,66.1,0.07,56.9,30.9,65.6,74.1,55.2,93.9,20.9,5.6,4.4,2.65,71.2,2.32,Medium
STU03221,Biology,1,2.82,2.91,3.04,61.8,66.6,82.4,1.31,53.2,80.6,82.2,21.6,84.1,60.5,13.4,10.8,,3.08,80.7,2.99,Low
STU03222,Mechanical Engineering,2,2.44,2.02,1.72,55.1,45.2,30.3,4.07,39.7,35.1,27.4,50.6,33.1,45.2,13.1,4.0,2.7,2.65,71.2,2.7,Medium
STU03223,Mechanical Engineering,1,0.94,0.57,0.51,31.2,30.0,16.5,4.18,25.1,36.6,41.5,37.1,34.6,38.1,6.8,3.6,6.5,2.65,71.2,1.11,High
STU03224,Economics,7,1.13,1.33,1.64,42.1,46.4,46.8,2.76,54.3,47.3,39.4,59.3,44.8,53.1,12.4,9.8,5.1,3.02,79.4,1.25,High
STU03225,Electrical Engineering,3,1.65,1.68,1.67,60.2,55.4,61.4,1.22,76.0,13.8,47.1,73.4,32.3,60.2,10.6,9.8,1.8,3.07,80.5,1.51,High
STU03226,Business Administration,4,2.31,2.3,2.53,79.0,84.0,45.2,2.9,74.5,82.1,96.4,31.3,82.7,36.5,11.7,15.9,6.0,3.26,84.6,2.51,Medium
STU03227,Mathematics,5,2.71,2.94,2.87,61.1,59.5,91.8,2.21,64.9,79.8,76.8,63.3,64.3,64.5,18.2,12.3,5.6,2.67,71.5,2.64,Low
STU03228,Electrical Engineering,5,2.2,2.71,2.66,53.0,57.1,76.7,2.53,58.7,58.1,66.9,69.3,52.3,56.7,13.5,12.0,3.2,3.07,80.5,1.95,Medium
STU03229,Computer Science,8,2.5,2.68,2.81,81.7,78.7,77.1,2.88,62.9,78.9,75.2,54.2,90.3,86.9,17.9,17.2,7.2,3.49,89.8,2.19,Low
STU03230,Mechanical Engineering,6,1.36,1.3,1.12,34.9,32.9,18.2,0.0,49.9,49.4,40.5,32.2,36.9,28.6,6.0,9.7,4.7,2.65,71.2,1.36,High
STU03231,Mathematics,6,3.23,3.18,3.12,61.9,64.2,44.1,1.51,35.8,100.0,74.4,75.3,58.9,75.4,20.7,6.7,6.8,2.67,71.5,3.1,Low
STU03232,Electrical Engineering,8,2.38,2.69,2.81,25.6,36.8,45.4,3.69,54.4,44.1,48.4,44.7,48.8,52.8,21.5,3.1,6.8,3.07,80.5,2.22,Medium
STU03233,Electrical Engineering,5,2.42,2.46,2.29,91.9,81.0,79.6,1.58,64.8,66.3,59.4,64.1,59.6,54.7,25.9,18.2,0.0,3.07,80.5,2.45,Low
STU03234,Computer Science,7,2.72,2.63,2.68,80.7,78.2,63.8,2.01,66.7,68.2,72.7,66.7,68.2,61.9,5.5,21.4,5.8,3.49,89.8,2.47,Low
STU03235,Electrical Engineering,4,2.72,2.83,3.11,95.0,100.0,96.4,1.26,63.9,51.3,70.1,99.5,66.8,100.0,15.2,6.0,3.5,3.07,80.5,2.52,Low
STU03236,Electrical Engineering,2,2.43,2.44,2.66,51.8,56.6,73.5,1.05,80.1,57.4,71.6,56.8,74.9,75.2,19.2,23.1,0.0,3.07,80.5,2.52,Low
STU03237,Economics,3,2.57,2.43,2.47,75.6,61.8,56.5,1.18,36.9,49.2,77.3,39.6,79.7,60.5,11.0,11.2,3.2,3.02,79.4,2.55,Low
STU03238,Biology,7,0.98,0.84,0.89,47.1,45.1,50.4,4.21,50.8,43.9,49.1,47.1,45.0,32.6,6.1,10.7,6.6,3.08,80.7,1.04,High
STU03239,Business Administration,8,0.81,1.23,1.2,47.5,58.6,33.1,1.67,30.3,47.4,19.6,60.9,38.6,28.3,14.4,8.1,2.2,3.26,84.6,0.68,High
STU03240,Psychology,7,4.0,3.88,4.0,81.4,87.3,93.5,2.17,90.4,88.4,86.0,79.9,83.4,78.4,22.8,22.6,6.6,2.76,73.7,4.0,Low
STU03241,Biology,7,3.6,3.4,3.51,98.3,100.0,92.4,0.0,95.4,94.1,96.8,90.2,83.1,100.0,13.4,23.0,6.0,3.08,80.7,3.64,Low
STU03242,Mathematics,5,3.96,3.95,3.79,100.0,86.3,83.6,0.0,60.8,100.0,89.0,75.2,96.5,100.0,18.2,10.7,,2.67,71.5,4.0,Low
STU03243,Psychology,5,2.43,2.27,1.87,39.4,37.5,63.9,2.25,61.9,49.9,50.5,33.6,54.0,48.8,12.8,7.8,2.2,2.76,73.7,2.51,Medium
STU03244,Economics,7,2.04,1.88,1.59,46.7,44.5,51.3,2.68,64.3,32.0,19.1,53.3,36.0,43.1,,6.2,8.2,3.02,79.4,2.08,Medium
STU03245,Computer Science,4,2.63,2.73,2.79,94.5,92.3,90.2,0.87,75.3,71.4,76.7,69.9,71.6,79.9,20.0,17.1,7.5,3.49,89.8,2.62,Low
STU03246,Psychology,4,3.77,3.5,3.22,64.2,63.1,63.8,2.86,68.5,66.1,68.5,69.7,66.6,68.7,16.4,13.4,2.1,2.76,73.7,4.0,Low
STU03247,Electrical Engineering,1,2.85,2.79,2.78,65.7,74.3,61.9,3.36,84.4,73.3,77.7,72.0,91.4,81.1,12.1,10.7,3.1,3.07,80.5,2.76,Low
STU03248,Computer Science,5,1.77,1.86,1.97,57.1,68.8,58.2,2.91,76.0,54.2,55.7,42.7,67.4,80.8,11.1,8.4,10.9,3.49,89.8,1.52,High
STU03249,Mathematics,3,1.67,1.49,1.6,30.1,30.0,11.8,2.79,42.1,44.5,32.9,39.3,40.1,30.7,12.8,10.9,5.9,2.67,71.5,1.76,High
STU03250,Psychology,7,3.14,2.71,2.65,37.3,49.5,51.3,0.0,52.4,72.0,77.8,79.3,64.0,49.2,11.1,16.5,0.0,2.76,73.7,3.1,Low
STU03251,Biology,6,1.78,1.97,2.03,43.0,43.4,13.6,,49.7,56.0,41.0,47.1,54.6,50.5,6.1,11.2,7.5,3.08,80.7,1.82,High
STU03252,Electrical Engineering,4,2.22,2.43,2.58,38.0,41.2,71.2,1.56,65.0,55.9,93.1,66.9,57.6,33.6,10.1,13.3,4.0,3.07,80.5,1.99,Medium
STU03253,Business Administration,7,2.18,2.31,2.71,47.7,48.0,40.3,1.87,52.8,58.2,84.5,78.4,60.5,64.1,9.4,6.3,8.4,3.26,84.6,1.99,High
STU03254,Mechanical Engineering,8,4.0,4.0,4.0,90.5,100.0,100.0,2.43,100.0,95.7,92.3,100.0,100.0,100.0,24.3,16.8,10.2,2.65,71.2,3.99,Low
STU03255,Biology,6,2.92,2.86,3.07,69.3,69.4,45.4,1.0,74.6,67.9,70.3,63.7,66.6,62.3,11.6,14.5,5.7,3.08,80.7,2.6,Medium
STU03256,Electrical Engineering,4,3.1,3.29,3.68,76.1,77.7,70.9,1.19,80.9,100.0,86.2,89.1,88.0,80.0,21.8,15.8,10.3,3.07,80.5,3.07,Low
STU03257,Mechanical Engineering,7,3.16,3.29,3.44,54.7,67.1,70.0,0.0,65.6,74.1,68.1,70.8,69.6,78.0,16.0,9.5,11.3,2.65,71.2,3.18,Medium
STU03258,Mechanical Engineering,6,3.08,3.06,3.15,74.6,69.5,43.8,2.43,74.5,79.1,67.7,73.5,74.4,70.6,23.2,8.4,5.6,2.65,71.2,3.08,Low
STU03259,Electrical Engineering,5,1.03,1.08,1.04,29.0,30.0,10.0,3.97,32.4,38.3,26.9,37.4,7.0,29.0,13.8,2.9,1.1,3.07,80.5,0.98,High
STU03260,Economics,2,1.69,1.63,1.9,28.8,34.9,73.8,2.9,41.6,83.5,51.2,33.0,82.4,23.2,,6.5,4.7,3.02,79.4,1.5,High
STU03261,Computer Science,3,2.99,2.95,2.66,46.0,54.6,59.2,2.14,41.6,67.4,71.4,25.2,76.3,77.3,13.1,13.3,10.9,3.49,89.8,3.23,Low
STU03262,Economics,5,2.89,2.87,3.07,60.4,65.6,82.0,0.21,68.0,81.5,87.3,85.4,83.1,66.4,12.0,7.7,1.1,3.02,79.4,3.05,Low
STU03263,Economics,6,1.9,1.96,1.91,59.3,55.6,58.7,3.95,49.0,53.0,53.3,57.5,51.7,51.7,6.0,12.5,0.6,3.02,79.4,1.82,Medium
STU03264,Economics,6,3.82,3.65,3.62,82.1,71.6,100.0,0.74,97.6,100.0,70.6,82.5,77.8,67.0,,14.3,1.4,3.02,79.4,3.97,Low
STU03265,Electrical Engineering,4,1.67,2.15,2.21,90.9,79.8,63.8,4.88,63.3,60.4,57.3,71.7,45.4,73.3,23.6,11.5,5.9,3.07,80.5,1.63,Medium
STU03266,Computer Science,1,3.25,3.11,2.87,100.0,100.0,100.0,0.02,93.5,82.9,95.2,93.1,75.6,89.0,11.6,10.8,7.5,3.49,89.8,3.2,Low
STU03267,Business Administration,8,1.14,1.26,1.44,59.0,60.4,49.3,,43.6,42.9,70.3,64.7,55.9,45.3,15.8,16.5,8.9,3.26,84.6,1.18,High
STU03268,Psychology,1,1.11,1.2,1.64,30.1,30.0,85.2,3.33,37.2,18.5,39.8,31.0,43.4,38.5,16.1,6.8,8.7,2.76,73.7,0.8,High
STU03269,Mathematics,1,3.96,3.79,3.69,99.9,91.2,78.7,0.0,95.5,86.3,94.5,81.6,100.0,89.0,18.6,19.5,4.7,2.67,71.5,4.0,Low
STU03270,Psychology,7,2.23,2.3,2.29,49.2,53.5,58.8,0.5,61.6,53.7,50.5,57.1,47.7,47.8,14.5,9.7,5.8,2.76,73.7,1.98,Medium
STU03271,Computer Science,6,1.97,2.23,2.36,56.9,63.4,40.6,3.17,69.3,81.6,63.0,88.5,73.1,82.1,18.3,14.2,5.4,3.49,89.8,1.62,Medium
STU03272,Computer Science,1,1.84,1.96,1.92,75.2,73.7,72.1,4.86,56.0,66.1,62.1,88.9,76.5,62.4,18.7,10.1,0.2,3.49,89.8,1.76,Medium
STU03273,Biology,5,3.37,3.05,2.9,89.1,89.4,84.8,,99.8,93.4,100.0,90.5,62.6,55.3,22.3,16.5,3.1,3.08,80.7,3.45,Low
STU03274,Biology,6,1.7,1.9,2.04,51.8,43.3,46.7,4.09,58.2,58.0,61.8,67.7,45.3,53.4,,19.0,6.8,3.08,80.7,1.74,High
STU03275,Psychology,7,3.1,2.96,3.09,96.2,86.0,80.2,1.08,77.9,73.7,71.1,76.8,76.4,80.7,18.7,9.2,0.3,2.76,73.7,3.11,Low
STU03276,Electrical Engineering,3,3.85,3.57,3.35,87.3,83.7,99.9,0.68,82.9,72.0,85.8,88.2,91.9,97.5,20.9,22.3,7.5,3.07,80.5,4.0,Low
STU03277,Mathematics,5,4.0,3.93,4.0,85.0,81.1,94.2,0.0,100.0,100.0,100.0,84.6,100.0,100.0,23.3,11.1,6.9,2.67,71.5,4.0,Low
STU03278,Mathematics,6,2.68,2.71,2.46,74.6,66.0,95.1,1.1,46.2,72.1,87.7,74.1,80.4,92.8,,15.6,3.7,2.67,71.5,2.67,Low
STU03279,Psychology,6,2.34,2.66,2.76,51.6,62.6,63.4,0.0,48.9,54.5,48.6,51.0,59.2,46.2,10.8,11.6,4.0,2.76,73.7,2.22,Medium
STU03280,Mathematics,8,2.68,2.25,2.07,52.1,50.1,56.4,4.17,43.0,78.6,51.9,31.1,41.3,20.6,17.9,0.0,4.5,2.67,71.5,2.96,Medium
STU03281,Computer Science,2,2.07,2.08,2.04,35.6,30.0,20.2,2.79,18.4,47.9,41.5,44.8,33.8,39.9,16.6,7.8,1.6,3.49,89.8,2.04,High
STU03282,Business Administration,4,3.41,3.69,3.5,85.8,81.5,91.5,0.0,79.0,65.5,100.0,47.2,61.8,100.0,14.3,12.1,,3.26,84.6,3.44,Low
STU03283,Electrical Engineering,1,3.18,3.0,2.75,54.2,47.7,57.2,4.27,42.0,36.0,50.9,36.5,46.8,39.2,11.4,17.9,4.6,3.07,80.5,3.36,Medium
STU03284,Mathematics,5,2.2,1.95,2.1,45.7,48.6,40.9,3.44,60.7,59.3,55.5,64.8,49.1,42.9,16.2,9.5,6.4,2.67,71.5,2.04,Medium
STU03285,Biology,1,2.33,1.9,1.58,40.8,32.1,69.3,,50.2,38.7,31.8,25.8,37.3,60.7,7.4,13.9,1.9,3.08,80.7,2.61,Medium
STU03286,Computer Science,7,2.87,3.12,3.42,91.5,88.8,84.4,0.0,97.3,76.4,77.0,77.8,91.4,85.9,14.2,15.3,6.3,3.49,89.8,2.55,Low
STU03287,Biology,2,2.73,2.29,2.34,33.5,40.5,71.4,2.48,61.8,53.0,68.6,81.4,70.8,50.6,18.6,13.6,1.3,3.08,80.7,2.91,Medium
STU03288,Mechanical Engineering,1,3.62,3.6,3.64,83.7,80.9,90.3,1.07,87.3,81.7,100.0,88.0,97.0,93.9,27.3,15.2,8.4,2.65,71.2,3.65,Low
STU03289,Mechanical Engineering,7,3.28,2.92,2.99,79.5,79.0,63.3,0.99,80.8,77.7,82.2,72.2,83.5,81.9,16.9,10.7,6.8,2.65,71.2,3.32,Low
STU03290,Business Administration,1,2.88,2.66,2.74,55.5,65.3,45.3,1.31,73.2,77.0,71.3,74.3,63.4,69.2,12.0,10.4,2.7,3.26,84.6,3.01,Medium
STU03291,Psychology,6,3.96,4.0,4.0,81.4,83.8,100.0,0.0,90.4,100.0,89.4,96.3,70.3,98.8,17.6,18.7,8.8,2.76,73.7,4.0,Low
STU03292,Psychology,8,2.45,2.71,2.69,70.8,72.2,61.2,4.15,75.9,78.8,56.5,85.7,72.2,55.3,9.6,9.9,,2.76,73.7,2.12,Medium
STU03293,Mathematics,8,2.23,2.41,2.44,67.9,61.9,91.6,3.23,49.2,66.1,60.4,67.2,61.3,99.5,15.7,13.2,5.5,2.67,71.5,2.2,Low
STU03294,Business Administration,1,1.5,1.48,1.31,38.4,40.5,39.8,1.65,39.4,45.7,35.9,35.4,43.2,33.4,11.1,8.9,4.4,3.26,84.6,1.46,High
STU03295,Computer Science,8,2.89,2.58,2.22,41.5,42.1,60.0,1.81,50.0,63.8,58.0,68.5,52.3,48.0,14.8,3.9,5.5,3.49,89.8,3.23,Medium
STU03296,Economics,1,2.54,2.73,2.89,75.7,75.2,85.2,2.06,68.7,74.8,65.0,77.4,71.4,65.5,19.3,19.9,4.4,3.02,79.4,2.55,Low
STU03297,Mathematics,2,3.51,3.62,3.6,70.2,73.6,83.9,0.0,77.0,74.7,67.7,68.2,78.5,64.8,8.5,13.4,7.6,2.67,71.5,3.53,Low
STU03298,Business Administration,8,0.78,1.0,1.33,47.9,44.2,38.9,2.58,58.8,43.9,48.8,48.7,50.5,37.7,12.8,7.1,3.3,3.26,84.6,0.65,High
STU03299,Business Administration,2,1.55,1.37,1.1,48.9,37.3,47.1,2.39,43.0,48.0,44.3,42.5,45.1,37.0,16.9,2.6,3.0,3.26,84.6,1.71,High
STU03300,Mechanical Engineering,3,3.65,3.35,3.41,95.6,91.2,67.5,0.63,85.2,100.0,100.0,94.5,99.8,97.0,12.9,6.3,1.6,2.65,71.2,3.67,Low
STU03301,Mechanical Engineering,6,3.83,4.0,4.0,92.0,87.2,100.0,1.38,82.8,86.6,93.7,71.5,100.0,87.3,,9.3,3.9,2.65,71.2,3.83,Low
STU03302,Mathematics,3,2.55,3.18,3.16,73.1,82.0,56.5,2.95,82.4,85.9,60.5,87.5,60.0,90.8,21.2,12.7,6.3,2.67,71.5,2.3,Low
STU03303,Business Administration,4,1.72,2.04,1.87,71.5,82.3,79.0,,60.0,42.9,78.4,41.0,53.4,57.2,8.6,12.7,3.1,3.26,84.6,1.72,High
STU03304,Computer Science,2,0.5,0.8,0.96,46.8,47.2,10.0,3.12,24.8,13.2,8.5,35.7,11.7,10.7,2.7,6.5,6.7,3.49,89.8,0.37,High
STU03305,Computer Science,1,1.61,1.54,1.52,33.9,34.3,13.0,3.52,24.1,29.5,31.6,28.9,30.0,29.5,15.7,4.9,2.8,3.49,89.8,1.57,High
STU03306,Mechanical Engineering,6,1.53,1.99,2.46,45.8,54.1,64.8,2.16,57.4,82.2,61.5,56.1,78.5,83.2,10.9,6.9,0.9,2.65,71.2,1.39,High
STU03307,Economics,4,1.41,1.46,1.28,46.1,39.5,51.5,0.68,30.2,7.3,46.8,18.0,36.3,37.1,9.9,0.0,3.9,3.02,79.4,1.5,High
STU03308,Business Administration,8,1.6,1.48,1.46,46.0,51.9,44.5,2.17,53.6,52.0,61.2,52.6,53.5,48.4,15.4,0.8,2.8,3.26,84.6,1.73,High
STU03309,Mechanical Engineering,4,1.02,1.3,1.47,53.3,53.2,30.4,3.39,40.9,43.3,49.8,40.4,42.6,41.9,11.5,4.8,8.9,2.65,71.2,1.11,High
STU03310,Mechanical Engineering,8,4.0,3.61,3.47,100.0,100.0,93.9,0.24,95.6,100.0,99.8,96.7,94.8,94.2,21.8,13.1,7.0,2.65,71.2,4.0,Low
STU03311,Psychology,5,2.38,2.31,2.39,74.6,61.3,84.9,0.26,64.9,78.1,46.0,46.4,66.3,74.4,15.7,10.3,6.0,2.76,73.7,2.2,Medium
STU03312,Psychology,1,2.84,2.74,2.76,54.7,34.0,35.4,5.08,45.7,60.2,67.6,49.5,59.6,40.0,11.6,2.9,5.6,2.76,73.7,2.85,Medium
STU03313,Psychology,2,2.82,2.68,2.65,46.3,46.8,50.3,2.48,47.7,80.1,83.1,73.1,88.0,82.2,14.4,18.8,9.7,2.76,73.7,2.9,Low
STU03314,Business Administration,1,2.07,2.11,2.09,53.5,49.3,62.8,0.61,57.3,53.3,49.6,61.6,50.9,57.8,6.1,6.9,,3.26,84.6,2.0,Medium
STU03315,Computer Science,5,3.96,3.95,4.0,100.0,100.0,100.0,0.31,100.0,100.0,87.4,100.0,94.5,72.9,15.5,15.5,8.5,3.49,89.8,3.84,Low
STU03316,Electrical Engineering,4,0.56,0.96,1.44,49.7,58.8,45.0,0.64,47.8,43.2,45.3,52.5,41.1,44.8,12.4,8.4,0.0,3.07,80.5,0.13,High
STU03317,Economics,2,2.82,2.48,2.22,85.5,79.0,96.2,3.34,81.7,62.3,69.2,75.6,70.8,73.3,15.6,1.1,7.0,3.02,79.4,3.02,Low
STU03318,Psychology,4,4.0,4.0,4.0,91.8,91.5,100.0,0.0,76.5,79.4,90.8,100.0,87.8,99.0,23.9,16.7,4.7,2.76,73.7,4.0,Low
STU03319,Biology,6,2.26,2.6,2.79,67.1,71.9,80.4,0.0,83.6,70.7,79.8,73.3,63.6,73.5,16.6,16.5,3.9,3.08,80.7,1.98,Medium
STU03320,Psychology,4,3.16,2.95,2.92,65.4,70.4,61.0,1.36,62.8,94.1,79.4,71.1,64.8,56.2,22.0,14.6,1.3,2.76,73.7,3.34,Low
STU03321,Psychology,6,2.49,2.71,2.87,77.5,79.7,55.3,1.98,65.9,65.8,59.9,78.6,76.9,65.4,5.5,10.6,4.9,2.76,73.7,2.31,Medium
STU03322,Business Administration,3,3.53,3.42,3.1,71.5,78.2,90.5,0.0,92.9,78.2,83.8,84.3,83.1,76.3,25.6,14.6,7.8,3.26,84.6,3.72,Low
STU03323,Psychology,8,2.46,2.58,2.94,58.7,56.9,75.6,1.07,83.2,61.0,76.7,77.9,93.3,79.0,8.5,16.4,5.2,2.76,73.7,2.34,Medium
STU03324,Business Administration,1,2.6,2.78,2.73,96.9,94.2,79.3,0.0,93.5,70.8,74.4,85.9,64.0,83.6,20.8,18.7,0.0,3.26,84.6,2.6,Low
STU03325,Biology,5,2.6,2.73,2.8,100.0,100.0,100.0,0.0,100.0,100.0,100.0,100.0,80.6,82.9,21.9,12.4,10.0,3.08,80.7,2.55,Low
STU03326,Psychology,3,2.69,2.83,2.76,100.0,99.9,57.8,0.86,72.8,51.3,84.2,70.0,76.9,93.1,21.2,1.7,1.3,2.76,73.7,2.57,Low
STU03327,Electrical Engineering,1,4.0,4.0,3.84,100.0,100.0,70.6,,99.2,89.8,90.9,100.0,96.6,95.6,23.8,10.0,4.1,3.07,80.5,4.0,Low
STU03328,Electrical Engineering,6,0.8,0.86,0.89,27.9,30.0,18.5,4.62,31.5,18.1,32.4,26.1,29.7,29.1,8.5,14.0,3.2,3.07,80.5,0.76,High
STU03329,Electrical Engineering,8,3.54,3.62,3.43,94.4,100.0,84.2,0.0,95.0,81.5,85.7,81.4,99.5,84.4,28.9,15.1,3.5,3.07,80.5,3.57,Low
STU03330,Mathematics,7,3.4,3.62,3.43,84.7,92.9,74.8,1.66,92.0,82.2,89.8,89.0,86.4,91.4,19.6,24.4,4.4,2.67,71.5,3.43,Low
STU03331,Business Administration,6,2.81,2.85,2.4,68.4,69.2,66.0,1.0,39.6,74.7,58.9,24.6,57.1,46.7,16.1,7.6,3.1,3.26,84.6,2.96,Low
STU03332,Business Administration,8,3.02,3.17,3.01,67.7,58.3,62.6,0.73,60.9,79.0,74.4,80.4,70.3,70.9,15.9,15.4,13.2,3.26,84.6,2.99,Low
STU03333,Economics,6,0.79,1.23,1.78,30.5,30.0,68.4,0.31,39.2,47.9,24.0,50.7,56.3,48.2,12.5,6.6,4.5,3.02,79.4,0.43,High
STU03334,Psychology,5,3.94,3.92,3.91,96.5,95.1,100.0,0.88,93.9,100.0,95.9,100.0,100.0,100.0,31.9,19.0,4.6,2.76,73.7,4.0,Low
STU03335,Electrical Engineering,1,3.2,2.72,2.56,70.9,66.8,73.2,2.17,72.2,54.4,64.6,60.1,72.6,66.2,6.8,9.7,9.2,3.07,80.5,3.27,Low
STU03336,Economics,2,2.05,1.94,1.79,41.9,39.5,54.6,0.98,44.9,54.8,58.2,34.3,37.9,45.2,13.6,10.1,4.9,3.02,79.4,2.25,Medium
STU03337,Psychology,2,2.83,2.93,2.91,69.3,81.6,37.5,0.0,50.9,100.0,72.8,95.0,70.8,82.3,14.5,10.5,10.4,2.76,73.7,2.81,Medium
STU03338,Economics,5,2.76,3.06,3.31,94.1,100.0,78.6,0.0,100.0,97.4,90.8,59.8,100.0,76.7,10.4,16.2,4.1,3.02,79.4,2.73,Medium
STU03339,Economics,2,1.58,1.72,1.5,51.6,48.8,39.8,1.69,49.6,47.6,45.5,51.1,48.3,54.5,15.9,4.6,5.3,3.02,79.4,1.85,Medium
STU03340,Biology,7,2.5,2.53,2.33,52.7,51.1,50.0,4.49,54.2,33.2,12.6,56.1,52.8,53.7,19.0,12.6,8.9,3.08,80.7,2.57,Medium
STU03341,Electrical Engineering,7,2.85,2.82,2.78,61.9,61.4,60.7,1.37,69.8,78.5,51.9,71.4,65.9,72.9,11.3,11.8,4.6,3.07,80.5,3.1,Low
STU03342,Electrical Engineering,6,2.87,2.88,2.98,75.4,61.7,80.2,1.07,72.7,78.7,75.7,65.3,75.0,68.8,21.7,7.4,4.7,3.07,80.5,3.05,Low
STU03343,Business Administration,4,1.6,1.44,1.26,54.8,46.7,67.2,3.19,30.5,42.0,47.3,34.8,40.4,27.9,5.9,8.0,2.2,3.26,84.6,1.73,High
STU03344,Psychology,8,3.29,3.09,3.06,86.0,85.1,61.9,3.31,70.8,96.7,74.4,55.0,85.7,66.6,13.9,19.8,1.1,2.76,73.7,3.33,Low
STU03345,Business Administration,5,1.39,1.65,1.71,75.2,72.7,50.4,,75.6,65.2,73.7,62.0,70.8,73.0,5.8,5.8,3.3,3.26,84.6,1.45,High
STU03346,Electrical Engineering,4,3.25,3.33,3.48,73.3,69.6,95.5,0.0,52.2,56.0,82.0,85.7,78.2,52.8,13.7,13.6,3.2,3.07,80.5,3.44,Low
STU03347,Mathematics,2,2.72,2.54,2.66,74.4,71.5,86.3,1.03,77.2,58.6,94.4,76.7,62.4,91.8,6.4,14.9,8.9,2.67,71.5,2.58,Low
STU03348,Electrical Engineering,8,2.74,2.66,2.69,43.9,50.8,73.6,0.0,70.0,69.7,83.6,66.5,79.5,58.0,26.9,17.4,3.5,3.07,80.5,2.7,Low
STU03349,Electrical Engineering,1,4.0,4.0,4.0,87.4,91.1,72.4,0.84,100.0,86.8,93.4,83.9,97.0,79.0,21.4,16.4,4.5,3.07,80.5,4.0,Low
STU03350,Business Administration,6,3.68,3.63,3.77,63.4,59.3,78.8,2.9,88.8,76.8,82.7,80.6,83.8,90.8,14.7,17.2,7.2,3.26,84.6,3.68,Low
STU03351,Biology,5,2.2,2.2,2.01,65.4,65.5,59.4,0.3,78.6,72.5,51.9,48.5,63.9,63.5,19.7,10.1,8.5,3.08,80.7,2.4,Medium
STU03352,Computer Science,5,2.52,2.7,2.73,42.8,53.9,50.3,,49.9,67.3,45.6,52.0,95.6,58.8,18.7,21.3,5.6,3.49,89.8,2.49,Medium
STU03353,Mechanical Engineering,6,1.97,2.29,2.56,65.7,77.6,88.3,1.71,49.5,78.6,49.7,60.5,80.4,33.9,21.9,12.0,4.1,2.65,71.2,1.8,Medium
STU03354,Mechanical Engineering,3,2.46,2.52,2.23,81.8,75.0,84.0,2.92,67.7,66.6,65.4,63.5,69.7,69.0,10.9,12.3,2.6,2.65,71.2,2.62,Low
STU03355,Business Administration,6,2.61,2.48,2.42,88.9,90.5,91.4,0.4,76.6,76.8,71.9,77.9,65.2,73.9,23.5,14.3,5.1,3.26,84.6,2.71,Low
STU03356,Business Administration,4,3.13,2.63,2.65,63.8,66.5,78.6,0.78,91.9,62.0,72.3,72.6,74.2,65.9,17.7,10.1,3.1,3.26,84.6,3.02,Low
STU03357,Biology,7,3.74,3.66,3.69,65.6,75.8,100.0,2.03,78.4,74.4,90.4,88.6,68.4,85.8,25.9,20.4,,3.08,80.7,3.82,Low
STU03358,Psychology,3,2.98,3.24,3.29,48.3,61.7,84.1,0.0,62.2,56.6,97.4,100.0,85.1,87.9,16.6,13.8,5.7,2.76,73.7,2.89,Low
STU03359,Economics,3,2.77,2.94,2.84,46.3,51.3,98.5,0.9,49.8,83.6,64.6,58.8,57.3,41.0,21.5,11.3,2.9,3.02,79.4,2.84,Medium
STU03360,Mechanical Engineering,5,1.79,1.43,1.39,30.4,30.0,11.5,3.95,39.2,33.7,33.8,41.5,46.2,35.8,,11.3,4.3,2.65,71.2,1.86,High
STU03361,Economics,5,1.63,1.55,1.54,73.2,73.9,66.4,2.42,61.0,39.0,67.2,72.5,55.6,54.6,15.9,18.4,4.1,3.02,79.4,1.63,Medium
STU03362,Mechanical Engineering,5,3.1,3.14,3.18,90.0,79.1,89.1,0.0,76.7,71.8,79.4,60.2,100.0,56.4,,16.1,5.8,2.65,71.2,3.19,Low
STU03363,Computer Science,5,1.05,1.25,1.21,27.6,30.0,33.6,4.51,0.0,27.9,32.9,34.3,11.1,10.4,6.7,0.8,7.0,3.49,89.8,1.0,High
STU03364,Mechanical Engineering,2,3.31,2.78,2.68,50.8,57.2,68.8,0.0,66.2,54.3,57.5,77.7,55.5,50.2,17.8,12.2,11.6,2.65,71.2,3.22,Low
STU03365,Economics,6,1.51,1.69,1.8,73.9,76.0,60.5,3.76,53.8,50.8,56.0,60.6,54.7,66.2,,8.3,3.3,3.02,79.4,1.38,High
STU03366,Economics,8,2.08,2.31,2.18,71.6,67.6,72.0,1.49,71.7,69.4,66.4,69.8,69.8,80.6,16.7,10.9,4.6,3.02,79.4,2.1,Medium
STU03367,Psychology,7,3.1,3.32,3.36,74.7,80.1,100.0,0.0,82.4,79.6,72.9,71.9,79.2,83.4,25.1,16.7,6.5,2.76,73.7,2.95,Low
STU03368,Computer Science,7,2.47,2.67,2.4,62.9,68.1,59.7,1.73,81.1,70.0,68.3,65.8,76.4,65.3,10.6,17.0,5.6,3.49,89.8,2.48,Medium
STU03369,Economics,3,3.25,3.25,3.07,81.8,85.1,57.4,1.1,89.6,62.0,89.3,67.8,83.0,73.9,,18.4,0.0,3.02,79.4,3.32,Low
STU03370,Business Administration,2,4.0,3.95,3.72,82.5,85.2,83.0,2.03,83.1,82.0,70.4,100.0,85.5,94.2,22.4,18.4,5.7,3.26,84.6,4.0,Low
STU03371,Mechanical Engineering,8,2.87,2.81,2.31,70.1,66.0,63.9,1.88,86.2,70.6,60.3,60.4,87.6,91.9,18.6,10.0,6.0,2.65,71.2,3.11,Low
STU03372,Business Administration,4,3.23,2.91,2.76,72.2,66.8,53.3,0.06,73.5,60.4,67.7,66.2,65.2,68.6,15.7,12.6,9.1,3.26,84.6,3.23,Low
STU03373,Electrical Engineering,1,3.56,3.64,3.48,96.3,100.0,76.1,2.45,84.4,78.4,69.4,87.6,82.1,81.7,13.8,7.4,3.2,3.07,80.5,3.5,Low
STU03374,Mechanical Engineering,8,1.45,1.67,1.66,39.8,30.0,28.1,3.27,58.6,41.9,72.7,38.4,31.8,50.2,15.9,0.0,8.3,2.65,71.2,1.14,High
STU03375,Mathematics,2,2.51,2.46,2.42,60.5,58.3,44.1,0.54,60.6,61.6,60.4,52.4,67.7,59.2,13.5,10.5,6.6,2.67,71.5,2.66,Medium
STU03376,Psychology,7,3.88,3.68,3.69,100.0,95.3,95.1,0.0,94.1,88.0,92.3,96.8,95.7,87.7,25.2,13.2,0.1,2.76,73.7,4.0,Low
STU03377,Business Administration,3,1.97,2.09,2.04,68.4,51.4,53.1,2.54,32.2,61.7,53.9,42.7,38.0,50.4,13.4,14.5,0.0,3.26,84.6,1.98,Medium
STU03378,Psychology,1,2.43,2.36,2.6,52.7,49.7,54.1,,57.7,71.9,55.0,70.2,55.4,61.2,13.6,10.5,7.3,2.76,73.7,2.36,Medium
STU03379,Mechanical Engineering,2,2.4,2.41,2.4,58.6,58.9,44.2,4.63,47.4,69.5,76.1,72.2,53.7,54.9,18.4,13.1,0.0,2.65,71.2,2.39,Medium
STU03380,Psychology,8,1.74,1.56,1.68,51.0,55.6,51.8,1.68,33.2,34.6,22.5,16.9,66.9,49.0,14.5,8.1,10.7,2.76,73.7,1.76,High
STU03381,Business Administration,8,2.92,2.91,2.83,45.7,43.8,68.0,,59.4,51.4,72.5,43.3,60.8,71.8,10.2,10.6,5.1,3.26,84.6,3.02,Low
STU03382,Computer Science,3,2.91,3.2,3.23,92.3,92.0,57.0,0.57,76.5,77.2,76.2,79.3,81.0,78.9,22.1,16.9,2.9,3.49,89.8,2.76,Low
STU03383,Biology,4,1.76,1.94,2.08,55.9,58.1,44.8,1.82,62.4,58.1,60.2,55.5,51.0,58.4,12.9,12.4,7.8,3.08,80.7,1.6,Medium
STU03384,Electrical Engineering,4,3.57,3.16,3.19,100.0,100.0,100.0,0.0,99.2,100.0,70.1,81.7,100.0,78.8,13.1,20.2,5.8,3.07,80.5,3.8,Low
STU03385,Economics,4,2.42,2.23,2.22,67.4,63.9,68.2,1.27,66.3,60.8,55.9,59.2,50.7,49.3,13.9,11.1,7.2,3.02,79.4,2.48,Low
STU03386,Biology,3,2.89,3.01,3.21,56.5,53.4,76.9,0.0,78.0,77.4,78.2,71.0,69.9,75.3,7.2,12.8,4.9,3.08,80.7,2.85,Low
STU03387,Computer Science,1,3.0,3.46,3.59,64.6,78.7,88.9,0.0,88.6,79.5,79.7,85.7,89.1,86.4,26.8,5.1,6.3,3.49,89.8,2.88,Low
STU03388,Computer Science,8,2.22,2.07,2.01,51.8,43.8,75.8,4.47,62.0,64.2,71.4,79.3,51.9,61.9,12.0,8.9,4.6,3.49,89.8,2.24,Medium
STU03389,Economics,7,1.95,1.79,1.66,47.8,43.7,55.4,2.29,54.2,55.6,50.0,58.7,55.2,48.0,11.2,4.0,3.7,3.02,79.4,2.04,Medium
STU03390,Electrical Engineering,7,2.59,2.81,3.02,75.3,76.6,95.7,1.38,73.7,66.7,68.2,69.9,69.0,73.9,16.6,11.2,0.6,3.07,80.5,2.54,Medium
STU03391,Mechanical Engineering,1,2.49,2.59,2.6,52.4,56.4,81.3,0.97,75.8,80.9,71.1,69.0,78.3,81.0,19.8,13.2,3.1,2.65,71.2,2.45,Medium
STU03392,Psychology,8,2.76,2.81,2.53,87.3,87.8,70.5,1.11,90.4,76.2,71.7,82.5,82.1,81.0,21.6,6.1,2.7,2.76,73.7,2.96,Low
STU03393,Mechanical Engineering,8,1.35,1.55,1.7,30.3,38.2,42.0,1.81,41.0,38.0,38.9,50.3,66.4,64.2,5.3,0.0,6.6,2.65,71.2,1.24,High
STU03394,Psychology,6,2.18,2.26,2.42,93.1,100.0,57.3,0.0,74.2,72.3,78.1,49.8,100.0,73.7,15.7,8.3,5.6,2.76,73.7,2.13,Low
STU03395,Electrical Engineering,4,2.1,2.06,2.12,33.1,31.6,41.1,2.42,44.7,37.4,45.0,33.4,46.6,39.4,10.1,3.2,8.1,3.07,80.5,2.17,High
STU03396,Electrical Engineering,6,2.41,2.2,1.95,58.5,47.5,34.7,1.07,44.9,52.7,48.4,32.5,42.1,48.8,12.3,6.1,3.0,3.07,80.5,2.67,Medium
STU03397,Mathematics,4,3.12,3.26,3.4,83.1,90.1,87.7,0.0,95.2,79.4,74.9,82.1,97.2,100.0,26.7,21.1,4.7,2.67,71.5,2.77,Low
STU03398,Psychology,1,1.22,1.66,2.09,71.2,72.4,43.2,0.0,52.3,78.6,37.3,40.1,76.0,53.9,15.4,11.8,1.8,2.76,73.7,1.22,High
STU03399,Biology,3,1.82,1.77,1.42,30.3,32.3,90.4,0.02,51.9,59.6,70.3,49.5,57.1,48.2,6.7,2.8,2.9,3.08,80.7,2.0,Medium
STU03400,Biology,5,2.03,2.28,2.57,83.9,90.0,63.6,4.09,54.1,62.3,64.4,69.4,79.5,68.7,17.6,7.9,1.9,3.08,80.7,1.75,Medium
STU03401,Business Administration,7,3.66,3.56,3.53,44.1,51.3,61.6,0.0,86.9,77.6,90.8,78.4,80.2,67.4,,14.3,5.0,3.26,84.6,3.81,Low
STU03402,Electrical Engineering,1,2.75,2.83,2.94,48.3,50.3,53.4,3.29,73.9,65.0,68.6,78.5,78.3,61.3,21.9,5.5,0.0,3.07,80.5,2.69,Medium
STU03403,Economics,5,3.25,3.26,3.35,92.5,86.3,74.6,0.0,75.5,67.4,71.5,67.0,64.0,85.7,10.2,13.7,7.9,3.02,79.4,3.1,Low
STU03404,Business Administration,6,4.0,4.0,4.0,98.8,92.9,89.2,0.83,83.0,79.9,95.3,100.0,89.8,90.4,23.5,16.3,1.7,3.26,84.6,4.0,Low
STU03405,Biology,7,4.0,3.89,3.85,90.3,76.1,83.7,0.0,90.2,94.6,80.8,86.6,74.2,84.9,20.9,15.6,9.9,3.08,80.7,4.0,Low
STU03406,Biology,4,2.82,2.75,2.83,82.1,82.1,75.3,1.47,70.7,71.1,72.9,70.3,74.4,69.1,24.6,22.6,5.2,3.08,80.7,2.7,Low
STU03407,Electrical Engineering,1,2.46,2.07,1.89,60.9,62.5,35.1,1.0,49.1,73.3,60.4,73.5,68.5,69.8,16.7,8.1,5.2,3.07,80.5,2.62,Low
STU03408,Electrical Engineering,1,0.89,1.27,1.46,64.4,68.2,20.3,1.5,62.7,58.6,54.1,56.8,56.7,57.4,19.2,18.2,5.3,3.07,80.5,0.58,High
STU03409,Psychology,4,2.29,2.17,1.97,55.9,46.6,46.2,4.01,55.3,39.1,37.9,47.3,47.9,49.4,10.6,7.7,0.0,2.76,73.7,2.32,Medium
STU03410,Mathematics,2,1.01,1.54,1.77,20.0,30.0,37.9,2.25,29.1,25.4,31.0,28.5,18.5,23.9,13.3,7.8,6.2,2.67,71.5,0.8,High
STU03411,Computer Science,3,2.44,2.43,2.46,64.8,66.7,84.2,3.14,81.8,79.6,92.3,88.9,88.9,81.7,23.4,12.2,3.3,3.49,89.8,2.7,Low
STU03412,Biology,2,1.82,1.96,2.01,67.1,62.4,30.0,2.15,45.6,20.8,21.9,26.2,28.9,49.8,8.2,5.8,1.2,3.08,80.7,1.62,Medium
STU03413,Computer Science,6,2.45,2.14,2.12,88.2,89.8,86.8,0.0,74.8,70.4,73.6,93.2,87.5,93.3,17.3,16.0,5.8,3.49,89.8,2.74,Medium
STU03414,Mathematics,7,3.14,3.04,2.97,86.8,79.2,90.5,0.0,97.3,58.3,82.4,88.4,100.0,77.0,16.7,9.3,6.8,2.67,71.5,3.14,Low
STU03415,Economics,8,2.62,2.35,1.97,32.5,34.2,51.9,2.17,31.8,35.8,29.6,37.8,39.5,40.0,,7.6,5.9,3.02,79.4,3.07,Medium
STU03416,Biology,1,4.0,3.97,3.56,100.0,100.0,56.6,0.0,93.7,87.2,74.6,98.6,84.8,52.8,15.0,10.1,9.2,3.08,80.7,4.0,Low
STU03417,Psychology,7,2.97,3.12,2.93,71.7,66.5,79.5,2.35,59.3,47.9,73.3,59.2,88.9,51.2,15.7,13.5,8.8,2.76,73.7,3.0,Low
STU03418,Economics,5,4.0,3.9,3.77,76.7,80.0,90.7,0.08,86.5,100.0,65.1,100.0,68.5,52.6,13.9,10.0,10.0,3.02,79.4,4.0,Low
STU03419,Mathematics,5,2.61,2.77,2.82,97.2,91.9,72.6,3.27,81.3,94.1,59.0,76.5,55.6,35.9,17.5,12.4,4.8,2.67,71.5,2.57,Low
STU03420,Economics,6,3.22,3.15,3.14,71.2,73.3,100.0,0.0,51.8,71.4,47.3,74.6,79.1,63.6,22.3,17.7,11.3,3.02,79.4,3.28,Low
STU03421,Computer Science,1,1.81,1.67,1.7,81.2,77.7,50.9,1.73,43.7,47.8,61.0,57.4,55.1,54.8,20.7,11.2,4.2,3.49,89.8,1.81,Medium
STU03422,Psychology,6,3.36,3.05,3.08,61.0,64.2,72.5,0.34,49.3,64.8,53.3,83.0,80.3,61.4,20.3,10.5,4.9,2.76,73.7,3.51,Low
STU03423,Mathematics,2,1.81,2.2,2.12,72.5,62.5,58.1,2.55,47.9,49.6,51.3,50.5,53.1,52.3,14.0,19.7,7.6,2.67,71.5,1.84,Medium
STU03424,Mathematics,4,2.12,2.12,1.68,47.6,44.8,28.9,5.42,87.9,41.1,34.0,55.9,70.7,62.8,13.6,12.2,4.9,2.67,71.5,2.13,Medium
STU03425,Biology,3,2.51,2.21,2.26,34.5,30.0,66.1,2.1,58.7,63.1,65.2,59.8,61.3,60.4,6.9,12.5,2.2,3.08,80.7,2.65,Medium
STU03426,Economics,6,4.0,4.0,3.67,85.9,81.4,62.8,0.02,85.3,62.4,100.0,80.2,80.8,100.0,5.9,21.3,11.7,3.02,79.4,4.0,Low
STU03427,Biology,8,3.57,3.27,3.04,61.4,50.5,52.9,2.56,55.5,78.5,47.5,58.7,73.8,57.5,15.8,9.0,2.2,3.08,80.7,3.72,Low
STU03428,Mathematics,8,2.96,2.64,2.55,45.0,49.2,44.1,1.92,47.7,57.1,57.1,61.4,61.6,64.9,9.4,16.0,5.8,2.67,71.5,3.03,Medium
STU03429,Electrical Engineering,5,3.66,4.0,4.0,97.0,98.2,100.0,0.0,79.5,82.5,78.1,83.3,74.7,79.6,20.4,14.0,0.0,3.07,80.5,3.74,Low
STU03430,Psychology,5,1.23,1.2,1.51,43.8,49.7,43.6,1.82,42.5,41.5,55.4,40.2,50.7,46.4,7.5,11.0,5.5,2.76,73.7,1.06,High
STU03431,Mathematics,8,0.64,0.61,0.5,36.1,30.0,38.8,4.21,24.4,23.5,21.4,18.5,19.7,20.8,13.1,4.3,8.7,2.67,71.5,0.59,High
STU03432,Computer Science,6,2.13,2.45,2.45,57.7,56.1,69.8,3.35,60.5,38.1,45.3,41.7,22.8,42.2,8.8,6.5,7.0,3.49,89.8,2.13,Medium
STU03433,Mathematics,2,2.93,2.92,2.96,71.5,66.4,100.0,0.88,73.9,73.9,61.9,98.7,91.5,62.1,19.2,11.1,1.2,2.67,71.5,2.88,Low
STU03434,Business Administration,7,0.96,0.85,1.15,50.8,61.0,50.7,4.35,83.1,50.5,54.8,43.2,81.1,22.7,17.1,10.0,6.4,3.26,84.6,1.09,High
STU03435,Electrical Engineering,3,3.49,3.21,3.09,71.3,70.8,84.9,2.85,51.9,74.1,76.9,69.2,65.3,69.1,13.6,5.9,2.8,3.07,80.5,3.47,Low
STU03436,Economics,8,3.27,3.14,3.25,69.8,83.4,85.5,0.0,63.1,90.3,100.0,95.1,84.2,35.1,12.2,21.7,2.1,3.02,79.4,3.13,Low
STU03437,Mathematics,8,3.03,2.52,2.38,75.7,74.8,70.7,3.09,69.4,92.2,80.4,60.4,47.5,68.4,12.5,11.2,11.9,2.67,71.5,3.15,Low
STU03438,Economics,3,3.22,3.48,3.59,99.2,100.0,63.2,,78.0,82.1,83.5,79.7,85.4,79.0,,7.3,5.7,3.02,79.4,3.08,Low
STU03439,Psychology,3,3.97,4.0,4.0,98.0,100.0,94.1,0.12,73.1,84.9,91.8,100.0,81.8,80.3,24.1,6.2,3.3,2.76,73.7,4.0,Low
STU03440,Economics,6,3.27,3.27,3.28,59.8,62.8,58.4,3.17,82.0,76.0,53.9,78.5,62.8,62.4,17.4,11.3,3.6,3.02,79.4,3.28,Low
STU03441,Biology,3,3.37,3.19,3.28,56.5,55.5,76.9,3.69,69.4,64.4,64.8,68.3,58.4,76.4,21.8,5.1,10.4,3.08,80.7,3.36,Low
STU03442,Mathematics,4,1.97,2.25,2.49,72.9,75.9,58.6,0.17,54.3,80.0,41.3,57.4,82.1,64.5,24.9,15.4,3.7,2.67,71.5,2.0,Medium
STU03443,Biology,3,1.96,1.92,1.7,37.2,36.4,50.6,4.68,48.9,25.6,20.7,21.0,45.3,79.8,9.0,12.7,6.6,3.08,80.7,2.01,High
STU03444,Biology,3,1.74,2.07,2.11,41.1,50.3,77.0,3.63,66.5,69.6,48.0,48.9,59.6,68.8,9.9,10.9,8.3,3.08,80.7,1.62,High
STU03445,Electrical Engineering,8,3.22,3.18,3.05,89.1,84.8,65.8,1.23,67.0,67.3,59.1,62.2,59.8,64.1,13.5,3.4,1.9,3.07,80.5,3.19,Low
STU03446,Mechanical Engineering,2,3.28,3.13,3.1,69.4,72.2,84.2,0.42,84.1,83.5,77.1,76.4,74.8,81.1,17.4,9.8,2.6,2.65,71.2,3.35,Low
STU03447,Electrical Engineering,5,3.78,3.08,2.62,93.4,87.5,100.0,0.0,83.3,87.3,71.1,89.2,59.1,71.3,5.5,14.9,8.1,3.07,80.5,4.0,Low
STU03448,Business Administration,1,2.81,2.81,2.76,81.5,78.2,63.6,,76.1,70.6,73.6,82.0,63.3,53.4,13.9,19.3,5.0,3.26,84.6,2.76,Low
STU03449,Electrical Engineering,2,3.69,3.66,3.54,78.9,82.3,81.0,0.95,100.0,89.0,88.4,72.8,94.6,88.7,21.3,15.7,7.8,3.07,80.5,3.59,Low
STU03450,Business Administration,3,3.5,3.77,4.0,86.2,91.6,100.0,0.0,100.0,91.2,75.6,90.7,88.6,100.0,25.4,18.5,4.5,3.26,84.6,3.38,Low
STU03451,Mathematics,2,2.26,2.01,2.28,41.4,45.2,38.7,2.94,74.1,76.2,67.7,56.4,52.7,35.0,3.7,15.2,5.3,2.67,71.5,2.18,High
STU03452,Psychology,2,3.36,3.35,3.32,66.0,70.4,87.7,2.21,72.8,72.2,93.3,77.0,73.0,84.1,28.9,12.3,8.2,2.76,73.7,3.34,Low
STU03453,Economics,8,2.1,2.19,2.44,65.5,67.6,43.1,0.48,77.5,70.9,82.1,69.6,52.5,73.7,13.8,16.9,4.4,3.02,79.4,1.89,Medium
STU03454,Psychology,5,2.95,3.13,3.02,59.8,61.1,66.9,0.56,57.5,59.0,51.0,76.7,88.1,76.5,20.1,10.3,6.5,2.76,73.7,2.87,Low
STU03455,Computer Science,2,2.99,3.12,3.39,89.8,83.0,63.9,1.59,83.6,73.5,59.1,93.5,82.9,71.2,10.2,11.8,3.0,3.49,89.8,2.65,Low
STU03456,Mechanical Engineering,5,2.83,2.67,2.23,80.0,71.7,79.6,2.05,75.2,82.7,79.3,60.7,75.6,76.2,23.2,17.9,6.5,2.65,71.2,3.0,Low
STU03457,Business Administration,5,2.44,2.53,2.55,79.5,81.8,68.0,0.98,57.5,59.6,54.8,54.8,55.0,51.8,19.4,11.5,5.5,3.26,84.6,2.45,Medium
STU03458,Biology,5,3.66,3.58,3.72,96.9,89.8,100.0,0.41,94.4,100.0,100.0,100.0,92.2,100.0,28.6,21.5,5.0,3.08,80.7,3.73,Low
STU03459,Psychology,5,1.2,0.94,0.5,34.0,30.0,24.3,,27.9,22.8,52.1,18.9,8.6,28.9,5.5,8.3,6.3,2.76,73.7,1.63,High
STU03460,Psychology,7,2.14,2.36,2.81,52.6,55.9,33.4,2.53,51.8,46.6,74.5,24.3,44.6,88.6,13.9,14.6,5.6,2.76,73.7,1.92,High
STU03461,Psychology,7,2.17,2.47,2.18,29.6,30.0,48.4,2.98,41.1,35.4,33.4,29.2,32.2,39.9,0.5,14.3,4.5,2.76,73.7,2.23,Medium
STU03462,Economics,8,2.48,2.18,1.9,53.6,47.5,38.8,4.24,70.6,64.4,70.6,55.0,55.7,55.7,9.8,8.9,6.0,3.02,79.4,2.71,Medium
STU03463,Business Administration,7,1.55,1.65,1.58,51.0,49.5,39.2,2.66,76.6,48.3,49.2,34.0,45.5,21.6,22.5,12.0,,3.26,84.6,1.43,High
STU03464,Mechanical Engineering,6,2.5,2.76,2.77,47.3,51.8,71.1,2.29,63.8,52.9,59.9,65.9,54.1,58.9,10.6,11.7,8.2,2.65,71.2,2.33,Medium
STU03465,Economics,7,2.23,2.55,2.78,80.9,77.6,83.6,1.67,74.1,74.4,68.0,70.0,70.1,62.7,12.3,12.3,2.5,3.02,79.4,1.88,Low
STU03466,Psychology,2,3.14,3.07,2.97,88.3,85.0,82.8,1.54,71.8,79.2,76.4,68.3,79.0,83.1,7.3,13.1,,2.76,73.7,2.99,Low
STU03467,Psychology,2,3.0,2.64,2.66,86.0,85.7,72.3,1.12,71.7,82.1,63.8,69.4,68.7,78.8,12.0,17.9,,2.76,73.7,3.11,Low
STU03468,Psychology,7,2.05,1.95,1.62,54.8,53.6,53.1,2.12,55.6,49.0,49.6,29.4,47.6,54.5,23.6,14.8,3.4,2.76,73.7,2.24,Medium
STU03469,Mathematics,7,3.53,3.18,2.87,66.3,66.5,59.2,3.37,78.0,67.1,72.8,70.6,68.2,56.8,20.9,9.3,0.0,2.67,71.5,3.8,Low
STU03470,Computer Science,2,3.49,3.35,3.33,85.9,84.8,96.4,0.19,68.7,83.0,79.5,54.8,77.2,82.1,16.6,18.3,1.3,3.49,89.8,3.54,Low
STU03471,Mathematics,7,2.77,2.78,2.65,64.5,59.2,98.9,1.65,100.0,73.3,57.7,39.0,56.0,71.3,14.6,15.2,6.1,2.67,71.5,2.76,Low
STU03472,Economics,2,1.91,1.67,1.74,36.6,30.0,51.2,3.67,30.1,51.8,34.1,37.4,45.5,68.4,14.2,6.4,3.1,3.02,79.4,2.01,Medium
STU03473,Mechanical Engineering,4,3.14,2.88,2.82,73.4,75.6,43.7,0.0,63.0,75.2,70.1,71.0,68.9,74.4,18.1,13.1,4.0,2.65,71.2,2.99,Low
STU03474,Economics,2,1.63,1.73,1.73,51.5,60.9,56.9,3.4,45.4,40.1,43.1,62.9,50.5,52.1,7.2,11.6,9.1,3.02,79.4,1.42,High
STU03475,Psychology,8,3.78,3.91,3.43,64.1,63.4,83.2,1.66,69.2,58.7,68.9,70.9,71.4,64.8,20.8,13.8,5.2,2.76,73.7,4.0,Low
STU03476,Electrical Engineering,8,3.57,3.43,3.24,80.3,83.5,98.4,,83.2,80.7,85.4,93.4,76.8,69.6,13.6,13.9,8.7,3.07,80.5,3.93,Low
STU03477,Biology,7,2.21,2.19,1.99,56.1,53.7,38.5,2.5,56.3,46.5,54.9,57.4,61.7,49.0,6.7,8.7,5.5,3.08,80.7,2.29,Medium
STU03478,Mechanical Engineering,2,3.47,3.55,4.0,84.4,90.1,100.0,,92.1,97.5,97.3,91.1,93.2,97.8,17.8,16.3,6.0,2.65,71.2,3.24,Low
STU03479,Economics,4,2.39,2.37,2.39,52.6,63.4,58.3,2.23,60.4,62.7,62.4,63.6,55.4,66.6,14.8,12.7,4.6,3.02,79.4,2.7,Medium
STU03480,Mechanical Engineering,3,2.09,2.33,2.53,90.5,85.0,57.1,3.69,68.9,64.5,67.9,59.1,58.5,66.8,21.8,11.3,10.1,2.65,71.2,1.94,Medium
STU03481,Biology,2,2.96,3.03,3.4,55.8,58.8,79.3,1.19,88.5,53.7,67.9,58.7,60.3,53.1,15.7,16.9,3.7,3.08,80.7,2.76,Low
STU03482,Economics,2,1.87,1.88,1.48,61.9,60.3,41.6,3.95,54.9,37.2,32.5,52.8,40.2,26.1,13.4,6.5,8.3,3.02,79.4,2.06,Medium
STU03483,Computer Science,4,2.56,2.33,2.19,52.2,43.1,74.1,,53.5,49.6,66.1,80.8,56.2,44.4,18.8,7.5,5.9,3.49,89.8,2.64,Low
STU03484,Mathematics,5,2.11,2.43,2.47,77.3,79.9,46.1,0.0,54.8,53.6,56.8,83.7,92.7,70.7,21.4,16.7,1.7,2.67,71.5,1.99,Medium
STU03485,Computer Science,4,4.0,4.0,4.0,100.0,100.0,100.0,0.0,100.0,78.4,76.7,82.9,72.1,91.2,10.7,13.5,0.0,3.49,89.8,3.97,Low
STU03486,Biology,1,3.93,3.71,3.29,80.1,70.5,71.1,0.13,80.2,73.6,92.3,100.0,85.6,90.3,25.4,12.8,6.2,3.08,80.7,4.0,Low
STU03487,Mathematics,8,2.05,1.85,1.84,57.8,52.0,47.7,2.05,50.0,56.7,58.5,62.5,54.5,47.0,,15.3,3.3,2.67,71.5,1.98,Medium
STU03488,Mechanical Engineering,1,2.3,2.38,2.0,59.8,58.0,50.7,1.43,55.0,54.7,42.0,76.1,29.7,56.8,13.8,8.4,,2.65,71.2,2.24,Medium
STU03489,Mathematics,2,2.1,2.34,2.04,79.0,77.2,46.1,2.9,61.0,59.1,63.7,65.5,69.4,63.4,17.0,15.9,7.2,2.67,71.5,1.99,Medium
STU03490,Mechanical Engineering,7,1.98,2.24,2.45,93.4,94.0,65.0,3.69,62.3,51.9,45.7,75.9,42.0,62.8,23.2,14.3,,2.65,71.2,1.86,Medium
STU03491,Economics,7,0.82,1.15,1.14,24.3,30.0,68.9,3.09,42.9,29.6,39.5,26.7,42.5,43.2,13.9,5.7,7.1,3.02,79.4,0.76,High
STU03492,Economics,7,1.97,2.13,2.55,51.2,59.7,63.3,1.78,60.5,64.3,67.9,67.9,65.6,68.0,16.4,6.5,,3.02,79.4,1.69,High
STU03493,Electrical Engineering,8,3.02,3.04,3.17,93.4,90.5,100.0,1.88,100.0,88.9,100.0,97.4,96.5,96.4,23.0,17.0,8.1,3.07,80.5,2.95,Low
STU03494,Electrical Engineering,5,1.78,1.86,1.96,29.0,31.7,32.0,4.83,51.1,19.9,46.9,31.9,53.9,27.4,3.3,11.2,4.3,3.07,80.5,1.76,High
STU03495,Psychology,3,2.02,2.06,2.14,42.2,46.7,50.2,4.0,46.4,64.3,65.7,65.5,58.3,56.9,11.9,4.7,6.6,2.76,73.7,1.73,Medium
STU03496,Computer Science,4,3.33,3.45,3.49,89.2,94.1,77.3,0.0,93.1,82.5,87.5,87.8,91.6,86.4,11.3,15.4,3.6,3.49,89.8,3.32,Low
STU03497,Psychology,6,4.0,3.8,3.2,71.3,55.6,61.0,0.0,68.0,70.3,29.8,56.0,67.8,77.2,21.2,11.1,7.0,2.76,73.7,4.0,Low
STU03498,Mathematics,8,2.98,2.9,2.93,62.3,57.9,64.1,4.3,68.4,66.4,71.1,81.0,57.2,79.3,19.7,14.7,0.0,2.67,71.5,2.92,Low
STU03499,Economics,8,2.08,2.28,2.31,47.0,37.7,73.5,3.82,47.5,55.9,44.5,42.1,43.6,51.2,12.3,15.4,6.9,3.02,79.4,2.12,Medium
STU03500,Mechanical Engineering,5,3.54,3.5,3.58,90.6,83.8,97.3,1.66,54.5,100.0,85.4,58.5,72.6,79.9,24.9,11.1,4.8,2.65,71.2,3.55,Low
STU03501,Computer Science,4,2.99,2.89,2.82,66.5,63.7,45.7,2.99,41.6,47.5,50.3,62.4,65.4,84.7,24.6,14.2,0.5,3.49,89.8,3.27,Medium
STU03502,Mechanical Engineering,5,2.89,3.02,3.06,63.8,66.6,86.8,2.43,83.6,65.0,78.5,87.2,69.5,76.3,8.9,10.4,4.6,2.65,71.2,2.86,Low
STU03503,Mechanical Engineering,8,4.0,4.0,3.71,67.0,60.1,60.9,0.39,74.1,63.5,87.3,92.3,79.0,100.0,17.6,8.5,0.7,2.65,71.2,4.0,Low
STU03504,Electrical Engineering,3,3.62,3.85,4.0,86.5,92.6,70.1,0.0,100.0,94.7,100.0,100.0,98.7,92.2,25.4,17.4,1.9,3.07,80.5,3.44,Low
STU03505,Economics,4,3.98,3.87,3.25,58.3,66.5,49.7,1.98,29.4,69.8,51.7,71.3,73.9,77.0,17.7,10.2,,3.02,79.4,4.0,Low
STU03506,Economics,6,2.03,2.59,2.83,58.6,59.2,53.0,3.54,46.6,41.5,57.7,49.5,61.2,58.7,10.1,12.6,3.3,3.02,79.4,1.81,High
STU03507,Computer Science,5,1.87,1.89,1.93,60.7,70.5,77.8,1.54,62.2,59.8,50.0,42.9,40.2,53.8,20.9,5.9,4.6,3.49,89.8,2.01,Medium
STU03508,Electrical Engineering,1,2.7,2.55,2.63,58.6,57.9,40.1,3.94,67.5,40.6,58.8,34.3,44.7,40.6,,6.0,8.4,3.07,80.5,2.57,Medium
STU03509,Biology,8,0.49,0.78,0.93,40.7,41.8,31.5,2.95,43.9,39.7,44.1,49.2,30.1,28.6,17.6,11.7,,3.08,80.7,0.57,High
STU03510,Business Administration,2,4.0,4.0,4.0,92.6,88.9,100.0,0.0,94.1,100.0,100.0,95.4,100.0,93.4,19.0,15.8,7.1,3.26,84.6,4.0,Low
STU03511,Mathematics,5,2.59,2.78,2.76,71.1,64.1,74.8,0.0,55.7,79.6,72.6,77.1,64.1,63.7,16.0,11.3,3.8,2.67,71.5,2.68,Low
STU03512,Mechanical Engineering,4,2.47,2.91,2.74,87.8,92.0,89.1,1.48,100.0,89.0,85.4,76.4,89.8,98.0,25.3,15.5,3.2,2.65,71.2,2.48,Low
STU03513,Economics,8,3.26,3.09,2.94,94.3,88.0,71.5,1.94,35.2,75.2,75.3,78.4,67.6,58.8,17.9,17.2,6.6,3.02,79.4,3.33,Low
STU03514,Economics,3,2.94,2.85,2.73,60.7,53.5,62.1,1.67,47.6,39.5,29.5,31.8,45.5,62.3,21.9,9.0,6.0,3.02,79.4,2.74,Low
STU03515,Mathematics,7,3.28,2.95,2.74,70.2,66.0,57.5,4.12,73.1,64.7,75.7,64.1,94.3,62.2,,4.7,8.6,2.67,71.5,3.37,Low
STU03516,Electrical Engineering,3,1.12,1.17,1.39,44.9,42.1,49.3,0.0,51.1,48.0,53.4,54.0,35.8,43.1,14.0,7.8,7.1,3.07,80.5,0.93,High
STU03517,Biology,4,3.04,2.99,2.54,67.1,64.4,45.3,1.3,77.4,60.6,84.8,59.2,53.4,58.8,14.9,10.3,3.1,3.08,80.7,3.39,Low
STU03518,Mechanical Engineering,4,2.69,2.49,2.39,63.3,67.6,48.1,0.0,53.0,55.9,64.6,77.8,53.4,49.2,19.0,11.9,5.2,2.65,71.2,2.91,Low
STU03519,Electrical Engineering,3,2.41,2.42,2.07,73.8,65.7,71.8,1.55,64.6,72.1,70.6,78.6,68.3,70.3,22.0,12.7,4.5,3.07,80.5,2.39,Low
STU03520,Mathematics,2,1.96,2.05,1.86,51.7,59.9,52.2,2.35,57.8,52.0,52.9,54.7,58.2,46.0,15.9,10.5,5.3,2.67,71.5,1.99,Medium
STU03521,Economics,5,3.08,2.72,2.58,75.4,62.8,60.8,1.72,40.4,51.2,54.4,60.6,57.5,53.3,12.2,9.7,7.3,3.02,79.4,3.2,Low
STU03522,Biology,6,1.56,1.8,1.83,82.9,72.1,81.4,0.0,73.1,58.2,57.9,55.3,66.8,55.4,9.8,9.2,9.5,3.08,80.7,1.42,Medium
STU03523,Mechanical Engineering,2,2.74,3.07,3.29,70.2,78.7,70.5,0.0,98.7,84.6,77.0,74.4,76.2,64.4,18.5,16.4,7.3,2.65,71.2,2.98,Low
STU03524,Computer Science,3,3.23,3.25,3.29,60.1,58.7,82.6,0.0,74.9,75.6,71.4,72.5,76.9,66.8,21.9,11.0,0.0,3.49,89.8,3.1,Low
STU03525,Mechanical Engineering,2,3.38,3.33,3.25,53.8,65.0,89.6,1.41,89.7,73.2,100.0,56.8,94.0,64.9,18.2,13.9,9.0,2.65,71.2,3.67,Low
STU03526,Business Administration,8,1.29,1.26,1.47,34.2,30.0,19.5,3.37,38.7,23.6,22.5,52.3,40.5,37.1,9.3,6.7,2.3,3.26,84.6,1.19,High
STU03527,Biology,8,2.69,2.58,2.35,61.5,64.3,37.2,2.42,34.6,37.7,74.2,60.2,59.2,67.4,12.6,15.6,4.3,3.08,80.7,2.99,Low
STU03528,Business Administration,5,0.91,0.79,0.5,24.2,30.0,18.9,4.99,9.4,0.0,1.5,35.7,19.1,18.8,0.0,0.0,6.7,3.26,84.6,1.05,High
STU03529,Mathematics,7,1.71,1.35,1.4,37.5,30.0,57.0,0.45,20.6,35.5,13.9,38.0,0.2,15.9,11.2,12.4,6.1,2.67,71.5,1.69,Medium
STU03530,Economics,2,3.34,3.13,3.11,66.0,74.0,73.6,2.17,45.2,77.1,79.7,60.9,54.4,40.4,16.9,10.4,4.7,3.02,79.4,3.45,Low
STU03531,Computer Science,3,2.52,2.56,2.79,42.5,35.4,34.7,4.77,66.9,64.6,61.5,58.3,65.2,70.5,16.0,11.5,6.2,3.49,89.8,2.48,Medium
STU03532,Computer Science,1,1.43,1.32,1.42,30.9,30.8,54.4,0.27,23.5,46.2,50.7,38.1,47.8,48.7,15.7,10.8,4.1,3.49,89.8,1.68,High
STU03533,Mechanical Engineering,7,3.21,3.14,3.11,82.9,83.8,63.0,1.07,75.7,75.4,87.7,85.1,76.0,91.0,24.2,14.5,2.5,2.65,71.2,3.39,Low
STU03534,Psychology,6,1.6,1.49,1.3,49.1,53.3,52.5,3.44,47.5,44.7,42.7,7.0,48.7,16.8,15.2,6.9,,2.76,73.7,1.62,High
STU03535,Mathematics,4,3.11,3.25,3.31,95.3,91.7,78.8,1.13,64.4,81.6,47.2,71.3,72.6,41.7,7.9,17.1,6.6,2.67,71.5,3.25,Low
STU03536,Economics,7,3.45,3.46,3.02,64.0,61.3,51.5,2.25,59.0,66.9,48.3,43.1,58.7,46.3,15.5,8.1,8.8,3.02,79.4,3.7,Low
STU03537,Electrical Engineering,2,2.92,2.53,2.53,100.0,99.2,72.8,1.41,63.8,58.6,72.5,63.0,75.8,73.2,3.7,11.0,4.9,3.07,80.5,2.98,Low
STU03538,Electrical Engineering,4,1.08,0.99,1.02,34.7,30.0,38.2,2.53,39.1,25.1,42.7,30.8,42.0,28.6,24.4,6.2,8.6,3.07,80.5,1.23,High
STU03539,Mathematics,2,2.3,2.73,2.38,52.0,57.8,83.5,,87.7,57.0,42.4,54.3,64.2,81.4,20.0,10.9,4.8,2.67,71.5,2.41,Medium
STU03540,Economics,5,3.36,3.25,2.95,51.4,51.5,57.0,2.1,54.7,79.6,63.4,58.2,42.0,76.7,2.2,13.3,7.7,3.02,79.4,3.52,Low
STU03541,Computer Science,8,1.45,1.67,1.64,54.8,53.9,46.0,2.1,36.4,52.8,50.5,38.7,62.0,26.4,13.7,6.9,0.2,3.49,89.8,1.35,High
STU03542,Psychology,4,0.66,0.87,1.2,45.1,47.3,43.0,2.19,69.7,45.7,29.9,53.4,43.7,71.3,18.7,9.2,4.9,2.76,73.7,0.44,High
STU03543,Mathematics,3,1.82,2.14,2.09,82.5,88.9,88.1,1.55,68.3,62.9,66.8,69.9,66.6,74.4,16.0,5.7,0.2,2.67,71.5,1.6,Medium
STU03544,Economics,7,1.16,1.3,1.25,28.0,35.6,63.7,,34.8,39.1,39.7,36.5,39.3,42.2,7.9,4.5,7.2,3.02,79.4,1.05,High
STU03545,Electrical Engineering,8,2.74,2.46,2.41,50.8,54.4,43.4,2.61,36.3,72.5,88.1,42.8,76.3,72.4,15.3,7.8,9.2,3.07,80.5,2.89,Medium
STU03546,Economics,7,0.7,0.87,1.09,20.0,30.0,10.0,2.11,35.4,19.5,0.0,13.6,12.8,32.5,10.0,10.2,1.0,3.02,79.4,0.51,High
STU03547,Economics,1,3.84,3.63,3.17,64.0,50.3,24.1,1.27,29.0,31.1,74.1,57.5,70.9,45.7,12.1,8.7,0.0,3.02,79.4,4.0,Low
STU03548,Economics,5,3.12,2.95,2.49,65.1,65.2,55.5,1.17,57.4,63.0,72.3,64.6,66.1,69.8,16.4,5.2,,3.02,79.4,3.49,Medium
STU03549,Mathematics,3,2.42,2.07,2.11,91.4,83.3,81.1,2.32,79.5,100.0,73.5,98.5,85.1,87.5,33.3,5.0,0.8,2.67,71.5,2.62,Low
STU03550,Mechanical Engineering,1,4.0,3.83,3.47,69.1,67.3,45.8,3.88,72.2,57.5,73.4,64.9,66.3,68.7,14.9,18.6,4.2,2.65,71.2,4.0,Low
STU03551,Computer Science,5,2.19,2.4,2.37,60.2,48.2,71.1,3.04,61.7,74.1,63.9,64.7,50.8,67.1,19.8,11.8,,3.49,89.8,2.28,Medium
STU03552,Mathematics,6,3.62,3.52,3.51,73.1,60.9,70.0,2.67,66.8,79.5,65.3,59.1,70.9,60.7,16.6,13.4,7.0,2.67,71.5,3.7,Low
STU03553,Economics,8,4.0,4.0,3.89,75.1,64.7,94.2,,100.0,84.2,95.2,87.5,100.0,95.9,23.6,12.7,4.6,3.02,79.4,3.93,Low
STU03554,Mathematics,2,2.51,2.22,2.33,63.3,58.7,78.1,5.95,47.3,59.8,64.5,54.2,67.9,51.0,18.7,9.3,6.4,2.67,71.5,2.46,Low
STU03555,Psychology,1,3.26,3.58,4.0,88.7,93.8,100.0,,80.5,80.4,86.5,87.3,82.6,95.0,16.7,12.5,2.8,2.76,73.7,3.24,Low
STU03556,Biology,6,1.75,1.8,1.6,42.5,43.6,48.1,0.0,50.2,56.6,39.1,67.6,57.2,48.7,11.0,7.4,3.9,3.08,80.7,1.74,High
STU03557,Computer Science,1,3.45,3.41,3.44,69.7,67.5,98.1,0.9,59.9,81.7,79.5,85.8,91.3,89.5,24.5,19.2,3.9,3.49,89.8,3.53,Low
STU03558,Mathematics,4,1.46,1.66,1.58,57.5,60.4,36.4,1.42,43.5,42.2,68.2,33.4,14.2,60.2,12.8,9.8,6.1,2.67,71.5,1.41,Medium
STU03559,Biology,7,3.07,3.1,3.43,88.8,83.8,60.2,3.03,93.1,78.9,84.9,76.3,85.0,86.6,11.1,15.8,3.0,3.08,80.7,3.03,Low
STU03560,Biology,1,2.13,1.96,2.16,51.1,49.4,80.0,1.54,51.5,71.2,61.6,43.2,61.8,28.7,11.7,8.6,7.0,3.08,80.7,2.09,High
STU03561,Mechanical Engineering,7,3.9,4.0,4.0,85.3,82.6,76.3,0.0,86.7,85.1,95.4,78.7,93.9,83.4,20.7,19.8,8.3,2.65,71.2,3.77,Low
STU03562,Mechanical Engineering,3,2.51,2.46,2.68,64.2,57.2,79.8,0.11,49.9,76.8,85.8,69.1,72.1,68.8,24.7,8.1,4.2,2.65,71.2,2.38,Medium
STU03563,Electrical Engineering,6,2.17,2.18,1.93,95.5,88.6,42.0,1.01,66.5,59.2,81.2,67.6,58.5,72.1,15.8,12.9,0.0,3.07,80.5,2.27,Low
STU03564,Computer Science,2,1.99,1.64,1.44,61.7,55.9,42.2,2.94,27.2,25.8,66.5,42.9,56.7,46.4,16.3,10.9,4.1,3.49,89.8,2.24,Medium
STU03565,Computer Science,7,2.83,2.98,2.75,63.4,56.9,66.7,1.7,54.9,63.8,64.9,55.1,53.8,58.3,16.8,7.3,7.8,3.49,89.8,2.86,Low
STU03566,Mechanical Engineering,1,2.91,2.93,2.73,70.3,67.7,100.0,0.63,76.0,84.6,82.7,77.4,57.7,98.6,17.2,19.3,5.0,2.65,71.2,2.75,Low
STU03567,Psychology,4,3.64,3.48,3.27,82.7,80.0,81.9,2.54,87.9,72.0,97.5,99.7,96.1,91.5,14.7,16.6,,2.76,73.7,4.0,Low
STU03568,Mechanical Engineering,7,2.78,2.98,2.99,90.3,79.6,100.0,3.42,80.2,100.0,96.4,55.6,94.2,57.4,26.3,12.8,6.0,2.65,71.2,2.78,Low
STU03569,Mechanical Engineering,8,1.7,1.47,1.25,31.5,30.0,34.9,3.95,64.1,45.7,30.8,33.3,26.6,44.1,8.2,8.2,9.6,2.65,71.2,1.83,High
STU03570,Mathematics,1,3.17,2.87,2.74,48.0,48.3,91.7,2.03,56.6,52.1,53.2,58.2,64.2,67.5,8.9,8.7,0.0,2.67,71.5,3.3,Low
STU03571,Computer Science,4,3.5,3.08,2.95,81.6,76.4,72.3,0.0,96.3,85.2,70.1,80.7,66.6,83.4,30.7,17.6,0.0,3.49,89.8,3.48,Low
STU03572,Mathematics,7,1.56,1.76,1.76,28.3,31.8,65.9,0.0,63.5,72.8,72.2,61.0,62.3,43.5,6.4,11.4,5.7,2.67,71.5,1.4,High
STU03573,Biology,8,1.37,1.34,1.19,47.9,52.0,30.3,2.95,57.4,32.3,45.0,29.5,46.7,53.2,8.1,7.1,4.4,3.08,80.7,1.54,High
STU03574,Computer Science,3,3.15,3.04,2.78,50.6,50.4,55.8,0.39,35.8,56.1,56.5,61.8,46.0,73.5,18.9,17.6,2.3,3.49,89.8,3.08,Low
STU03575,Electrical Engineering,2,3.57,3.93,3.89,62.1,56.6,56.2,1.61,61.3,93.6,76.7,82.7,86.3,94.7,21.5,20.9,0.0,3.07,80.5,3.61,Low
STU03576,Mathematics,1,3.52,3.84,4.0,99.1,100.0,100.0,0.5,93.4,94.4,96.7,100.0,91.3,98.2,29.6,20.3,5.3,2.67,71.5,3.28,Low
STU03577,Economics,8,3.23,3.48,3.36,86.8,81.5,64.5,0.76,78.1,90.1,84.2,80.8,77.8,86.6,25.6,10.8,8.5,3.02,79.4,3.22,Low
STU03578,Economics,5,3.31,3.45,3.34,56.4,59.1,60.8,0.0,56.5,80.3,86.3,77.4,79.4,69.8,,15.3,1.4,3.02,79.4,3.09,Low
STU03579,Mathematics,5,2.39,1.96,1.84,67.7,61.6,11.2,0.0,45.9,39.6,43.2,54.8,38.1,48.9,8.6,8.8,,2.67,71.5,2.6,Medium
STU03580,Psychology,5,3.21,3.27,3.55,68.8,75.4,82.1,1.71,95.7,80.5,100.0,94.2,100.0,46.5,25.2,19.7,3.0,2.76,73.7,3.12,Low
STU03581,Mechanical Engineering,1,2.3,1.89,2.16,47.3,46.3,68.2,2.09,49.0,63.6,56.9,55.1,67.7,59.7,18.5,8.2,4.6,2.65,71.2,2.4,Medium
STU03582,Mechanical Engineering,8,3.23,3.4,3.37,39.0,44.8,75.0,2.6,69.5,79.2,67.1,67.2,53.9,64.9,16.9,12.4,4.5,2.65,71.2,3.04,Low
STU03583,Economics,6,3.51,3.27,3.38,75.9,75.3,65.4,1.35,74.1,66.9,67.7,58.8,59.0,69.2,22.2,13.3,4.6,3.02,79.4,3.57,Low
STU03584,Business Administration,2,2.69,2.68,2.67,70.0,61.1,66.6,0.17,65.8,84.2,99.7,71.2,98.2,71.5,19.0,8.2,6.3,3.26,84.6,2.66,Low
STU03585,Biology,5,3.55,3.45,3.23,82.7,82.8,82.2,2.83,48.5,89.3,78.8,88.8,83.2,83.3,19.2,25.5,6.6,3.08,80.7,3.47,Low
STU03586,Mechanical Engineering,6,3.12,3.1,3.04,65.0,61.6,70.9,0.1,59.3,64.0,73.0,77.4,51.2,70.8,7.3,12.8,9.4,2.65,71.2,3.13,Low
STU03587,Economics,1,1.41,1.44,1.46,60.3,55.9,30.3,5.71,49.8,34.9,44.0,34.7,38.0,37.3,6.4,11.1,9.3,3.02,79.4,1.4,High
STU03588,Economics,8,1.84,1.69,1.49,45.9,48.6,61.3,0.0,31.7,48.0,47.3,35.3,44.3,28.1,16.9,6.6,6.9,3.02,79.4,2.0,Medium
STU03589,Business Administration,8,3.19,3.19,3.05,65.9,62.1,67.3,0.0,71.3,76.8,71.9,68.4,65.7,64.7,12.0,11.8,8.6,3.26,84.6,3.17,Low
STU03590,Mechanical Engineering,2,3.51,3.09,2.87,69.3,66.4,86.1,1.63,74.6,63.1,63.1,61.3,49.9,38.5,12.5,10.7,6.7,2.65,71.2,3.71,Low
STU03591,Economics,3,3.02,2.86,2.71,77.3,73.2,55.2,1.82,59.2,63.2,60.9,57.3,57.8,59.0,20.4,18.0,5.4,3.02,79.4,3.13,Low
STU03592,Economics,1,3.38,3.45,3.35,94.9,81.8,72.0,0.0,83.4,82.7,77.9,50.6,86.9,68.6,27.0,9.6,8.9,3.02,79.4,3.25,Low
STU03593,Computer Science,5,1.42,1.37,1.5,26.2,37.1,55.7,2.61,44.7,39.1,27.9,56.4,79.6,37.0,8.2,12.7,0.0,3.49,89.8,1.42,High
STU03594,Computer Science,4,2.41,2.23,2.05,41.1,51.0,56.4,2.8,53.6,40.5,58.6,46.6,54.4,64.9,18.1,6.0,1.7,3.49,89.8,2.73,Medium
STU03595,Business Administration,2,1.53,1.29,1.29,55.6,50.4,47.4,,28.7,31.5,44.2,35.6,31.9,43.4,9.2,9.3,1.9,3.26,84.6,1.76,High
STU03596,Biology,2,3.42,3.58,3.82,64.2,80.2,83.2,0.6,85.6,87.6,86.0,92.6,83.3,89.2,14.4,24.7,3.0,3.08,80.7,3.28,Low
STU03597,Biology,4,4.0,4.0,4.0,94.5,97.8,100.0,1.0,100.0,79.7,100.0,87.3,99.6,100.0,14.8,19.7,0.4,3.08,80.7,4.0,Low
STU03598,Computer Science,1,4.0,3.94,3.88,100.0,99.4,85.3,,87.9,89.1,94.4,92.3,87.0,87.3,20.2,14.8,8.5,3.49,89.8,4.0,Low
STU03599,Biology,1,3.86,3.65,3.6,75.7,72.3,87.8,1.24,72.9,71.1,92.1,78.9,74.0,83.3,15.2,23.3,2.7,3.08,80.7,4.0,Low
STU03600,Mathematics,2,2.26,2.39,2.63,70.9,80.7,81.6,1.96,79.7,74.4,92.9,78.6,64.2,81.0,25.9,6.0,7.2,2.67,71.5,2.46,Medium
STU03601,Business Administration,7,1.83,1.8,1.54,28.8,30.0,10.0,4.01,27.4,25.7,34.1,3.1,29.3,18.1,15.3,4.0,2.5,3.26,84.6,1.98,High
STU03602,Psychology,4,2.7,2.73,3.09,81.2,82.5,100.0,0.33,84.2,73.4,74.0,77.1,80.3,75.1,29.3,13.5,3.2,2.76,73.7,2.52,Low
STU03603,Mechanical Engineering,2,3.43,3.47,3.47,41.1,56.5,88.9,2.49,66.9,81.1,83.2,77.2,72.2,70.6,16.2,14.3,8.0,2.65,71.2,3.57,Low
STU03604,Psychology,7,3.04,2.91,2.54,87.4,80.6,57.3,1.19,73.9,75.2,72.6,72.8,74.7,74.3,20.8,14.3,6.8,2.76,73.7,3.09,Low
STU03605,Computer Science,5,2.3,2.51,2.59,46.7,45.4,61.2,0.0,52.3,66.8,77.3,68.8,68.3,71.5,21.8,12.9,4.8,3.49,89.8,2.16,Medium
STU03606,Computer Science,3,3.24,3.15,3.26,61.2,69.2,58.2,0.63,65.5,77.3,69.2,83.2,72.1,62.7,14.1,10.8,6.5,3.49,89.8,3.27,Low
STU03607,Business Administration,5,3.83,3.65,3.48,85.4,81.9,74.3,2.46,100.0,100.0,81.0,98.2,100.0,100.0,12.2,14.7,3.5,3.26,84.6,4.0,Low
STU03608,Biology,8,1.71,1.67,1.71,39.2,40.1,32.5,1.8,46.3,41.2,46.3,40.5,40.8,41.5,7.8,15.3,8.3,3.08,80.7,1.66,High
STU03609,Mathematics,2,1.71,1.68,1.73,44.8,41.8,51.1,1.44,32.5,56.3,57.7,59.3,44.3,40.7,4.0,8.9,10.3,2.67,71.5,1.68,High
STU03610,Computer Science,7,2.82,3.2,3.34,78.0,79.2,78.7,3.58,79.9,78.8,87.6,63.3,74.2,81.1,20.7,11.0,0.0,3.49,89.8,2.55,Low
STU03611,Computer Science,5,2.11,2.09,2.01,40.1,30.6,67.0,3.54,39.4,50.6,49.9,49.7,54.6,55.4,15.1,14.0,5.8,3.49,89.8,2.01,Medium
STU03612,Electrical Engineering,5,2.71,2.62,2.8,62.0,67.9,57.5,,68.8,62.6,63.7,65.5,66.1,65.5,,13.4,4.0,3.07,80.5,2.82,Medium
STU03613,Electrical Engineering,8,1.03,1.26,1.52,28.5,30.0,40.2,7.74,24.8,31.1,29.6,24.7,31.8,26.9,,5.0,12.0,3.07,80.5,0.91,High
STU03614,Business Administration,5,3.15,3.2,3.1,79.4,75.3,71.9,0.65,61.8,58.7,74.9,66.3,69.7,67.8,22.2,18.0,9.2,3.26,84.6,3.25,Low
STU03615,Electrical Engineering,3,2.13,2.11,2.39,60.3,60.7,51.0,2.32,77.2,59.3,54.2,56.5,69.6,75.2,13.3,12.3,3.1,3.07,80.5,1.99,Medium
STU03616,Electrical Engineering,3,1.99,1.77,1.6,66.3,61.9,41.0,1.28,42.3,47.8,28.9,46.4,57.2,43.2,9.9,3.8,5.9,3.07,80.5,2.11,Medium
STU03617,Mechanical Engineering,6,3.32,3.03,2.91,47.4,52.3,42.9,3.04,30.4,50.6,53.8,67.0,62.3,48.4,7.0,10.3,4.6,2.65,71.2,3.69,Low
STU03618,Biology,5,3.15,3.12,3.06,74.8,80.3,56.7,2.3,61.9,74.2,61.4,64.1,61.6,69.6,16.1,12.4,4.0,3.08,80.7,3.3,Low
STU03619,Economics,2,0.6,0.53,0.5,25.1,30.0,30.9,1.82,19.7,0.0,60.7,22.7,47.7,34.4,10.0,7.4,3.3,3.02,79.4,0.62,High
STU03620,Biology,7,2.58,2.52,2.71,59.7,60.1,71.4,3.48,41.9,25.8,40.3,71.4,49.3,80.5,8.0,14.6,,3.08,80.7,2.45,Medium
STU03621,Business Administration,3,2.27,2.22,2.08,54.6,57.6,48.2,1.08,62.7,48.7,61.6,56.8,62.0,47.5,16.0,3.9,5.8,3.26,84.6,2.1,Medium
STU03622,Psychology,4,2.21,2.65,2.87,67.0,68.6,66.9,4.48,45.1,50.8,81.8,73.3,68.0,69.0,21.3,4.3,4.5,2.76,73.7,2.06,Medium
STU03623,Mechanical Engineering,2,1.85,1.5,1.41,20.0,30.0,39.9,4.44,38.8,36.7,40.0,40.2,38.0,48.1,0.0,9.5,3.9,2.65,71.2,2.03,High
STU03624,Mathematics,1,3.12,2.81,2.69,80.4,68.1,21.3,2.32,67.2,52.9,72.5,45.4,86.7,44.6,13.0,13.7,4.5,2.67,71.5,3.4,Low
STU03625,Business Administration,4,2.3,2.3,2.55,76.5,72.5,58.4,1.8,66.9,58.1,66.4,65.3,68.9,56.3,13.2,11.3,4.1,3.26,84.6,2.14,Medium
STU03626,Mathematics,2,2.1,1.95,2.04,58.2,52.2,35.1,2.45,47.8,50.4,76.8,52.0,31.4,60.2,13.1,5.6,5.1,2.67,71.5,2.04,Medium
STU03627,Mathematics,4,2.82,3.05,3.24,65.5,76.9,79.8,1.25,67.8,84.2,85.5,94.5,86.2,81.4,21.7,12.8,2.4,2.67,71.5,2.73,Low
STU03628,Business Administration,2,1.82,1.98,2.05,34.8,34.0,51.0,4.31,41.2,45.2,50.6,41.5,43.1,44.6,8.2,7.7,2.3,3.26,84.6,1.94,High
STU03629,Mathematics,7,3.5,3.51,3.35,69.6,69.3,77.8,3.73,64.7,71.8,62.6,67.9,64.9,59.6,19.6,13.4,2.3,2.67,71.5,3.65,Low
STU03630,Economics,4,2.66,3.07,3.14,36.6,39.1,73.7,4.27,62.7,63.5,48.7,56.0,53.2,57.0,20.4,12.0,6.8,3.02,79.4,2.61,Low
STU03631,Electrical Engineering,1,2.9,2.75,2.75,63.9,72.2,59.5,0.83,52.1,69.9,54.6,76.0,88.1,71.1,18.1,3.4,6.9,3.07,80.5,3.0,Low
STU03632,Biology,2,1.56,1.4,1.45,25.4,35.4,36.1,3.26,41.6,43.3,67.2,62.5,51.8,30.6,6.7,7.4,6.2,3.08,80.7,1.62,High
STU03633,Economics,3,2.68,2.84,2.73,57.3,67.8,87.7,0.0,25.4,70.1,52.8,48.2,36.0,82.2,21.9,6.4,8.4,3.02,79.4,2.64,Medium
STU03634,Economics,5,2.46,2.47,2.48,50.6,50.2,37.1,2.36,63.2,50.7,23.4,57.0,63.4,74.7,0.9,11.4,0.0,3.02,79.4,2.38,Medium
STU03635,Electrical Engineering,8,3.71,3.37,3.34,80.3,75.6,69.4,1.71,87.7,87.0,82.5,60.1,100.0,98.3,19.7,16.3,6.8,3.07,80.5,3.98,Low
STU03636,Business Administration,7,1.24,1.29,1.27,26.5,30.0,46.5,1.58,18.9,16.3,26.1,37.3,32.1,20.6,5.2,13.9,3.5,3.26,84.6,1.2,High
STU03637,Biology,3,2.9,3.07,2.98,95.3,92.1,100.0,0.0,89.0,100.0,46.2,100.0,95.2,88.1,14.3,16.9,8.6,3.08,80.7,2.94,Low
STU03638,Mechanical Engineering,2,3.15,2.87,2.64,43.0,42.9,39.2,2.42,66.2,49.1,55.5,53.1,49.6,68.6,12.1,10.3,10.6,2.65,71.2,3.4,Low
STU03639,Biology,2,2.85,2.67,2.72,55.4,52.8,69.2,0.65,49.7,45.3,59.1,43.4,69.3,82.7,11.4,13.3,,3.08,80.7,3.01,Medium
STU03640,Mechanical Engineering,7,3.19,3.18,2.85,67.1,65.0,82.0,2.44,66.2,36.2,56.6,80.9,49.5,55.5,21.5,17.1,7.1,2.65,71.2,3.41,Low
STU03641,Mathematics,8,2.88,2.97,2.87,99.0,95.1,71.5,0.31,82.3,73.1,92.6,50.1,97.7,65.0,,8.4,3.8,2.67,71.5,2.98,Low
STU03642,Electrical Engineering,3,2.7,2.73,2.86,49.4,41.7,36.8,4.55,53.0,54.9,59.3,76.7,39.7,63.4,13.3,9.6,1.6,3.07,80.5,2.73,Medium
STU03643,Electrical Engineering,8,1.21,1.12,0.94,56.6,45.3,28.2,3.88,38.0,16.0,38.2,15.2,58.8,12.1,0.4,5.6,6.8,3.07,80.5,1.2,High
STU03644,Business Administration,8,1.65,1.96,2.24,69.2,61.5,44.0,2.67,75.8,78.2,35.8,60.6,71.2,68.3,19.0,22.7,2.1,3.26,84.6,1.18,Medium
STU03645,Mechanical Engineering,3,2.53,2.82,2.9,66.7,71.7,47.8,0.79,63.3,56.3,59.9,63.9,60.3,66.5,8.9,20.9,11.2,2.65,71.2,2.23,Medium
STU03646,Mechanical Engineering,8,2.84,2.63,2.37,70.2,72.8,64.5,2.23,44.6,70.1,38.3,59.5,50.6,73.4,10.7,8.6,6.7,2.65,71.2,2.99,Low
STU03647,Mechanical Engineering,5,1.82,2.03,2.48,48.7,56.1,58.1,0.0,69.2,77.1,66.6,73.0,65.5,70.6,12.2,15.3,3.9,2.65,71.2,1.72,Medium
STU03648,Business Administration,1,3.56,3.28,3.34,82.9,81.9,100.0,,55.2,95.0,79.2,100.0,100.0,73.9,12.7,8.9,4.9,3.26,84.6,3.58,Low
STU03649,Economics,7,4.0,3.99,3.73,100.0,99.9,86.4,0.1,100.0,99.3,84.6,100.0,98.3,97.5,25.8,13.9,5.8,3.02,79.4,4.0,Low
STU03650,Economics,8,2.48,2.62,2.71,77.4,74.2,28.8,2.15,62.5,68.7,59.5,50.7,63.4,40.7,21.5,12.2,10.3,3.02,79.4,2.47,Medium
STU03651,Electrical Engineering,1,2.61,2.57,2.33,84.9,73.9,89.9,0.78,76.3,54.4,94.3,73.8,46.2,51.8,13.0,19.0,2.4,3.07,80.5,2.83,Low
STU03652,Biology,6,2.85,2.96,3.14,72.1,74.0,91.4,1.38,83.9,83.8,85.9,78.1,76.4,83.1,14.8,14.8,5.6,3.08,80.7,2.91,Low
STU03653,Biology,6,3.13,3.28,3.44,74.9,86.9,69.8,0.84,100.0,54.2,72.3,72.9,62.6,100.0,19.3,13.7,6.9,3.08,80.7,3.13,Low
STU03654,Mathematics,5,3.4,3.0,2.74,59.5,51.0,45.7,0.26,45.5,59.4,52.7,51.1,56.3,58.0,13.6,12.7,3.4,2.67,71.5,3.71,Low
STU03655,Business Administration,1,1.89,2.04,2.38,61.7,65.7,35.7,2.48,48.5,54.9,40.8,44.5,47.7,50.5,14.1,9.3,3.0,3.26,84.6,1.49,High
STU03656,Electrical Engineering,1,3.56,3.36,3.18,98.3,92.5,100.0,2.67,87.7,82.8,81.7,96.4,81.7,82.6,18.4,12.0,5.0,3.07,80.5,3.65,Low
STU03657,Mechanical Engineering,6,1.84,2.15,2.12,59.6,59.5,64.4,1.66,78.8,57.4,65.6,64.5,63.0,49.6,20.0,9.9,8.5,2.65,71.2,1.89,Medium
STU03658,Economics,4,3.35,3.12,2.91,88.8,83.6,61.3,4.6,56.7,52.2,63.5,88.5,67.6,75.5,,16.6,6.6,3.02,79.4,3.59,Low
STU03659,Computer Science,8,3.21,3.28,3.2,70.1,63.2,53.7,,63.4,65.6,76.2,57.5,73.0,72.2,18.8,16.9,5.9,3.49,89.8,3.21,Low
STU03660,Economics,4,2.61,2.74,2.7,30.4,37.5,63.2,1.5,66.6,59.3,75.7,55.6,44.1,54.8,,10.9,8.3,3.02,79.4,2.72,Medium
STU03661,Electrical Engineering,6,2.89,2.49,2.18,66.3,58.8,48.3,2.84,35.3,61.9,77.9,79.1,64.2,52.8,19.5,6.5,3.1,3.07,80.5,3.22,Low
STU03662,Economics,6,1.3,1.44,1.58,29.7,30.0,22.5,3.49,35.5,37.5,42.8,37.0,32.6,38.5,15.6,4.3,2.4,3.02,79.4,1.09,High
STU03663,Psychology,5,4.0,4.0,3.83,100.0,91.6,95.6,0.79,62.2,58.0,76.9,60.8,73.0,100.0,23.8,16.9,8.4,2.76,73.7,3.94,Low
STU03664,Psychology,8,2.2,2.81,2.92,87.8,91.1,82.7,2.7,60.4,72.3,61.7,55.6,64.9,75.0,19.1,6.4,3.4,2.76,73.7,1.97,Medium
STU03665,Psychology,8,3.9,3.9,3.9,99.0,100.0,76.7,0.0,100.0,98.9,96.0,93.6,96.2,92.0,27.5,16.3,5.8,2.76,73.7,4.0,Low
STU03666,Electrical Engineering,1,3.37,3.18,2.96,78.5,75.8,84.9,0.0,60.6,83.2,89.0,79.2,89.7,91.5,16.7,10.3,2.4,3.07,80.5,3.35,Low
STU03667,Biology,5,1.16,1.51,1.83,29.2,33.3,42.3,3.72,59.2,46.4,36.8,48.9,45.0,51.2,25.8,6.5,7.2,3.08,80.7,0.91,High
STU03668,Computer Science,5,3.75,3.69,3.48,90.0,89.0,100.0,2.46,83.0,83.1,85.1,80.7,94.4,90.5,31.9,20.2,3.7,3.49,89.8,3.76,Low
STU03669,Economics,3,2.0,2.13,2.28,50.3,53.6,68.4,2.73,52.1,49.6,57.7,53.4,45.5,42.2,13.2,8.8,4.8,3.02,79.4,1.92,Medium
STU03670,Biology,3,4.0,4.0,4.0,98.4,92.5,100.0,,95.1,86.8,92.4,100.0,100.0,82.3,18.5,17.8,11.4,3.08,80.7,3.76,Low
STU03671,Economics,2,2.71,2.63,2.52,58.4,61.1,61.5,0.86,59.3,65.4,65.9,72.4,57.7,61.6,20.4,13.5,3.0,3.02,79.4,3.0,Low
STU03672,Computer Science,8,1.5,1.6,1.84,38.3,46.1,12.8,4.17,36.0,42.4,44.9,28.1,36.2,32.8,10.2,16.7,4.4,3.49,89.8,1.37,High
STU03673,Psychology,4,3.29,3.13,3.31,76.4,85.6,61.2,0.03,65.2,60.9,74.6,85.4,72.8,63.9,,17.0,2.7,2.76,73.7,3.24,Low
STU03674,Mathematics,7,3.0,2.98,3.16,87.9,86.0,75.1,2.02,87.9,83.6,92.2,73.9,77.0,60.2,27.8,11.9,,2.67,71.5,2.77,Low
STU03675,Business Administration,2,1.64,1.86,1.77,33.6,39.9,36.9,1.51,38.0,40.0,40.5,38.0,44.5,37.1,6.1,9.6,6.4,3.26,84.6,1.56,High
STU03676,Biology,5,0.59,0.57,0.97,30.8,30.0,14.8,2.23,19.1,39.1,50.0,37.2,40.0,38.8,15.2,8.8,7.2,3.08,80.7,0.61,High
STU03677,Business Administration,5,3.75,3.65,3.59,99.8,100.0,100.0,2.53,100.0,100.0,97.3,100.0,100.0,88.5,19.7,13.3,5.9,3.26,84.6,3.57,Low
STU03678,Biology,4,2.78,2.75,3.35,60.5,59.9,100.0,2.66,80.1,82.2,75.9,78.0,83.5,81.0,22.6,13.0,8.0,3.08,80.7,2.68,Low
STU03679,Electrical Engineering,3,2.71,2.41,2.0,51.7,45.0,46.4,0.08,60.9,65.8,50.9,43.4,57.1,56.0,5.9,7.2,7.2,3.07,80.5,2.98,Medium
STU03680,Business Administration,6,2.46,2.19,1.96,62.6,68.8,68.9,5.94,45.1,47.7,39.6,47.1,59.4,47.6,8.8,5.0,7.1,3.26,84.6,2.46,High
STU03681,Mathematics,8,3.35,2.92,2.66,59.9,65.3,67.8,1.99,54.7,70.9,89.0,83.2,65.1,50.3,15.5,11.2,4.8,2.67,71.5,3.52,Low
STU03682,Economics,3,3.26,3.32,3.28,77.5,68.0,76.4,0.83,68.9,65.1,69.1,63.8,64.5,71.8,15.3,11.3,10.0,3.02,79.4,3.23,Low
STU03683,Electrical Engineering,7,2.64,2.31,2.08,56.8,55.1,84.7,0.0,27.5,87.0,58.2,54.5,59.0,64.7,18.0,16.0,6.6,3.07,80.5,2.76,Low
STU03684,Mechanical Engineering,4,2.08,2.09,2.12,47.3,44.1,35.9,0.0,61.3,48.1,58.7,32.0,68.0,28.2,15.9,8.0,5.7,2.65,71.2,1.96,Medium
STU03685,Electrical Engineering,2,2.94,3.11,2.92,75.2,73.6,100.0,3.0,60.7,70.4,83.7,64.5,75.3,77.8,27.2,12.7,0.3,3.07,80.5,3.07,Low
STU03686,Mechanical Engineering,1,4.0,4.0,4.0,86.7,93.2,72.8,,90.5,89.2,100.0,96.8,86.1,100.0,,16.3,9.9,2.65,71.2,4.0,Low
STU03687,Psychology,3,3.23,3.47,3.72,91.6,92.2,88.0,1.66,100.0,94.8,100.0,100.0,91.2,100.0,13.7,12.6,3.7,2.76,73.7,2.91,Low
STU03688,Mechanical Engineering,6,3.87,3.42,3.16,79.5,73.0,61.1,0.65,84.6,87.9,100.0,92.9,99.2,71.0,17.5,14.9,6.5,2.65,71.2,4.0,Low
STU03689,Economics,4,2.1,1.94,2.08,78.7,77.6,35.2,,58.7,56.4,70.5,51.5,60.1,59.2,7.7,9.3,12.0,3.02,79.4,2.35,Medium
STU03690,Biology,6,2.02,1.94,2.12,51.8,58.6,72.1,3.16,66.2,60.3,63.6,56.3,76.0,75.2,17.8,14.3,6.7,3.08,80.7,2.03,Medium
STU03691,Mechanical Engineering,1,2.24,2.12,1.91,47.6,35.0,10.0,2.23,34.6,33.4,40.6,41.2,40.6,41.3,11.5,5.8,2.9,2.65,71.2,2.41,Medium
STU03692,Business Administration,7,3.29,3.29,3.25,72.2,65.2,84.4,2.26,55.1,88.3,52.8,88.8,35.5,35.8,9.1,14.0,0.5,3.26,84.6,3.25,Low
STU03693,Economics,2,2.32,1.92,2.01,39.5,38.8,36.2,3.38,37.5,35.8,48.0,40.3,47.9,48.5,18.1,3.1,5.8,3.02,79.4,2.63,Medium
STU03694,Business Administration,6,3.19,3.11,3.36,61.0,74.7,86.9,1.98,84.0,69.9,60.2,63.7,64.4,68.1,17.4,13.9,5.4,3.26,84.6,3.14,Low
STU03695,Electrical Engineering,3,2.02,1.98,2.11,55.6,61.2,41.2,1.16,56.7,67.5,65.7,49.6,56.0,63.0,12.6,9.8,5.7,3.07,80.5,2.04,High
STU03696,Mechanical Engineering,8,2.86,2.72,2.75,97.9,92.6,45.3,0.0,91.1,64.0,86.7,72.6,83.1,73.3,29.4,13.4,0.5,2.65,71.2,2.9,Low
STU03697,Mathematics,8,2.45,2.46,2.21,59.4,54.7,71.9,2.3,55.0,71.6,63.0,57.4,58.4,60.5,17.0,1.7,7.1,2.67,71.5,2.7,Medium
STU03698,Computer Science,6,3.57,3.4,2.98,92.7,88.3,68.6,0.98,51.0,57.9,64.2,50.3,71.5,27.0,18.7,6.6,,3.49,89.8,3.65,Low
STU03699,Psychology,6,1.46,1.54,1.59,38.8,35.4,19.2,1.32,40.0,23.1,52.6,20.3,20.6,63.1,16.7,4.3,1.3,2.76,73.7,1.47,High
STU03700,Electrical Engineering,2,2.18,2.21,2.49,75.2,72.6,70.4,0.0,66.0,72.1,75.1,69.6,57.0,84.3,16.9,11.7,4.5,3.07,80.5,2.32,Low
STU03701,Electrical Engineering,4,3.41,3.38,3.39,66.9,77.0,53.2,2.34,57.3,65.2,67.4,61.8,76.1,66.0,14.6,19.6,8.1,3.07,80.5,3.56,Low
STU03702,Mechanical Engineering,7,2.58,2.68,2.78,72.4,82.7,90.4,2.32,79.1,84.6,81.7,80.7,75.5,78.0,19.8,12.5,5.0,2.65,71.2,2.44,Medium
STU03703,Economics,1,3.47,3.32,3.53,84.2,79.6,81.9,2.46,70.5,78.0,73.2,77.2,90.6,68.1,13.8,16.7,9.5,3.02,79.4,3.41,Low
STU03704,Electrical Engineering,6,2.9,3.01,2.85,79.3,70.4,68.6,2.62,68.1,65.1,73.7,82.2,73.4,72.9,18.4,10.0,7.9,3.07,80.5,3.12,Low
STU03705,Electrical Engineering,3,2.83,2.45,2.42,67.0,61.7,74.9,,39.8,78.4,86.0,59.9,56.7,52.7,,14.6,2.9,3.07,80.5,2.9,Low
STU03706,Mechanical Engineering,4,2.56,2.61,2.76,55.9,47.0,64.6,1.86,52.8,54.8,57.6,55.3,54.5,57.9,18.8,11.7,4.3,2.65,71.2,2.45,Medium
STU03707,Psychology,5,1.63,1.46,1.7,44.9,57.8,65.7,3.24,30.1,27.3,56.6,40.7,42.4,40.3,9.9,4.9,4.3,2.76,73.7,1.73,High
STU03708,Computer Science,3,1.75,1.71,1.8,58.8,65.1,70.0,4.41,51.7,50.2,67.7,50.9,59.6,54.8,4.2,7.6,6.4,3.49,89.8,1.68,High
STU03709,Biology,1,1.99,2.19,2.13,53.5,65.6,63.2,0.13,58.3,67.2,61.1,57.3,66.6,61.4,19.3,4.7,3.8,3.08,80.7,2.0,Medium
STU03710,Electrical Engineering,3,2.1,2.0,1.7,57.8,47.3,49.8,2.25,53.1,39.0,61.6,29.2,52.2,45.8,,4.7,3.6,3.07,80.5,2.17,Medium
STU03711,Mathematics,3,3.85,4.0,4.0,87.1,86.2,100.0,0.47,100.0,100.0,100.0,92.3,90.2,94.2,23.9,15.5,2.8,2.67,71.5,3.77,Low
STU03712,Computer Science,2,2.57,2.77,2.79,85.6,94.7,66.6,0.82,60.5,53.4,100.0,77.4,88.6,90.6,14.9,9.2,2.1,3.49,89.8,2.55,Medium
STU03713,Biology,5,3.23,3.25,3.31,59.1,58.9,62.3,1.24,57.6,62.5,62.4,63.2,60.9,65.4,24.4,5.1,1.2,3.08,80.7,3.16,Low
STU03714,Computer Science,2,2.85,2.36,2.28,97.2,79.7,65.3,5.28,70.0,87.9,75.9,77.2,76.2,75.9,23.4,15.9,2.2,3.49,89.8,2.86,Low
STU03715,Biology,8,2.24,2.16,2.14,73.3,69.2,65.0,1.48,64.8,73.5,73.0,54.9,84.9,70.3,22.2,10.6,7.5,3.08,80.7,2.38,Medium
STU03716,Economics,7,2.46,2.54,2.4,75.8,73.0,72.5,2.18,60.7,53.2,55.7,56.4,65.2,58.2,12.5,13.1,3.0,3.02,79.4,2.54,Medium
STU03717,Business Administration,7,2.89,2.97,2.96,60.3,57.9,56.0,4.23,73.6,67.3,66.6,59.5,68.4,58.7,14.7,14.6,,3.26,84.6,2.84,Medium
STU03718,Economics,3,3.51,3.54,3.36,97.1,84.8,67.3,1.68,76.6,100.0,88.3,90.1,92.4,55.5,26.1,17.8,6.6,3.02,79.4,3.72,Low
STU03719,Electrical Engineering,8,2.78,2.82,2.83,54.4,48.7,73.9,1.72,62.5,60.6,52.6,57.4,46.4,69.9,0.0,14.3,5.3,3.07,80.5,2.8,Low
STU03720,Economics,1,2.1,1.98,1.9,49.1,43.0,44.3,2.95,55.8,47.7,58.5,54.9,45.6,39.8,17.7,5.4,7.7,3.02,79.4,2.4,Medium
STU03721,Mechanical Engineering,4,1.68,1.53,1.65,66.6,62.5,34.0,3.8,57.8,67.2,67.2,64.1,64.0,54.1,15.3,4.2,7.3,2.65,71.2,1.93,Medium
STU03722,Economics,3,2.64,2.55,2.49,55.4,57.9,69.5,4.18,77.9,57.6,74.0,72.9,63.6,67.8,18.3,13.4,7.7,3.02,79.4,2.82,Medium
STU03723,Business Administration,4,2.54,2.47,2.11,73.5,63.5,88.3,2.04,87.1,64.9,98.6,65.0,63.2,67.0,16.1,6.6,1.6,3.26,84.6,2.7,Low
STU03724,Computer Science,5,2.83,3.18,3.35,88.2,91.5,86.6,0.0,81.6,85.1,79.9,100.0,77.5,100.0,14.5,17.6,1.6,3.49,89.8,2.71,Low
STU03725,Economics,8,2.96,2.8,2.66,70.0,78.7,69.7,1.92,61.2,84.4,55.7,78.8,55.5,88.7,18.5,5.9,8.4,3.02,79.4,3.06,Low
STU03726,Biology,1,1.41,1.36,1.52,37.0,36.6,40.9,4.44,50.4,48.3,27.3,72.6,31.1,36.5,12.0,10.7,6.1,3.08,80.7,1.06,High
STU03727,Economics,6,1.12,1.51,1.69,41.4,45.2,39.2,6.13,43.6,37.1,32.7,16.0,65.1,17.7,12.4,7.5,5.9,3.02,79.4,0.85,High
STU03728,Biology,2,3.32,3.24,2.98,76.3,75.7,63.7,0.0,85.9,81.2,83.0,68.1,66.8,53.9,24.0,11.4,5.8,3.08,80.7,3.25,Low
STU03729,Computer Science,4,2.2,2.24,2.26,67.2,76.8,87.6,0.38,48.7,89.1,76.5,56.6,56.8,59.8,12.3,8.9,0.0,3.49,89.8,2.27,Medium
STU03730,Electrical Engineering,6,1.26,1.49,1.59,41.8,37.8,72.1,2.41,63.0,56.5,29.5,55.3,55.1,38.7,3.6,11.2,8.7,3.07,80.5,1.14,High
STU03731,Psychology,5,1.8,1.57,1.31,44.1,43.8,70.1,1.87,61.6,57.6,52.3,45.0,63.7,62.5,15.0,7.0,1.6,2.76,73.7,1.85,Medium
STU03732,Mathematics,1,0.97,1.38,1.86,68.3,64.1,30.3,1.65,47.6,42.3,54.9,67.6,61.0,57.0,12.4,12.1,0.0,2.67,71.5,0.72,High
STU03733,Business Administration,6,2.42,2.46,2.16,93.9,82.1,68.5,1.71,91.5,82.2,87.5,92.8,91.0,71.2,18.6,13.5,,3.26,84.6,2.52,Low
STU03734,Mechanical Engineering,2,2.91,2.9,3.04,72.7,67.2,77.9,0.0,55.1,79.6,33.7,62.3,67.7,72.3,11.5,8.1,9.6,2.65,71.2,2.89,Low
STU03735,Biology,4,3.03,2.94,2.97,100.0,100.0,59.0,0.52,84.6,81.0,80.1,87.6,65.2,76.5,18.6,18.3,,3.08,80.7,3.01,Low
STU03736,Mathematics,2,2.49,2.69,2.6,66.6,66.4,69.6,1.53,69.9,63.1,62.2,57.8,48.7,70.7,5.0,19.5,4.3,2.67,71.5,2.28,Low
STU03737,Mechanical Engineering,5,2.8,3.02,3.09,83.4,89.5,74.7,1.59,70.6,76.7,87.1,87.1,71.3,72.7,12.0,23.6,2.3,2.65,71.2,2.41,Low
STU03738,Mathematics,2,2.59,2.44,2.04,37.3,42.1,42.7,2.95,50.0,61.5,63.6,59.0,52.1,60.5,15.5,9.4,3.6,2.67,71.5,2.7,Medium
STU03739,Mathematics,2,2.06,1.97,1.94,34.0,30.0,33.9,0.64,25.3,56.0,51.0,53.6,58.6,42.6,11.7,12.5,6.3,2.67,71.5,2.13,High
STU03740,Electrical Engineering,4,2.86,3.03,3.07,81.0,77.4,93.4,0.0,61.8,53.4,64.8,70.9,68.8,75.2,23.3,17.9,4.2,3.07,80.5,2.78,Low
STU03741,Psychology,2,3.14,3.02,2.89,68.3,65.2,41.4,3.17,71.8,81.4,66.3,66.2,69.7,61.4,7.7,11.7,3.4,2.76,73.7,3.17,Low
STU03742,Electrical Engineering,1,1.36,1.32,1.37,68.0,62.7,62.1,1.99,55.1,65.8,37.4,41.4,55.1,68.7,17.2,3.2,6.0,3.07,80.5,1.32,High
STU03743,Electrical Engineering,6,1.64,1.98,2.1,60.6,67.4,75.6,1.59,64.8,60.6,71.5,47.1,68.5,62.1,15.0,8.6,5.8,3.07,80.5,1.6,Medium
STU03744,Business Administration,8,2.82,2.92,3.11,57.1,54.9,64.2,2.07,42.2,43.9,59.2,73.5,66.9,49.1,,7.9,,3.26,84.6,2.7,Medium
STU03745,Business Administration,6,3.42,3.03,2.66,56.5,51.8,48.3,0.0,81.7,76.5,75.5,78.0,73.4,69.9,18.7,8.9,9.4,3.26,84.6,3.5,Low
STU03746,Computer Science,1,2.35,2.57,2.55,69.9,73.5,60.1,0.86,84.6,64.4,75.8,75.3,71.1,74.5,12.0,16.6,3.3,3.49,89.8,2.26,Medium
STU03747,Computer Science,1,2.74,2.64,2.6,54.4,55.6,57.4,0.02,61.6,57.0,70.9,68.9,63.1,67.3,14.0,10.9,6.5,3.49,89.8,2.78,Medium
STU03748,Mathematics,1,1.9,1.77,1.63,25.9,30.0,30.3,6.36,32.8,27.4,31.1,29.5,27.5,31.0,,3.1,8.5,2.67,71.5,2.02,High
STU03749,Biology,4,3.06,3.05,2.91,41.8,38.7,51.0,0.67,31.6,43.6,23.4,39.0,64.3,39.5,26.2,0.0,3.7,3.08,80.7,3.11,Low
STU03750,Computer Science,2,2.44,2.48,2.51,93.4,82.6,100.0,1.89,63.8,71.5,82.0,73.0,89.2,84.1,12.2,12.7,3.0,3.49,89.8,2.28,Low
STU03751,Economics,7,2.61,2.59,2.53,86.7,91.0,91.9,2.21,64.2,86.5,71.5,75.8,91.3,95.5,20.8,13.8,7.1,3.02,79.4,2.74,Low
STU03752,Electrical Engineering,5,2.25,2.35,2.12,92.3,86.4,65.0,1.9,58.4,46.9,49.2,52.2,49.1,53.6,16.2,10.4,4.4,3.07,80.5,2.46,Medium
STU03753,Mathematics,5,2.41,2.38,2.29,84.4,74.9,48.0,1.65,47.7,54.0,41.3,36.7,72.4,43.6,13.1,10.9,,2.67,71.5,2.43,Medium
STU03754,Mathematics,7,3.75,3.76,4.0,96.3,100.0,99.7,0.61,100.0,75.8,87.3,96.6,100.0,95.9,27.4,17.0,3.0,2.67,71.5,3.76,Low
STU03755,Psychology,7,1.82,1.8,1.86,48.0,45.2,91.1,0.3,41.7,50.8,35.5,50.2,60.9,44.4,5.1,11.8,4.1,2.76,73.7,1.94,Medium
STU03756,Electrical Engineering,1,3.86,3.72,3.33,100.0,99.2,89.0,0.53,80.5,86.3,82.8,88.0,84.8,88.1,14.0,20.5,8.5,3.07,80.5,3.96,Low
STU03757,Mathematics,2,2.87,2.58,2.14,49.2,47.8,48.0,0.0,69.3,87.9,53.4,45.4,83.7,49.6,13.2,8.9,5.5,2.67,71.5,3.16,Low
STU03758,Psychology,2,3.35,3.13,3.12,63.3,63.9,74.8,2.09,68.3,79.4,73.8,60.2,66.7,72.8,20.0,15.0,5.7,2.76,73.7,3.39,Low
STU03759,Psychology,5,3.83,3.58,3.55,97.2,96.6,96.5,0.0,100.0,100.0,83.6,83.2,95.4,92.3,16.3,7.9,2.4,2.76,73.7,3.89,Low
STU03760,Psychology,2,1.28,1.4,1.4,47.4,48.8,34.8,5.63,65.0,37.8,34.0,40.9,36.4,68.7,16.4,11.0,7.4,2.76,73.7,1.32,High
STU03761,Business Administration,6,1.93,1.83,2.15,69.0,73.5,60.5,3.72,66.5,55.0,61.7,49.6,55.5,63.7,15.9,12.3,8.1,3.26,84.6,2.0,High
STU03762,Psychology,8,2.48,2.37,2.33,64.3,66.2,90.8,1.8,73.2,69.2,74.7,66.7,48.0,65.0,24.5,14.0,7.7,2.76,73.7,2.62,Medium
STU03763,Economics,4,3.75,3.66,3.6,91.2,80.6,46.7,3.83,77.4,71.7,69.4,77.3,79.3,43.9,18.0,15.0,5.4,3.02,79.4,3.68,Low
STU03764,Business Administration,6,1.22,1.52,1.64,37.1,30.0,46.8,2.87,37.6,38.9,47.2,38.7,42.2,37.1,10.3,4.2,3.3,3.26,84.6,1.09,High
STU03765,Economics,7,3.29,2.93,2.83,51.7,51.1,47.0,2.59,61.2,68.7,78.0,68.7,60.0,54.3,13.0,9.4,4.8,3.02,79.4,3.36,Low
STU03766,Computer Science,8,3.01,3.02,3.23,80.2,74.3,61.2,1.74,78.0,78.2,79.5,73.4,78.4,75.1,24.7,15.5,0.4,3.49,89.8,2.94,Low
STU03767,Electrical Engineering,5,1.48,1.73,1.75,48.4,52.5,63.2,3.76,76.7,66.9,72.1,57.8,69.5,59.2,17.3,16.2,1.8,3.07,80.5,1.35,Medium
STU03768,Mathematics,1,3.75,3.61,3.5,77.0,75.1,73.6,3.1,75.7,59.0,64.7,69.0,71.8,70.2,21.1,24.5,1.8,2.67,71.5,3.75,Low
STU03769,Mathematics,2,3.41,3.45,3.36,99.2,100.0,71.9,,72.2,90.8,100.0,53.1,85.2,100.0,28.6,13.5,8.9,2.67,71.5,3.64,Low
STU03770,Biology,4,2.1,2.31,2.5,72.5,83.0,67.1,1.14,61.1,63.9,58.0,59.0,65.9,59.3,17.6,9.0,3.5,3.08,80.7,1.96,Medium
STU03771,Psychology,7,1.68,1.7,1.63,44.9,37.8,61.1,1.78,54.8,36.9,55.7,44.2,54.0,42.5,12.3,6.0,4.7,2.76,73.7,1.6,Medium
STU03772,Business Administration,1,2.13,2.25,2.18,26.9,33.9,54.1,1.86,100.0,50.9,83.0,65.9,37.9,38.4,7.0,5.6,8.4,3.26,84.6,1.9,Medium
STU03773,Biology,6,2.48,2.66,2.6,63.9,67.5,57.6,3.24,57.3,53.1,57.9,54.9,46.7,55.9,12.8,14.5,4.6,3.08,80.7,2.29,Medium
STU03774,Mechanical Engineering,5,3.56,3.32,3.35,89.3,88.3,69.8,1.86,100.0,80.3,99.1,94.1,100.0,100.0,22.3,17.3,2.9,2.65,71.2,3.53,Low
STU03775,Computer Science,7,3.24,3.08,2.86,77.7,72.9,61.1,0.0,82.3,88.7,55.6,77.1,48.2,68.7,11.6,15.1,4.9,3.49,89.8,3.43,Low
STU03776,Electrical Engineering,2,2.08,1.87,1.85,60.3,48.7,16.9,4.8,60.0,49.1,46.3,68.2,42.9,47.4,14.5,5.1,7.4,3.07,80.5,2.09,Medium
STU03777,Economics,6,3.51,3.52,3.69,97.8,91.2,64.4,0.73,91.6,96.2,98.8,96.0,80.9,83.4,22.1,18.0,2.0,3.02,79.4,3.24,Low
STU03778,Biology,2,0.99,0.79,0.5,37.6,33.1,19.5,4.59,23.5,27.9,35.4,27.8,33.6,31.5,2.9,3.9,4.2,3.08,80.7,1.22,High
STU03779,Economics,6,1.28,1.28,1.33,39.8,30.0,31.0,4.9,41.3,41.2,53.2,38.0,20.4,23.5,11.9,0.0,0.0,3.02,79.4,1.58,High
STU03780,Mechanical Engineering,8,1.59,1.84,2.25,47.9,53.9,71.1,2.06,63.6,42.5,65.4,51.2,57.2,66.6,7.5,20.7,4.7,2.65,71.2,1.31,High
STU03781,Electrical Engineering,8,2.98,2.72,2.62,35.1,41.3,67.6,0.0,69.9,54.6,59.1,61.2,79.8,51.0,14.7,13.8,0.0,3.07,80.5,2.92,Low
STU03782,Electrical Engineering,6,1.5,1.52,1.58,65.7,70.7,82.2,2.95,97.2,43.3,39.9,39.3,100.0,82.5,15.7,7.9,6.7,3.07,80.5,1.51,Medium
STU03783,Psychology,2,2.29,2.11,2.02,52.0,48.4,74.3,2.4,82.4,61.4,92.0,64.6,81.6,59.9,14.9,16.2,7.5,2.76,73.7,2.25,Medium
STU03784,Mathematics,5,3.66,3.66,3.81,82.1,96.3,100.0,0.69,100.0,100.0,100.0,99.3,96.3,82.5,24.4,18.3,1.6,2.67,71.5,3.75,Low
STU03785,Electrical Engineering,4,2.19,2.22,2.23,78.4,80.6,65.9,0.0,71.5,77.3,77.4,42.4,64.3,77.5,11.7,11.4,6.4,3.07,80.5,2.24,Medium
STU03786,Mechanical Engineering,8,3.26,3.07,2.82,72.9,64.3,86.8,2.58,62.7,73.1,72.5,54.8,53.8,55.4,21.0,10.2,3.2,2.65,71.2,3.46,Low
STU03787,Biology,5,1.61,2.08,2.35,68.2,66.0,100.0,0.0,73.1,77.1,61.7,72.7,100.0,84.6,11.8,14.2,5.2,3.08,80.7,1.61,Medium
STU03788,Biology,6,2.18,2.05,2.03,36.2,30.0,68.4,1.63,55.7,50.7,68.2,43.0,44.2,44.5,,8.7,3.7,3.08,80.7,2.36,Medium
STU03789,Biology,8,3.63,3.34,3.03,74.0,80.7,58.6,1.07,100.0,94.6,33.8,78.7,68.4,82.8,19.1,12.3,4.8,3.08,80.7,3.74,Low
STU03790,Psychology,5,2.46,2.64,2.44,49.8,38.5,52.9,2.14,59.7,65.4,54.1,58.0,54.3,61.3,,14.7,5.4,2.76,73.7,2.36,Medium
STU03791,Mechanical Engineering,8,3.31,3.16,2.65,67.2,69.6,48.5,1.14,73.3,65.3,69.6,59.9,70.3,60.4,20.0,16.1,0.5,2.65,71.2,3.46,Low
STU03792,Psychology,4,3.23,2.78,2.58,85.3,86.4,88.5,0.82,77.1,84.4,72.0,74.6,45.6,65.5,22.2,14.1,3.0,2.76,73.7,3.66,Low
STU03793,Biology,3,3.72,3.63,3.66,93.6,97.8,82.3,0.0,95.8,89.7,100.0,100.0,100.0,100.0,28.3,12.7,3.0,3.08,80.7,4.0,Low
STU03794,Electrical Engineering,4,2.92,3.07,3.23,71.7,74.6,78.2,,65.3,62.8,73.8,56.1,98.0,66.3,,7.9,6.9,3.07,80.5,2.85,Medium
STU03795,Mechanical Engineering,8,2.53,2.81,2.83,57.7,53.9,71.5,2.18,58.3,79.9,77.6,99.1,79.9,61.4,14.5,13.6,9.5,2.65,71.2,2.56,Medium
STU03796,Mechanical Engineering,1,2.89,2.92,2.74,53.7,64.7,81.2,0.0,75.6,64.9,77.3,81.1,44.3,61.5,24.2,16.0,1.5,2.65,71.2,3.03,Low
STU03797,Business Administration,3,2.51,2.2,2.42,70.2,67.7,96.8,1.33,76.8,86.1,66.0,73.6,58.6,56.3,10.0,13.5,5.3,3.26,84.6,2.32,Medium
STU03798,Computer Science,1,3.8,3.64,3.15,81.6,74.1,69.5,0.84,68.3,69.6,69.4,75.6,62.1,72.4,,15.6,3.9,3.49,89.8,3.93,Low
STU03799,Electrical Engineering,5,3.34,3.41,3.24,64.0,64.1,88.1,0.0,61.6,70.8,68.5,60.4,74.8,66.4,12.1,16.3,3.3,3.07,80.5,3.56,Low
STU03800,Computer Science,7,2.75,2.87,2.62,75.6,80.2,100.0,0.0,78.9,65.7,81.6,78.1,52.8,72.8,,9.5,7.4,3.49,89.8,2.86,Low
STU03801,Business Administration,3,2.35,2.43,2.41,64.9,69.5,71.0,1.73,74.6,82.1,67.9,82.7,73.3,82.0,16.9,16.5,2.5,3.26,84.6,2.41,Medium
STU03802,Business Administration,8,1.74,1.62,1.69,32.5,36.6,27.9,4.61,4.7,17.6,10.0,24.3,30.1,18.3,11.2,5.8,7.9,3.26,84.6,1.82,High
STU03803,Computer Science,4,3.36,3.22,3.26,79.4,78.8,100.0,0.0,73.3,67.9,89.7,79.2,83.2,73.1,22.2,16.0,7.9,3.49,89.8,3.36,Low
STU03804,Psychology,7,0.84,0.77,1.12,26.9,30.0,49.6,3.07,30.4,39.9,44.7,44.4,26.2,44.2,13.5,9.2,4.6,2.76,73.7,0.85,High
STU03805,Business Administration,3,3.12,3.22,3.15,82.2,71.2,75.2,2.55,78.1,78.0,75.8,80.3,79.5,75.0,24.3,18.5,5.0,3.26,84.6,3.18,Low
STU03806,Mechanical Engineering,5,2.12,1.95,1.79,57.8,59.6,54.6,2.73,45.5,58.9,49.6,65.2,50.0,61.9,5.5,6.8,6.0,2.65,71.2,2.32,Medium
STU03807,Computer Science,8,1.51,1.61,1.74,37.8,30.0,25.0,3.83,33.2,40.8,41.3,29.0,47.9,32.0,19.6,0.5,6.6,3.49,89.8,1.42,High
STU03808,Psychology,2,2.98,2.93,2.75,82.1,69.2,89.4,1.99,71.1,100.0,74.4,92.5,84.5,44.5,21.6,9.1,4.3,2.76,73.7,2.98,Low
STU03809,Mathematics,2,3.26,3.14,3.18,47.9,45.9,55.7,3.44,84.5,59.7,55.4,57.9,92.3,66.7,17.2,13.7,,2.67,71.5,3.19,Low
STU03810,Computer Science,8,1.38,1.64,1.73,30.8,40.0,59.6,4.51,48.1,51.2,55.7,62.5,54.5,41.7,10.1,9.6,1.3,3.49,89.8,1.28,High
STU03811,Business Administration,8,2.57,2.22,2.39,51.9,57.7,53.6,0.66,54.3,50.8,49.3,49.2,44.8,54.4,,14.7,6.9,3.26,84.6,2.67,Medium
STU03812,Computer Science,6,1.77,1.59,1.5,42.1,30.0,23.5,0.87,31.4,42.5,26.8,28.2,31.5,57.8,12.4,14.8,5.2,3.49,89.8,2.07,High
STU03813,Mathematics,3,2.62,2.6,2.69,59.3,55.3,60.8,0.1,50.2,47.6,30.6,56.5,31.4,51.5,13.5,16.3,1.8,2.67,71.5,2.62,Medium
STU03814,Electrical Engineering,4,1.97,1.83,1.86,40.0,37.4,44.2,2.91,56.3,36.2,66.7,41.2,59.4,46.4,15.6,12.0,9.0,3.07,80.5,2.06,Medium
STU03815,Mechanical Engineering,6,2.84,3.13,3.37,74.5,77.2,62.8,0.0,66.4,67.4,99.8,71.6,75.7,87.8,5.4,12.6,4.2,2.65,71.2,2.78,Low
STU03816,Mathematics,6,2.9,2.9,3.21,62.6,65.7,94.4,0.0,89.9,86.2,86.2,79.2,88.8,79.9,23.8,8.8,2.1,2.67,71.5,2.8,Low
STU03817,Mechanical Engineering,1,3.24,3.05,2.88,77.0,64.0,58.3,0.0,98.9,72.7,72.7,68.3,85.4,100.0,15.5,12.3,9.4,2.65,71.2,3.25,Low
STU03818,Electrical Engineering,8,4.0,3.74,3.75,70.2,66.0,71.7,0.0,84.0,88.0,100.0,96.0,100.0,77.8,15.9,20.7,6.1,3.07,80.5,4.0,Low
STU03819,Economics,7,3.27,3.17,3.11,89.2,78.8,68.9,3.18,68.4,78.1,74.9,78.4,67.1,73.5,5.9,11.2,0.5,3.02,79.4,3.38,Low
STU03820,Electrical Engineering,7,2.48,2.78,3.17,65.4,67.5,62.5,3.24,77.4,77.1,56.3,73.1,73.3,85.4,,11.4,2.4,3.07,80.5,2.26,Medium
STU03821,Psychology,7,2.84,3.1,3.09,55.5,51.6,71.2,2.67,64.7,60.4,62.2,49.0,52.1,62.4,18.0,9.7,4.4,2.76,73.7,2.81,Low
STU03822,Mathematics,1,3.39,2.98,2.58,88.9,80.3,68.2,1.42,70.9,61.8,59.1,68.7,69.0,76.7,13.0,9.2,5.6,2.67,71.5,3.86,Low
STU03823,Electrical Engineering,2,3.12,2.78,2.64,66.5,58.5,75.3,2.45,66.7,57.1,57.5,42.7,55.1,58.9,,1.1,5.9,3.07,80.5,3.35,Low
STU03824,Mathematics,6,3.04,3.56,3.54,100.0,93.5,86.4,2.06,84.1,100.0,92.0,82.6,77.3,88.2,16.3,10.8,3.1,2.67,71.5,2.87,Low
STU03825,Electrical Engineering,1,3.02,2.95,3.07,69.9,75.8,99.8,2.08,90.9,83.2,77.9,60.4,100.0,77.8,17.0,14.3,8.4,3.07,80.5,3.14,Low
STU03826,Computer Science,2,3.56,3.38,3.02,89.3,82.9,81.9,0.97,64.8,77.5,82.6,67.6,62.0,68.6,12.9,17.5,6.8,3.49,89.8,3.71,Low
STU03827,Psychology,2,2.04,2.03,1.93,71.7,73.5,55.9,2.73,60.0,35.2,47.4,23.2,60.2,58.6,8.3,18.5,5.2,2.76,73.7,1.96,Medium
STU03828,Business Administration,3,2.25,2.6,2.81,80.3,84.5,57.6,0.0,88.3,62.8,100.0,87.9,79.1,73.9,,13.8,6.6,3.26,84.6,2.29,Medium
STU03829,Mechanical Engineering,7,3.49,3.39,3.34,75.2,79.8,86.6,3.67,91.2,87.4,77.4,76.4,79.2,75.6,23.3,16.9,7.7,2.65,71.2,3.55,Low
STU03830,Mechanical Engineering,5,1.8,1.72,1.66,69.5,67.6,48.3,0.87,48.6,37.6,52.6,66.7,38.8,35.5,17.8,9.8,3.8,2.65,71.2,1.82,Medium
STU03831,Economics,3,2.54,2.81,2.92,68.8,79.2,78.9,2.38,54.8,66.4,57.7,80.1,63.5,61.8,10.1,14.9,6.3,3.02,79.4,2.5,Medium
STU03832,Business Administration,7,3.63,3.44,3.59,89.0,91.0,73.2,1.26,75.6,92.7,84.6,68.8,100.0,82.4,11.4,10.0,1.2,3.26,84.6,3.77,Low
STU03833,Biology,3,3.34,3.29,2.93,76.4,82.8,90.3,0.34,75.3,71.2,74.1,59.7,78.2,65.9,,7.4,2.3,3.08,80.7,3.36,Low
STU03834,Biology,3,3.9,4.0,3.88,92.8,82.4,69.3,1.23,80.5,84.6,79.6,71.6,76.8,87.4,17.4,11.8,9.1,3.08,80.7,3.86,Low
STU03835,Psychology,4,2.91,2.97,2.87,72.8,66.4,88.6,0.87,66.0,58.0,59.1,100.0,81.2,95.4,16.8,16.3,2.6,2.76,73.7,2.89,Low
STU03836,Computer Science,8,2.23,1.74,1.48,71.1,68.1,34.4,0.48,45.3,47.6,49.2,47.6,48.5,48.2,15.3,11.5,5.4,3.49,89.8,2.59,Medium
STU03837,Psychology,1,3.24,3.3,3.59,57.1,70.2,72.3,4.22,90.7,62.1,68.6,63.4,86.3,84.0,16.1,15.9,5.8,2.76,73.7,3.21,Low
STU03838,Psychology,2,3.0,2.69,2.39,55.7,57.4,48.3,1.62,66.8,54.6,63.4,78.3,54.7,70.9,9.0,14.8,2.9,2.76,73.7,3.27,Low
STU03839,Economics,2,4.0,3.87,3.89,82.2,87.6,89.6,,81.3,100.0,56.7,97.9,100.0,62.4,20.4,17.0,2.4,3.02,79.4,4.0,Low
STU03840,Mechanical Engineering,6,3.2,3.07,3.04,80.1,71.6,77.8,,71.7,61.8,77.9,92.7,67.4,76.1,24.5,24.1,5.8,2.65,71.2,3.11,Low
STU03841,Mathematics,6,3.29,3.16,3.31,79.3,83.7,80.9,0.14,86.6,79.5,66.0,74.6,81.6,69.2,27.8,8.7,1.5,2.67,71.5,3.44,Low
STU03842,Biology,4,1.42,1.17,1.3,28.6,30.0,16.1,4.15,31.6,8.0,0.0,14.5,15.9,10.8,13.6,3.9,9.3,3.08,80.7,1.53,High
STU03843,Mathematics,7,3.03,2.93,2.69,92.8,86.2,87.7,0.7,62.4,77.6,56.8,62.8,88.4,80.0,12.8,16.1,3.2,2.67,71.5,3.19,Low
STU03844,Biology,1,3.7,3.67,3.44,86.2,83.2,68.1,3.28,89.3,79.1,71.0,76.0,75.4,74.7,25.2,9.9,4.3,3.08,80.7,3.75,Low
STU03845,Computer Science,8,2.67,2.55,2.28,56.0,59.7,74.9,2.31,59.9,61.4,50.7,64.5,56.0,48.0,10.0,5.7,3.4,3.49,89.8,2.6,Medium
STU03846,Mathematics,4,1.32,1.36,1.45,30.9,32.5,46.4,5.1,43.4,32.2,31.8,30.5,27.2,23.2,6.6,2.7,5.9,2.67,71.5,1.2,High
STU03847,Business Administration,8,1.47,1.47,1.16,44.5,43.0,46.3,4.16,56.0,58.9,28.0,50.1,43.9,43.8,17.5,8.3,9.3,3.26,84.6,1.42,High
STU03848,Economics,2,1.49,1.48,1.46,61.3,65.6,48.4,0.0,63.1,58.0,59.9,64.4,49.8,33.2,15.2,20.4,6.3,3.02,79.4,1.43,Medium
STU03849,Computer Science,2,3.27,3.13,3.34,79.5,79.2,100.0,1.9,72.1,80.3,94.0,71.8,100.0,98.3,21.3,2.9,3.6,3.49,89.8,3.2,Low
STU03850,Mechanical Engineering,3,3.39,3.39,3.42,70.2,77.5,49.0,2.07,60.4,68.7,61.9,62.2,62.7,66.5,11.0,5.8,4.3,2.65,71.2,3.37,Low
STU03851,Economics,6,1.0,0.95,0.81,46.7,45.1,39.0,0.46,41.2,39.4,58.4,49.1,37.3,50.3,17.7,11.1,8.4,3.02,79.4,1.15,High
STU03852,Electrical Engineering,8,2.82,2.57,2.64,87.4,77.6,71.0,2.07,71.2,67.3,59.7,56.6,53.9,68.6,12.3,13.6,4.8,3.07,80.5,3.04,Low
STU03853,Computer Science,2,2.26,2.19,2.1,48.3,46.2,53.4,2.6,53.5,61.4,39.8,66.2,49.4,59.8,15.5,11.6,4.3,3.49,89.8,2.24,Medium
STU03854,Economics,4,1.69,1.57,1.65,56.4,52.0,69.6,1.11,52.2,35.6,74.4,68.7,60.6,60.2,14.7,11.2,5.6,3.02,79.4,1.81,High
STU03855,Economics,6,3.68,3.61,3.31,91.4,82.9,98.6,0.4,62.7,81.2,68.3,79.4,94.0,81.1,14.8,11.0,10.9,3.02,79.4,3.74,Low
STU03856,Computer Science,1,2.59,2.81,2.84,78.4,73.3,66.6,,81.4,83.2,64.8,68.0,54.3,81.7,17.0,1.2,7.9,3.49,89.8,2.45,Medium
STU03857,Biology,2,3.71,3.37,3.16,76.8,73.9,98.3,0.0,68.7,64.6,62.3,66.9,69.3,65.3,7.2,12.0,8.6,3.08,80.7,3.71,Low
STU03858,Mathematics,3,0.82,1.02,1.26,32.0,43.6,40.3,2.25,37.0,28.2,40.0,40.9,30.1,42.9,8.0,11.0,11.6,2.67,71.5,0.67,High
STU03859,Computer Science,2,1.92,1.95,2.18,34.7,41.4,44.5,0.0,50.2,44.8,69.9,61.8,35.5,72.3,17.5,10.9,6.0,3.49,89.8,1.8,Medium
STU03860,Economics,2,2.86,2.67,2.68,79.9,76.7,93.0,2.97,63.4,62.1,62.5,64.1,65.4,64.4,3.1,13.0,4.7,3.02,79.4,2.9,Medium
STU03861,Mathematics,2,2.01,2.25,2.18,57.5,64.1,50.1,2.66,54.3,67.3,94.3,84.2,78.1,100.0,25.3,17.4,1.9,2.67,71.5,1.81,Medium
STU03862,Economics,8,3.22,3.04,2.79,78.7,78.4,80.2,1.54,88.7,82.9,73.2,83.1,80.6,70.8,18.5,15.1,0.0,3.02,79.4,3.38,Low
STU03863,Mathematics,7,2.89,2.79,2.53,75.0,73.1,71.0,0.15,86.9,63.0,50.7,54.8,71.2,50.8,17.3,11.1,0.0,2.67,71.5,3.08,Low
STU03864,Mathematics,8,2.95,3.13,3.31,77.1,81.6,99.4,1.46,77.9,75.3,100.0,83.4,100.0,74.2,28.1,22.1,10.6,2.67,71.5,2.84,Low
STU03865,Economics,6,2.36,2.08,1.9,84.0,75.6,86.4,0.0,69.7,72.2,86.1,60.6,69.3,65.8,,11.1,1.9,3.02,79.4,2.45,Medium
STU03866,Psychology,3,3.56,3.46,3.17,74.5,67.7,82.3,2.82,66.1,73.2,75.1,66.8,77.3,77.1,21.0,6.8,1.3,2.76,73.7,3.63,Low
STU03867,Mathematics,6,1.72,1.69,1.69,60.9,57.0,67.5,2.19,45.3,55.7,49.1,53.4,56.5,65.6,13.2,5.5,5.5,2.67,71.5,1.71,Medium
STU03868,Mathematics,4,2.71,2.75,2.68,83.4,80.7,30.1,0.0,44.0,65.0,74.0,70.2,71.2,98.5,15.3,12.6,3.3,2.67,71.5,2.9,Medium
STU03869,Biology,8,3.68,3.34,2.85,59.5,57.5,63.1,3.18,53.9,62.2,69.8,50.2,64.3,48.6,17.4,13.8,3.4,3.08,80.7,3.8,Low
STU03870,Mechanical Engineering,5,2.9,2.81,2.92,55.8,59.1,21.0,0.9,66.5,71.0,80.1,64.5,68.5,66.9,18.5,9.1,10.6,2.65,71.2,2.86,Medium
STU03871,Economics,7,2.29,2.29,2.14,73.0,74.4,89.8,2.73,69.0,60.0,64.4,66.6,60.0,71.9,17.3,8.9,1.7,3.02,79.4,2.31,Medium
STU03872,Computer Science,5,3.1,3.21,3.54,91.6,81.8,76.3,2.59,70.9,81.8,58.5,73.3,62.2,74.6,15.4,16.2,,3.49,89.8,2.98,Low
STU03873,Mechanical Engineering,7,0.79,0.76,0.63,68.0,54.1,10.0,5.14,27.8,25.2,22.1,28.5,22.9,36.2,4.4,3.5,5.3,2.65,71.2,0.79,High
STU03874,Business Administration,6,1.19,1.34,1.32,24.4,32.3,23.0,1.67,49.3,37.9,38.4,52.0,36.2,36.7,,9.8,5.8,3.26,84.6,1.41,High
STU03875,Electrical Engineering,4,0.88,0.69,0.5,36.7,30.0,38.6,6.14,20.1,24.4,15.2,17.9,23.3,17.2,7.4,4.5,6.7,3.07,80.5,0.8,High
STU03876,Psychology,7,3.19,3.29,3.2,82.6,79.2,71.0,0.0,80.3,73.7,78.8,92.9,81.2,98.9,22.5,18.4,3.0,2.76,73.7,3.2,Low
STU03877,Economics,8,3.87,4.0,4.0,53.5,63.1,58.8,0.0,93.8,94.0,91.3,91.5,89.1,94.2,21.4,12.2,4.2,3.02,79.4,3.93,Low
STU03878,Mathematics,8,2.6,2.57,2.69,64.1,64.8,65.6,2.71,60.4,81.1,74.4,82.3,73.6,78.0,16.9,10.0,2.9,2.67,71.5,2.51,Low
STU03879,Biology,1,3.95,3.85,3.77,96.9,100.0,68.7,0.0,91.1,94.4,90.9,88.8,87.4,92.9,18.3,23.9,5.2,3.08,80.7,4.0,Low
STU03880,Electrical Engineering,2,3.33,3.79,4.0,81.0,82.5,100.0,1.42,91.5,90.6,95.4,100.0,98.9,90.4,30.2,21.2,9.3,3.07,80.5,3.16,Low
STU03881,Economics,3,2.1,2.37,2.54,64.1,60.2,45.4,2.24,80.3,56.2,44.0,42.6,56.2,68.3,14.6,4.8,5.3,3.02,79.4,1.96,Medium
STU03882,Psychology,6,3.59,3.82,3.84,77.7,86.1,100.0,0.45,88.6,94.8,92.7,92.1,82.6,93.5,15.1,12.7,1.5,2.76,73.7,3.53,Low
STU03883,Business Administration,6,2.76,2.63,2.57,65.6,58.7,89.9,0.21,88.1,100.0,86.3,84.5,100.0,80.8,18.8,16.1,11.0,3.26,84.6,2.61,Low
STU03884,Biology,8,2.63,2.52,2.39,67.6,52.9,45.1,2.49,71.9,68.6,65.9,63.6,66.5,63.9,15.2,18.7,6.3,3.08,80.7,2.59,Low
STU03885,Biology,4,3.55,3.63,3.89,67.6,64.3,80.6,4.0,76.2,78.7,74.0,74.5,71.7,79.7,15.4,16.6,0.0,3.08,80.7,3.43,Low
STU03886,Psychology,3,1.9,1.87,2.0,46.0,45.2,69.2,3.83,52.3,53.9,52.5,54.2,54.6,58.4,8.3,13.0,1.5,2.76,73.7,1.9,Medium
STU03887,Biology,1,2.0,2.13,1.9,49.2,48.4,28.1,3.63,61.7,44.4,21.2,38.5,68.5,66.3,3.2,6.5,0.0,3.08,80.7,1.95,High
STU03888,Mechanical Engineering,3,3.56,3.83,3.55,60.2,61.9,49.5,0.0,82.6,85.1,81.2,79.7,60.9,78.6,17.6,16.1,1.8,2.65,71.2,3.49,Low
STU03889,Business Administration,6,1.06,1.49,1.72,27.6,31.6,33.1,2.83,45.9,48.4,29.5,43.4,40.6,51.0,14.6,6.0,5.4,3.26,84.6,0.79,High
STU03890,Business Administration,2,3.68,3.54,3.56,85.1,91.0,95.6,0.0,100.0,93.6,100.0,100.0,98.3,93.1,17.0,18.1,6.3,3.26,84.6,3.78,Low
STU03891,Mechanical Engineering,8,3.43,3.22,3.16,66.0,56.6,60.4,0.0,71.3,63.4,64.9,68.1,66.2,76.4,18.9,13.8,6.0,2.65,71.2,3.56,Low
STU03892,Psychology,5,1.95,1.94,2.05,43.6,42.1,47.7,,52.8,33.1,53.9,57.4,44.3,40.6,9.7,4.8,5.3,2.76,73.7,2.12,High
STU03893,Economics,7,2.23,2.03,1.78,47.7,50.4,47.9,0.79,73.5,33.6,42.5,28.0,61.9,57.2,15.9,8.1,7.3,3.02,79.4,2.3,Medium
STU03894,Mechanical Engineering,2,3.7,3.89,4.0,89.4,100.0,92.8,2.5,100.0,100.0,100.0,100.0,93.4,100.0,20.2,6.0,9.9,2.65,71.2,3.61,Low
STU03895,Business Administration,1,2.74,2.72,2.4,42.8,47.3,79.7,1.96,85.2,64.6,64.0,61.3,52.2,56.8,15.9,9.0,,3.26,84.6,2.67,Medium
STU03896,Electrical Engineering,8,3.15,2.93,3.12,68.8,65.9,60.9,2.11,73.6,85.1,100.0,54.8,59.5,100.0,10.0,18.7,5.6,3.07,80.5,3.27,Low
STU03897,Computer Science,3,2.73,2.86,3.12,69.5,63.9,57.0,0.25,67.8,73.6,74.8,71.1,75.9,87.3,16.3,8.2,8.2,3.49,89.8,2.75,Medium
STU03898,Psychology,4,2.81,2.72,2.62,47.5,52.3,41.6,1.18,62.6,71.1,62.8,72.2,75.1,64.6,20.9,16.8,4.4,2.76,73.7,2.79,Low
STU03899,Biology,1,1.85,2.02,2.14,49.3,51.5,24.7,1.87,56.3,53.4,53.5,50.3,53.1,53.7,16.2,14.0,6.2,3.08,80.7,1.92,High
STU03900,Biology,5,2.38,2.73,2.94,62.2,68.4,85.1,0.0,57.3,62.6,62.7,70.7,76.8,73.8,12.8,9.6,12.4,3.08,80.7,2.32,Low
STU03901,Mathematics,2,2.88,2.73,2.22,81.8,85.0,64.0,0.13,82.2,75.0,85.7,56.0,100.0,74.7,25.4,14.5,9.0,2.67,71.5,3.22,Low
STU03902,Economics,5,1.96,1.8,1.83,53.3,51.7,58.1,,48.6,57.9,44.0,53.1,43.4,45.1,14.9,11.8,6.0,3.02,79.4,2.08,Medium
STU03903,Electrical Engineering,5,2.85,3.03,3.15,64.9,66.9,67.7,1.49,67.2,75.0,83.4,72.0,58.4,64.1,8.0,19.0,11.9,3.07,80.5,2.72,Low
STU03904,Computer Science,3,2.37,2.37,2.53,45.5,45.5,26.6,1.71,53.6,57.3,57.2,55.9,57.5,51.1,,9.0,0.6,3.49,89.8,2.19,Medium
STU03905,Computer Science,7,2.03,1.91,1.69,59.3,58.4,38.2,,45.2,30.3,54.7,48.3,40.4,54.9,15.3,12.0,,3.49,89.8,1.93,Medium
STU03906,Computer Science,6,3.2,2.91,2.69,90.0,84.1,81.1,1.83,62.2,69.8,69.3,62.5,82.0,76.8,18.4,14.8,5.3,3.49,89.8,3.31,Low
STU03907,Psychology,2,1.28,0.99,1.1,37.2,30.0,33.9,,6.8,26.8,19.3,32.8,29.9,25.5,13.3,15.3,4.8,2.76,73.7,1.18,High
STU03908,Electrical Engineering,7,1.97,1.7,1.61,64.4,61.4,52.5,0.0,62.9,55.2,51.7,50.2,50.5,39.1,,13.1,8.3,3.07,80.5,1.82,Medium
STU03909,Biology,3,1.87,1.53,1.32,37.7,33.4,10.0,3.35,1.2,13.2,28.3,53.3,27.1,51.0,14.6,7.0,7.3,3.08,80.7,1.95,High
STU03910,Mathematics,7,2.46,2.57,2.63,71.2,67.5,81.8,1.89,65.6,70.0,78.5,50.8,85.7,63.2,14.3,11.6,5.6,2.67,71.5,2.27,Medium
STU03911,Economics,5,1.33,1.49,1.71,49.6,43.8,26.6,3.07,43.0,13.3,43.3,56.6,27.0,54.2,6.5,7.5,1.8,3.02,79.4,1.57,High
STU03912,Mechanical Engineering,2,1.94,2.07,2.13,70.2,73.9,59.3,4.54,66.4,72.3,54.7,83.7,66.5,62.7,13.4,4.2,5.2,2.65,71.2,1.83,Medium
STU03913,Psychology,6,2.4,2.56,2.96,41.7,51.4,77.1,4.8,64.3,68.5,75.0,77.6,67.9,71.1,23.3,9.2,1.2,2.76,73.7,2.11,Medium
STU03914,Computer Science,7,2.36,2.32,2.17,63.9,59.0,32.9,0.99,79.9,42.2,6.3,76.4,91.8,34.5,4.6,13.2,10.4,3.49,89.8,2.65,Medium
STU03915,Electrical Engineering,6,1.31,1.16,0.97,36.3,30.0,24.6,3.8,0.0,32.6,56.0,0.0,5.4,17.1,10.6,4.3,9.9,3.07,80.5,1.41,High
STU03916,Electrical Engineering,1,2.04,2.31,2.75,70.6,67.2,41.3,0.97,60.3,72.1,61.1,71.6,63.3,64.6,18.4,6.2,7.2,3.07,80.5,1.84,Medium
STU03917,Computer Science,5,1.19,1.58,1.86,46.4,54.0,69.3,3.1,45.4,66.8,77.8,51.1,73.4,62.7,8.7,16.9,7.3,3.49,89.8,0.88,High
STU03918,Mathematics,8,3.31,3.08,3.13,91.5,91.2,80.6,2.03,97.4,88.9,100.0,80.3,83.9,100.0,20.9,10.3,11.1,2.67,71.5,3.59,Low
STU03919,Computer Science,1,3.33,3.19,2.83,86.1,88.3,75.6,0.39,80.1,78.9,72.1,80.7,81.6,87.4,18.6,18.4,0.0,3.49,89.8,3.42,Low
STU03920,Psychology,5,1.85,1.95,2.42,45.7,47.3,59.2,1.9,56.2,61.1,49.0,51.9,59.2,50.5,21.1,18.1,6.9,2.76,73.7,1.53,Medium
STU03921,Psychology,8,4.0,3.87,3.75,93.1,82.5,100.0,1.17,100.0,47.4,83.7,100.0,68.9,68.4,27.3,10.0,,2.76,73.7,4.0,Low
STU03922,Mechanical Engineering,6,2.83,2.8,2.82,71.4,63.0,77.9,0.0,61.1,76.2,54.4,62.4,68.2,73.7,9.8,10.5,5.9,2.65,71.2,2.92,Low
STU03923,Business Administration,3,2.28,2.35,1.99,54.8,62.4,19.5,0.41,67.6,57.4,79.1,47.8,63.9,61.0,10.0,8.8,4.1,3.26,84.6,2.08,Medium
STU03924,Biology,8,2.67,2.76,2.52,59.6,57.7,50.6,4.88,73.2,55.8,70.5,50.1,95.2,73.5,19.8,9.0,3.6,3.08,80.7,2.56,Medium
STU03925,Computer Science,7,2.17,2.23,2.33,71.0,76.9,52.4,1.07,28.1,37.8,56.3,80.9,57.9,70.5,15.5,9.5,2.4,3.49,89.8,2.27,Medium
STU03926,Biology,3,2.15,1.91,1.92,35.0,30.8,56.6,3.94,44.3,37.1,34.1,49.5,39.1,37.2,18.2,6.6,7.7,3.08,80.7,2.0,Medium
STU03927,Electrical Engineering,2,2.12,1.76,1.55,34.0,30.5,30.9,4.53,19.6,73.8,43.7,50.7,27.3,52.5,17.1,1.0,6.5,3.07,80.5,2.0,High
STU03928,Economics,5,2.93,3.0,3.01,64.6,65.2,82.7,0.83,66.1,66.4,67.2,64.8,72.8,66.0,17.1,9.4,1.7,3.02,79.4,2.98,Low
STU03929,Psychology,5,2.56,2.83,3.3,71.7,71.5,60.5,0.57,78.1,61.4,76.7,76.7,60.8,64.2,14.9,9.6,3.2,2.76,73.7,2.37,Medium
STU03930,Biology,7,2.54,2.65,2.7,71.0,78.2,71.1,2.4,72.5,80.2,72.9,72.1,72.7,73.7,19.4,17.5,1.3,3.08,80.7,2.34,Medium
STU03931,Mechanical Engineering,8,4.0,4.0,4.0,62.4,70.3,90.1,0.0,90.9,73.0,90.7,94.6,100.0,92.3,26.3,16.0,4.6,2.65,71.2,4.0,Low
STU03932,Electrical Engineering,2,2.86,2.63,2.41,68.7,61.8,38.8,1.7,51.6,45.9,64.3,75.2,68.2,48.9,10.6,8.4,0.4,3.07,80.5,3.05,Low
STU03933,Mechanical Engineering,8,2.09,1.91,1.49,45.9,40.8,55.0,3.53,43.4,35.1,42.1,38.4,48.6,26.9,17.8,16.6,2.8,2.65,71.2,2.16,Medium
STU03934,Biology,2,2.53,2.4,2.31,71.1,74.7,41.2,2.34,58.4,59.1,56.1,55.6,63.8,49.6,21.4,19.2,4.1,3.08,80.7,2.53,Medium
STU03935,Economics,1,1.84,1.85,1.81,50.2,52.7,68.7,5.82,49.9,57.8,46.9,49.2,68.1,40.4,11.0,10.1,0.0,3.02,79.4,1.95,Medium
STU03936,Biology,1,1.94,1.8,1.87,70.2,52.2,19.8,0.91,26.4,51.7,41.2,38.0,49.9,40.7,6.4,13.3,5.8,3.08,80.7,1.87,Medium
STU03937,Electrical Engineering,3,1.17,1.27,1.44,48.0,50.1,37.3,3.99,35.6,46.9,41.7,46.2,42.1,36.5,0.0,3.8,10.2,3.07,80.5,1.0,High
STU03938,Psychology,2,2.68,2.72,2.58,53.3,65.4,88.3,4.12,50.8,60.3,50.4,57.3,43.2,55.2,4.3,5.5,7.4,2.76,73.7,2.65,Medium
STU03939,Computer Science,7,2.93,3.16,3.28,100.0,100.0,52.7,0.0,86.7,83.7,82.6,79.9,80.6,75.8,20.5,9.3,3.9,3.49,89.8,2.85,Low
STU03940,Mathematics,2,2.65,2.6,2.75,61.9,50.8,75.5,2.17,65.6,78.3,68.6,65.5,73.5,69.2,13.0,9.5,5.6,2.67,71.5,2.77,Low
STU03941,Psychology,5,2.53,2.53,2.72,64.0,72.9,77.9,,70.8,62.7,64.3,74.3,66.3,70.6,21.9,7.0,2.4,2.76,73.7,2.39,Low
STU03942,Mechanical Engineering,2,3.76,3.42,3.1,84.2,87.9,76.2,3.72,60.2,69.9,75.3,79.3,92.0,62.0,19.7,10.8,8.5,2.65,71.2,3.99,Low
STU03943,Mathematics,6,3.98,3.27,3.11,61.5,58.3,68.8,0.97,56.4,53.5,61.2,35.1,47.3,53.3,22.2,6.7,0.0,2.67,71.5,4.0,Low
STU03944,Economics,6,1.06,1.33,1.7,60.5,68.0,65.3,4.09,57.4,57.4,56.0,61.3,52.4,58.5,18.1,3.4,8.9,3.02,79.4,0.93,High
STU03945,Mathematics,4,1.63,1.55,2.07,57.1,61.1,42.6,5.02,65.6,56.6,49.5,48.6,57.8,54.9,25.4,10.1,2.7,2.67,71.5,1.5,High
STU03946,Mechanical Engineering,2,3.22,3.42,3.31,91.3,100.0,75.5,0.0,66.2,100.0,100.0,97.4,60.7,94.5,24.7,14.5,7.5,2.65,71.2,3.05,Low
STU03947,Electrical Engineering,4,2.42,2.37,2.42,94.2,92.2,30.2,2.39,88.4,73.8,81.7,81.8,77.5,58.8,0.1,21.2,5.1,3.07,80.5,2.38,Medium
STU03948,Business Administration,4,2.2,2.28,2.31,61.7,59.0,36.3,1.12,59.8,63.5,50.7,57.0,64.4,48.7,14.9,6.4,,3.26,84.6,2.31,Medium
STU03949,Computer Science,3,2.18,2.3,2.23,48.4,45.4,52.8,2.66,48.4,64.0,43.0,55.3,67.8,60.2,11.2,13.6,2.9,3.49,89.8,2.08,Medium
STU03950,Economics,4,1.47,1.38,1.49,38.5,47.2,46.0,4.52,36.8,48.3,41.1,42.3,22.2,56.4,10.1,0.0,4.6,3.02,79.4,1.53,High
STU03951,Electrical Engineering,4,0.97,1.11,1.48,76.2,79.5,69.8,2.21,84.5,76.1,40.1,47.2,70.3,47.9,10.9,15.6,3.0,3.07,80.5,0.77,High
STU03952,Biology,4,4.0,4.0,3.82,82.9,84.5,100.0,0.0,91.7,86.7,87.0,87.5,92.9,81.7,24.8,17.8,6.0,3.08,80.7,4.0,Low
STU03953,Psychology,7,2.36,2.74,2.8,86.8,89.7,78.0,2.96,79.4,73.9,78.0,71.0,67.9,72.9,17.7,17.2,4.3,2.76,73.7,2.29,Medium
STU03954,Biology,2,2.39,2.32,2.34,43.7,41.5,68.3,2.87,64.3,65.0,64.6,55.1,75.0,62.1,22.1,6.7,3.2,3.08,80.7,2.53,Medium
STU03955,Computer Science,2,1.85,1.82,1.74,20.0,32.1,40.6,3.05,42.1,43.2,37.3,30.6,39.5,36.1,,10.4,,3.49,89.8,2.04,High
STU03956,Biology,2,2.41,2.56,2.52,58.7,61.8,80.7,0.12,59.5,55.7,51.3,55.1,51.1,48.7,18.5,12.4,4.7,3.08,80.7,2.46,Medium
STU03957,Business Administration,3,4.0,3.51,3.44,64.6,65.1,90.9,0.0,67.4,54.1,69.3,75.4,58.5,76.8,18.9,9.3,5.9,3.26,84.6,4.0,Low
STU03958,Computer Science,8,2.25,2.12,2.16,66.1,62.9,48.0,4.42,48.8,42.9,60.4,61.2,50.0,61.8,13.6,1.7,5.9,3.49,89.8,2.39,Medium
STU03959,Business Administration,5,2.76,2.92,3.15,75.3,77.7,63.8,2.36,62.8,64.9,46.1,58.6,62.9,67.3,27.1,14.3,2.0,3.26,84.6,2.56,Low
STU03960,Biology,4,2.09,2.2,2.23,44.9,49.5,64.5,4.74,67.8,40.3,78.0,59.2,47.2,87.6,14.5,12.1,5.0,3.08,80.7,2.26,High
STU03961,Biology,5,4.0,4.0,3.98,97.1,84.7,72.1,,63.0,79.5,87.8,79.0,73.6,92.0,,6.8,0.4,3.08,80.7,3.98,Low
STU03962,Electrical Engineering,2,3.73,3.66,3.54,77.5,73.5,92.5,2.08,89.8,91.7,91.3,93.4,83.6,95.1,,10.9,8.2,3.07,80.5,3.59,Low
STU03963,Electrical Engineering,2,3.97,3.79,4.0,98.1,100.0,89.9,1.85,95.1,94.9,100.0,100.0,100.0,100.0,19.1,16.9,5.0,3.07,80.5,3.78,Low
STU03964,Electrical Engineering,3,3.1,3.05,2.72,79.9,77.6,77.5,3.17,67.9,63.6,69.1,73.7,64.2,66.8,20.6,14.8,10.3,3.07,80.5,3.22,Low
STU03965,Mechanical Engineering,4,1.94,1.94,2.03,35.2,39.9,54.4,1.85,56.7,49.9,61.1,60.4,57.8,61.1,19.6,5.0,9.8,2.65,71.2,2.01,High
STU03966,Psychology,7,1.88,1.71,1.77,54.4,56.8,58.3,0.43,57.6,60.9,85.9,45.3,59.8,62.7,15.2,10.8,,2.76,73.7,2.11,Medium
STU03967,Biology,2,2.73,2.71,2.52,66.3,67.6,34.5,1.19,58.8,32.5,65.0,57.9,60.2,52.8,7.7,12.7,6.8,3.08,80.7,2.64,Medium
STU03968,Business Administration,2,2.65,2.59,2.71,33.1,41.3,62.6,3.02,81.6,66.9,67.3,61.6,64.8,63.7,23.1,21.9,2.6,3.26,84.6,2.83,Medium
STU03969,Psychology,6,0.99,1.42,1.73,43.5,43.8,41.7,2.85,61.3,57.8,45.7,70.8,54.0,61.1,14.6,8.5,7.9,2.76,73.7,0.64,High
STU03970,Business Administration,7,2.73,2.73,2.65,72.9,67.1,46.5,5.25,49.7,62.3,52.5,77.1,49.5,39.1,11.5,11.1,3.0,3.26,84.6,2.81,Medium
STU03971,Mathematics,2,2.31,2.45,2.83,48.0,53.3,54.4,5.15,58.7,64.1,75.3,75.2,68.0,73.1,26.5,11.2,2.1,2.67,71.5,2.09,Medium
STU03972,Electrical Engineering,7,1.26,1.65,1.96,52.1,61.6,44.1,3.91,52.6,55.6,54.3,45.8,50.3,40.9,9.1,8.8,,3.07,80.5,1.18,High
STU03973,Psychology,7,3.7,3.82,4.0,89.3,93.6,76.1,0.0,98.6,90.8,100.0,90.7,78.6,94.2,12.2,9.2,5.1,2.76,73.7,3.63,Low
STU03974,Electrical Engineering,2,1.7,1.48,1.6,51.3,41.7,39.5,2.22,75.0,70.2,58.3,37.8,58.7,44.8,5.7,3.7,2.1,3.07,80.5,1.4,High
STU03975,Economics,1,2.09,2.16,2.34,55.5,53.9,28.2,0.38,54.9,49.4,51.3,61.3,59.6,39.9,9.0,15.4,0.9,3.02,79.4,1.78,Medium
STU03976,Mathematics,2,2.13,1.99,1.63,50.0,40.8,21.6,0.89,27.5,39.5,29.7,44.0,20.9,53.7,8.3,10.7,7.3,2.67,71.5,2.36,Medium
STU03977,Computer Science,6,2.73,2.71,2.75,88.1,71.7,78.9,0.26,69.0,70.6,69.1,68.7,61.4,72.0,15.8,6.6,0.0,3.49,89.8,2.69,Low
STU03978,Mechanical Engineering,2,1.89,1.83,1.87,42.6,44.0,22.7,,36.9,42.4,50.7,30.0,35.2,48.5,9.4,6.4,3.8,2.65,71.2,1.77,Medium
STU03979,Business Administration,7,1.34,1.31,1.5,20.3,31.6,50.9,2.24,33.9,46.0,41.5,41.3,46.6,38.1,11.8,14.1,4.1,3.26,84.6,1.49,High
STU03980,Biology,2,2.9,2.57,2.53,37.3,32.1,69.6,2.15,44.0,60.4,48.5,69.0,58.2,49.5,14.7,17.1,3.6,3.08,80.7,2.89,Medium
STU03981,Psychology,1,3.11,2.81,2.8,67.2,70.3,57.1,1.53,50.1,79.7,75.1,69.1,81.4,53.1,14.9,16.4,5.5,2.76,73.7,2.99,Low
STU03982,Mathematics,1,0.92,1.04,1.09,27.7,37.3,32.7,2.69,32.6,30.6,24.2,30.7,25.8,21.7,7.1,0.8,7.2,2.67,71.5,0.99,High
STU03983,Biology,8,1.23,1.48,1.87,56.4,54.2,53.1,0.98,56.7,63.5,71.1,45.8,62.6,71.7,19.3,10.4,4.0,3.08,80.7,0.96,High
STU03984,Business Administration,4,3.08,3.06,3.13,91.2,92.9,70.0,2.05,73.9,70.0,81.3,92.7,66.3,72.8,16.5,20.3,6.7,3.26,84.6,3.05,Low
STU03985,Mathematics,6,1.88,1.86,2.01,55.5,53.4,30.5,2.79,50.9,49.2,32.4,32.6,54.7,49.7,14.8,12.8,2.1,2.67,71.5,2.06,Medium
STU03986,Economics,6,4.0,4.0,3.91,75.3,85.3,100.0,1.57,70.5,83.6,82.2,70.7,74.6,75.3,19.2,28.1,3.4,3.02,79.4,3.96,Low
STU03987,Biology,3,4.0,4.0,4.0,81.5,78.6,71.8,1.05,93.8,94.8,95.0,95.4,94.1,95.9,16.6,22.1,0.0,3.08,80.7,3.89,Low
STU03988,Economics,3,4.0,3.78,3.79,72.3,70.5,61.7,0.0,70.7,76.2,100.0,91.7,100.0,78.3,13.5,15.5,,3.02,79.4,4.0,Low
STU03989,Electrical Engineering,5,2.53,2.39,2.17,74.4,69.4,47.6,3.32,70.7,74.2,56.9,77.1,49.7,50.1,17.3,12.6,3.4,3.07,80.5,2.78,Low
STU03990,Electrical Engineering,4,2.14,1.62,1.57,49.3,53.4,10.0,1.68,24.3,32.1,48.4,38.5,42.0,25.5,5.8,7.0,6.0,3.07,80.5,2.31,High
STU03991,Psychology,3,1.48,1.43,1.98,33.6,33.3,71.8,4.04,46.1,72.3,70.4,50.5,42.4,58.8,19.7,5.3,1.3,2.76,73.7,1.35,High
STU03992,Biology,4,3.6,3.4,3.28,84.9,75.1,68.2,1.98,100.0,57.0,76.3,87.6,82.8,95.0,20.6,14.5,2.6,3.08,80.7,3.81,Low
STU03993,Computer Science,4,0.52,0.94,1.14,54.5,64.1,41.3,2.72,38.5,19.5,53.5,59.0,46.3,47.3,5.5,7.0,6.6,3.49,89.8,0.32,High
STU03994,Electrical Engineering,4,3.74,4.0,4.0,95.7,88.2,100.0,0.2,99.8,100.0,100.0,100.0,89.4,100.0,28.2,14.7,2.1,3.07,80.5,3.71,Low
STU03995,Computer Science,6,2.12,2.18,2.44,60.5,68.0,78.0,1.98,58.6,65.7,63.5,61.6,66.1,63.3,11.8,8.0,9.0,3.49,89.8,2.01,Medium
STU03996,Economics,5,2.74,2.86,3.22,100.0,100.0,83.2,3.15,86.9,83.1,83.3,94.2,73.7,91.8,21.5,15.8,9.9,3.02,79.4,2.45,Low
STU03997,Economics,7,2.84,2.68,2.57,72.0,68.8,86.2,1.59,57.6,57.8,66.3,63.7,72.4,62.7,13.4,6.6,12.0,3.02,79.4,3.29,Low
STU03998,Biology,7,3.04,3.07,3.3,92.2,90.3,78.2,1.81,79.3,67.8,86.2,81.8,71.3,71.7,24.8,11.9,2.5,3.08,80.7,3.04,Low
STU03999,Electrical Engineering,5,3.32,3.11,3.11,100.0,93.6,64.6,1.08,63.3,77.8,53.5,78.4,92.8,86.3,24.8,12.7,6.4,3.07,80.5,3.15,Low
STU04000,Psychology,2,1.74,2.08,2.29,72.4,57.3,62.2,5.08,48.0,40.7,54.3,47.5,44.1,35.0,9.1,11.2,5.2,2.76,73.7,1.74,Medium
STU04001,Economics,8,2.76,2.46,2.43,81.5,74.3,71.2,3.45,44.1,83.6,74.3,60.6,79.3,74.4,14.4,12.9,2.3,3.02,79.4,2.7,Low
STU04002,Mechanical Engineering,7,2.91,3.1,3.05,78.3,77.7,61.3,0.0,63.9,54.7,78.6,65.9,60.3,56.2,11.2,9.8,0.0,2.65,71.2,2.91,Low
STU04003,Biology,3,1.28,1.41,1.47,47.8,52.8,93.4,1.52,53.2,61.3,56.7,63.0,53.9,58.4,8.7,3.2,4.2,3.08,80.7,1.22,High
STU04004,Biology,3,2.59,2.58,2.32,83.5,75.1,83.4,0.56,60.2,48.8,67.4,89.9,98.9,40.1,18.8,14.4,9.4,3.08,80.7,2.69,Low
STU04005,Psychology,5,2.25,2.38,2.32,47.6,56.9,41.9,4.8,52.3,43.7,62.1,65.1,37.4,55.8,22.3,13.5,9.7,2.76,73.7,2.07,Medium
STU04006,Biology,6,1.59,1.3,1.21,45.3,43.4,20.0,3.42,21.5,46.3,0.0,29.3,28.3,51.7,14.9,10.9,5.4,3.08,80.7,1.61,High
STU04007,Psychology,8,3.45,3.48,3.46,78.7,87.0,100.0,1.87,80.5,57.2,96.2,60.3,100.0,100.0,20.7,13.2,9.6,2.76,73.7,3.47,Low
STU04008,Biology,1,3.96,3.87,3.53,74.8,73.0,72.4,0.0,77.5,61.1,76.1,70.7,73.5,75.2,,9.9,2.9,3.08,80.7,4.0,Low
STU04009,Mechanical Engineering,7,3.5,3.38,3.32,77.2,78.9,64.8,0.17,86.4,78.2,88.8,88.9,85.9,81.6,23.0,0.1,5.0,2.65,71.2,3.59,Low
STU04010,Mathematics,7,1.87,1.94,1.98,44.9,42.1,52.2,1.31,49.9,27.7,56.0,53.2,68.4,52.2,4.0,15.1,8.9,2.67,71.5,1.9,Medium
STU04011,Economics,1,4.0,3.96,4.0,76.4,81.5,86.4,1.29,93.4,91.8,81.7,98.4,93.5,87.3,20.9,14.9,1.9,3.02,79.4,3.88,Low
STU04012,Mathematics,3,3.3,3.13,2.87,81.6,82.1,80.0,2.28,66.2,75.0,73.2,100.0,76.2,100.0,17.3,12.8,6.3,2.67,71.5,3.47,Low
STU04013,Economics,2,1.96,1.62,1.69,64.4,51.1,59.4,5.65,66.7,47.1,31.7,24.0,63.8,68.6,12.5,2.6,3.4,3.02,79.4,2.11,High
STU04014,Mechanical Engineering,1,1.52,1.58,1.72,33.6,35.0,54.9,5.63,31.9,29.8,11.6,57.6,65.7,22.0,15.0,10.2,1.2,2.65,71.2,1.8,High
STU04015,Mathematics,4,1.25,0.97,0.8,51.5,35.8,26.2,1.92,36.5,25.2,11.7,34.7,8.2,33.6,6.7,4.9,4.6,2.67,71.5,1.36,High
STU04016,Computer Science,4,2.55,2.37,2.54,92.0,95.4,67.5,2.09,81.9,51.2,58.0,70.4,70.0,75.5,13.3,9.0,3.9,3.49,89.8,2.7,Low
STU04017,Psychology,1,3.03,3.32,3.45,67.0,68.9,65.0,2.38,91.4,93.4,70.1,85.3,36.9,45.0,16.1,10.6,10.3,2.76,73.7,2.95,Low
STU04018,Computer Science,2,2.73,2.75,2.77,51.1,58.6,65.8,2.11,48.0,82.8,59.1,80.6,41.2,77.7,8.5,14.7,3.3,3.49,89.8,2.71,Medium
STU04019,Psychology,1,2.87,2.87,2.92,68.7,69.9,51.8,0.51,59.4,43.5,61.7,85.6,63.9,59.8,13.3,14.0,8.8,2.76,73.7,2.7,Medium
STU04020,Business Administration,2,3.46,3.3,3.15,79.1,83.7,90.4,0.19,96.9,95.7,88.4,91.1,96.3,85.6,16.0,11.1,4.2,3.26,84.6,3.75,Low
STU04021,Mechanical Engineering,4,2.87,3.0,3.21,46.6,47.8,72.5,2.65,53.1,63.2,63.2,60.2,67.9,68.6,18.2,17.9,3.8,2.65,71.2,2.8,Low
STU04022,Business Administration,1,2.71,2.77,2.79,62.6,64.7,45.4,1.53,58.9,70.2,37.5,64.0,72.1,61.0,8.5,14.4,0.2,3.26,84.6,2.82,Medium
STU04023,Electrical Engineering,4,1.93,1.91,1.8,45.3,48.2,31.5,4.4,51.1,48.6,52.1,54.1,51.6,47.1,18.1,5.8,11.5,3.07,80.5,1.91,Medium
STU04024,Electrical Engineering,5,0.98,1.11,0.9,27.6,37.8,10.0,2.43,16.0,26.9,30.0,15.8,36.3,38.9,7.7,4.1,9.4,3.07,80.5,1.07,High
STU04025,Mathematics,4,2.67,2.83,2.53,73.9,73.7,88.2,3.92,66.2,77.8,66.0,61.8,85.2,59.2,17.4,12.7,7.1,2.67,71.5,2.68,Low
STU04026,Electrical Engineering,8,2.07,2.15,2.15,56.5,54.1,60.6,0.0,56.9,59.0,67.0,70.2,64.4,68.0,14.8,10.8,14.9,3.07,80.5,1.89,Medium
STU04027,Economics,8,2.08,2.46,2.75,53.5,60.8,46.1,3.25,51.8,67.0,54.7,44.9,44.8,81.7,12.5,6.4,4.2,3.02,79.4,1.94,Medium
STU04028,Biology,8,1.94,2.09,2.36,61.2,51.8,23.6,3.27,42.1,45.8,24.5,55.9,27.1,59.7,12.7,13.4,0.0,3.08,80.7,1.84,High
STU04029,Psychology,5,3.89,3.6,3.33,72.5,72.0,92.1,0.35,100.0,100.0,81.6,100.0,93.7,100.0,19.4,11.5,1.3,2.76,73.7,4.0,Low
STU04030,Psychology,8,3.81,3.8,3.88,69.6,70.8,82.4,0.54,71.6,64.9,67.7,79.6,83.8,95.3,21.4,21.5,11.3,2.76,73.7,3.82,Low
STU04031,Computer Science,7,4.0,4.0,3.9,100.0,89.3,99.6,0.19,90.6,100.0,100.0,100.0,100.0,93.2,22.0,22.7,5.3,3.49,89.8,4.0,Low
STU04032,Mathematics,8,1.48,1.8,2.18,67.5,72.0,52.7,2.0,78.9,84.3,73.3,66.9,100.0,83.7,16.9,15.4,6.8,2.67,71.5,1.16,Medium
STU04033,Electrical Engineering,1,3.38,3.57,3.63,89.5,92.6,100.0,0.0,93.8,98.2,86.7,89.2,92.1,90.0,24.4,12.2,,3.07,80.5,3.4,Low
STU04034,Mechanical Engineering,7,4.0,4.0,4.0,69.0,66.5,76.7,1.25,85.0,79.3,81.7,85.0,82.5,84.8,28.7,6.4,5.8,2.65,71.2,4.0,Low
STU04035,Mechanical Engineering,5,1.57,2.01,2.3,46.7,63.2,80.8,2.54,66.9,37.9,81.4,41.1,81.0,67.0,16.6,17.7,6.7,2.65,71.2,1.37,High
STU04036,Electrical Engineering,3,2.88,2.74,2.76,67.5,66.7,59.9,3.4,77.9,37.0,49.5,60.1,58.0,64.0,14.0,4.3,5.9,3.07,80.5,2.72,Low
STU04037,Biology,1,2.75,3.11,3.42,72.6,74.0,67.9,0.0,100.0,61.2,90.6,46.3,82.2,81.7,13.1,20.2,1.7,3.08,80.7,2.69,Low
STU04038,Business Administration,2,2.59,2.65,2.77,48.4,61.5,67.4,,84.8,56.0,79.3,59.5,84.5,76.8,18.3,13.1,9.4,3.26,84.6,2.55,Medium
STU04039,Computer Science,6,2.6,2.55,2.72,80.8,88.3,73.7,0.0,74.5,74.8,78.7,79.6,75.6,76.0,21.4,9.2,5.1,3.49,89.8,2.59,Low
STU04040,Biology,1,2.92,2.54,2.55,34.1,37.9,78.0,0.96,30.5,59.4,37.2,48.4,70.7,42.9,5.4,16.1,4.6,3.08,80.7,2.7,Medium
STU04041,Mechanical Engineering,5,0.76,0.78,1.11,43.6,40.6,45.6,1.51,45.0,28.2,36.2,48.4,40.1,37.1,5.3,12.9,2.9,2.65,71.2,0.89,High
STU04042,Mathematics,6,3.22,3.18,3.09,66.6,70.5,71.6,0.71,71.1,71.7,71.3,76.1,64.8,70.5,19.3,12.3,1.0,2.67,71.5,3.16,Low
STU04043,Computer Science,7,1.38,1.37,1.51,28.0,31.8,46.8,0.0,46.1,54.3,49.2,47.6,46.8,50.0,10.9,0.1,3.4,3.49,89.8,1.25,High
STU04044,Economics,5,2.84,2.69,2.49,71.2,66.5,61.0,3.01,54.6,61.1,78.0,67.9,78.6,68.3,16.8,15.6,4.0,3.02,79.4,3.07,Low
STU04045,Computer Science,8,4.0,3.85,4.0,100.0,88.9,100.0,0.07,87.2,91.1,90.9,91.4,90.2,86.2,,15.7,7.7,3.49,89.8,3.85,Low
STU04046,Economics,6,1.64,1.72,1.46,46.8,45.9,15.9,5.85,30.7,27.4,23.4,26.2,28.7,27.7,9.9,0.0,7.4,3.02,79.4,1.7,High
STU04047,Psychology,1,1.69,1.65,1.49,54.6,54.4,65.5,2.75,50.7,47.7,45.4,59.2,38.4,27.6,17.0,3.8,2.8,2.76,73.7,1.79,High
STU04048,Biology,6,2.93,2.64,2.44,66.2,64.3,66.5,1.18,72.8,66.6,53.0,62.2,59.3,47.9,11.7,9.5,10.2,3.08,80.7,2.85,Low
STU04049,Business Administration,7,2.09,2.05,1.63,39.9,38.6,68.0,3.81,47.9,33.1,56.7,63.9,44.7,63.6,14.4,9.2,1.9,3.26,84.6,2.35,Medium
STU04050,Economics,8,2.58,2.54,2.47,48.5,56.2,33.4,1.87,82.3,44.8,49.1,47.1,49.5,38.9,10.9,0.8,5.3,3.02,79.4,2.59,Medium
STU04051,Psychology,4,2.82,2.95,2.92,94.0,79.2,59.0,1.36,100.0,78.8,87.1,63.5,62.7,74.1,14.2,14.5,3.7,2.76,73.7,2.9,Low
STU04052,Electrical Engineering,6,2.46,2.52,2.41,74.2,75.5,51.6,0.0,61.1,78.5,58.9,73.4,74.9,53.5,9.5,7.3,5.6,3.07,80.5,2.47,Medium
STU04053,Psychology,2,3.29,3.24,2.98,76.0,70.5,69.0,3.4,83.7,62.1,83.3,68.0,46.6,94.6,19.3,11.3,4.3,2.76,73.7,3.33,Low
STU04054,Psychology,3,1.03,1.11,1.41,47.6,48.6,59.1,1.78,57.9,56.9,52.4,49.0,56.1,61.6,17.7,11.4,8.8,2.76,73.7,1.02,High
STU04055,Business Administration,2,2.46,2.19,2.0,82.4,73.7,96.7,1.6,78.7,56.4,61.9,74.6,43.4,61.2,13.9,14.5,2.0,3.26,84.6,2.99,Medium
STU04056,Biology,6,3.01,2.63,2.7,79.2,65.1,84.9,0.0,70.0,69.3,70.1,72.2,61.9,77.2,19.5,16.4,8.9,3.08,80.7,3.12,Low
STU04057,Mechanical Engineering,8,2.77,2.82,2.35,65.7,56.7,42.1,2.04,51.3,41.4,53.8,45.0,87.7,71.4,8.7,8.3,3.8,2.65,71.2,2.8,Medium
STU04058,Mathematics,8,2.07,1.92,2.04,52.4,60.6,79.0,3.21,63.1,65.4,63.8,61.6,62.1,64.6,15.0,13.9,5.3,2.67,71.5,1.96,Medium
STU04059,Biology,2,2.94,3.08,3.28,76.5,79.6,60.9,0.0,88.7,81.8,73.9,80.7,83.7,82.4,,12.1,3.6,3.08,80.7,2.91,Low
STU04060,Biology,8,3.78,3.95,4.0,77.1,76.6,64.7,1.61,89.1,73.3,80.7,81.8,98.6,72.7,15.9,15.4,3.6,3.08,80.7,3.68,Low
STU04061,Computer Science,6,3.04,3.18,3.47,65.2,78.2,71.7,5.89,68.4,66.3,58.5,69.6,63.9,69.2,12.8,12.2,13.0,3.49,89.8,2.56,Low
STU04062,Economics,4,2.1,2.19,2.28,70.3,70.7,60.6,,62.8,76.2,65.8,59.1,67.2,76.1,14.0,12.6,4.3,3.02,79.4,2.25,Medium
STU04063,Mathematics,8,1.83,1.99,1.64,60.6,47.5,53.8,0.41,29.1,46.9,43.8,57.1,43.5,31.9,13.6,13.4,4.5,2.67,71.5,1.88,Medium
STU04064,Mechanical Engineering,7,2.17,1.97,1.96,67.5,65.6,68.3,3.84,42.6,48.1,43.5,35.1,62.2,30.7,17.7,7.4,1.5,2.65,71.2,2.08,Medium
STU04065,Electrical Engineering,3,4.0,3.85,3.57,93.8,92.4,87.2,0.0,100.0,100.0,90.9,62.6,100.0,100.0,21.8,15.1,4.9,3.07,80.5,4.0,Low
STU04066,Business Administration,5,4.0,4.0,4.0,100.0,100.0,85.1,0.55,100.0,100.0,89.2,100.0,98.3,93.3,24.5,19.8,0.0,3.26,84.6,3.77,Low
STU04067,Psychology,3,1.59,1.38,1.11,27.7,42.2,41.1,1.26,38.8,51.2,34.7,26.7,30.5,42.1,16.4,8.0,8.0,2.76,73.7,1.8,High
STU04068,Business Administration,1,4.0,4.0,3.94,86.7,92.8,75.8,0.0,90.2,97.6,86.9,100.0,96.2,97.1,20.2,17.3,7.3,3.26,84.6,4.0,Low
STU04069,Economics,3,1.54,1.41,1.57,23.5,30.0,50.8,6.02,35.5,47.8,30.4,19.3,19.3,39.4,5.0,9.5,4.9,3.02,79.4,1.34,High
STU04070,Mathematics,4,3.38,3.2,2.96,71.0,65.9,62.9,0.0,67.3,70.9,69.1,67.7,66.3,70.3,17.2,10.0,4.8,2.67,71.5,3.28,Low
STU04071,Psychology,3,1.69,1.51,1.65,76.8,71.8,26.2,3.45,62.5,58.0,70.6,37.0,42.2,58.7,13.1,12.0,0.1,2.76,73.7,1.73,High
STU04072,Electrical Engineering,3,2.89,2.72,2.67,75.0,68.4,86.2,2.92,56.4,56.7,75.4,51.1,57.7,74.0,17.9,7.9,,3.07,80.5,3.08,Low
STU04073,Business Administration,3,2.36,2.32,2.16,52.0,57.8,58.0,0.73,48.4,50.2,52.1,38.5,43.3,60.4,,13.5,7.7,3.26,84.6,2.6,Medium
STU04074,Business Administration,6,4.0,3.86,3.57,79.0,76.1,67.4,,82.2,76.2,80.3,77.4,79.6,79.1,19.1,10.1,3.5,3.26,84.6,4.0,Low
STU04075,Computer Science,5,2.16,2.14,2.06,57.9,55.5,40.9,1.35,27.9,70.1,48.8,22.4,52.5,37.7,10.2,13.6,4.3,3.49,89.8,2.55,High
STU04076,Business Administration,8,3.45,3.43,3.36,81.7,91.1,81.9,0.0,100.0,100.0,70.6,88.5,100.0,77.7,29.1,12.3,5.5,3.26,84.6,3.54,Low
STU04077,Economics,6,2.01,2.03,2.04,39.7,58.4,79.0,4.01,54.2,36.8,67.9,33.8,37.3,55.3,19.3,7.6,3.2,3.02,79.4,2.11,High
STU04078,Business Administration,6,2.8,2.36,2.48,73.2,71.7,99.4,0.0,87.7,86.5,54.1,93.1,54.3,61.2,15.3,11.4,4.0,3.26,84.6,2.76,Low
STU04079,Computer Science,5,3.0,3.05,3.09,71.2,81.5,81.8,0.3,73.2,63.9,79.1,70.8,71.0,70.5,20.0,15.7,0.0,3.49,89.8,2.82,Low
STU04080,Economics,4,1.82,1.86,2.07,53.2,54.3,26.2,0.9,53.1,31.5,52.5,47.2,74.3,71.3,10.1,13.2,1.6,3.02,79.4,1.77,High
STU04081,Business Administration,1,2.54,2.31,2.28,64.3,64.3,51.3,1.91,70.6,55.7,58.1,55.3,49.1,60.1,18.7,7.8,5.3,3.26,84.6,2.48,Medium
STU04082,Psychology,6,2.46,2.56,2.53,37.0,35.3,47.9,2.07,54.7,72.2,65.3,60.4,64.4,68.9,20.4,15.8,5.7,2.76,73.7,2.4,Medium
STU04083,Biology,8,2.99,2.74,2.8,60.9,69.0,43.0,2.52,90.7,70.0,44.8,76.3,46.3,73.9,12.2,21.0,4.8,3.08,80.7,3.02,Low
STU04084,Electrical Engineering,5,2.29,2.26,2.47,48.8,56.6,45.3,2.67,46.2,42.1,44.2,44.7,47.9,57.7,18.9,9.8,7.5,3.07,80.5,2.2,Medium
STU04085,Mathematics,6,3.6,3.51,3.74,73.1,79.6,90.3,0.0,100.0,67.4,85.7,82.2,82.4,76.7,17.6,13.0,,2.67,71.5,3.48,Low
STU04086,Mechanical Engineering,3,3.39,3.32,3.48,54.5,62.8,84.2,2.26,85.2,68.0,51.4,65.2,75.9,67.6,10.0,9.8,8.5,2.65,71.2,3.19,Low
STU04087,Biology,4,3.22,3.29,3.28,49.6,48.6,82.9,0.18,78.9,78.0,70.2,62.7,65.7,64.9,18.8,13.9,5.0,3.08,80.7,3.17,Low
STU04088,Electrical Engineering,2,2.96,3.21,3.33,81.9,85.8,62.2,1.4,81.5,100.0,84.8,72.0,71.4,79.1,17.5,6.2,3.9,3.07,80.5,2.95,Low
STU04089,Economics,7,2.84,2.6,2.47,44.2,43.5,46.7,2.46,50.5,48.3,40.1,37.4,68.8,32.6,20.7,15.8,3.0,3.02,79.4,3.01,Medium
STU04090,Computer Science,6,3.02,2.88,3.31,98.6,98.8,53.2,0.0,74.3,80.1,70.7,82.8,72.1,70.9,19.2,12.3,0.7,3.49,89.8,2.89,Low
STU04091,Mathematics,2,2.87,2.99,3.09,96.6,93.7,65.3,1.56,94.6,67.2,81.6,72.1,69.6,81.6,17.7,12.0,6.6,2.67,71.5,2.85,Low
STU04092,Electrical Engineering,3,2.93,2.64,2.49,76.3,77.0,72.7,0.0,85.3,58.9,76.6,83.0,74.8,64.6,20.9,13.0,6.2,3.07,80.5,2.91,Low
STU04093,Economics,3,1.15,0.95,0.98,65.4,58.0,21.8,4.63,41.1,36.7,35.3,39.1,43.3,41.9,20.1,14.2,1.6,3.02,79.4,1.19,High
STU04094,Biology,2,2.03,2.12,2.0,84.4,74.4,43.5,0.0,62.6,68.9,61.9,69.6,68.2,61.6,13.3,15.8,8.6,3.08,80.7,1.95,Medium
STU04095,Economics,1,1.67,1.51,1.41,38.9,34.4,53.7,0.56,56.7,28.7,24.2,50.4,40.4,43.9,6.3,8.6,1.6,3.02,79.4,1.74,High
STU04096,Economics,1,3.41,3.75,3.92,98.4,100.0,96.4,0.0,94.1,93.9,79.2,91.0,95.0,93.3,19.4,12.9,4.2,3.02,79.4,3.31,Low
STU04097,Economics,5,3.04,2.9,2.93,94.5,81.5,48.6,0.25,69.4,72.7,67.6,77.8,68.3,64.9,11.9,10.6,5.6,3.02,79.4,3.03,Low
STU04098,Mechanical Engineering,1,3.05,3.04,3.17,44.3,52.5,19.6,3.47,55.6,62.3,60.5,62.1,62.9,61.7,12.0,7.6,4.2,2.65,71.2,3.04,Medium
STU04099,Psychology,4,3.45,3.2,3.23,75.2,80.3,79.6,0.0,63.9,84.9,82.0,75.2,75.6,80.5,17.6,11.2,8.4,2.76,73.7,3.53,Low
STU04100,Mechanical Engineering,4,1.79,1.72,1.94,25.6,35.4,36.9,2.02,47.4,54.0,52.8,26.5,58.2,56.9,14.7,3.5,6.5,2.65,71.2,1.71,High
STU04101,Psychology,4,1.81,1.85,1.96,59.1,60.2,65.1,0.04,25.1,43.9,37.2,61.9,46.2,44.3,4.7,21.2,5.3,2.76,73.7,1.58,Medium
STU04102,Business Administration,1,2.0,1.92,2.17,60.3,64.8,80.0,0.0,61.1,47.3,69.6,65.4,77.8,76.5,19.2,14.2,,3.26,84.6,1.87,Medium
STU04103,Economics,6,3.95,3.94,4.0,92.4,100.0,74.8,1.64,91.9,100.0,100.0,95.7,100.0,94.0,21.2,13.2,9.2,3.02,79.4,3.98,Low
STU04104,Electrical Engineering,2,2.69,2.41,2.52,56.7,62.2,77.0,0.07,68.0,67.4,82.4,59.0,63.8,78.4,14.7,7.4,3.8,3.07,80.5,2.81,Medium
STU04105,Computer Science,5,1.37,1.35,1.34,29.4,35.7,44.5,1.22,39.3,34.8,53.4,54.1,33.8,44.6,14.4,12.9,7.6,3.49,89.8,1.38,High
STU04106,Mechanical Engineering,5,3.18,3.21,3.22,99.8,88.2,93.6,1.74,92.5,87.8,81.3,84.7,91.1,89.5,25.9,12.6,9.6,2.65,71.2,2.99,Low
STU04107,Computer Science,3,2.82,2.79,2.56,87.8,81.4,78.4,0.0,75.0,68.7,71.1,71.0,70.1,72.7,18.4,18.2,5.5,3.49,89.8,2.78,Low
STU04108,Economics,7,2.46,2.38,2.61,27.8,40.0,65.8,2.95,60.5,55.3,51.6,53.3,40.2,54.4,12.0,8.5,2.7,3.02,79.4,2.46,Medium
STU04109,Business Administration,6,3.0,2.68,2.49,50.3,55.7,41.3,2.24,36.2,38.8,47.7,32.0,36.0,26.2,11.9,13.6,4.4,3.26,84.6,3.11,Medium
STU04110,Business Administration,4,3.66,3.69,3.72,100.0,96.9,76.2,0.0,100.0,100.0,83.8,88.3,84.6,91.4,18.5,19.2,7.1,3.26,84.6,3.45,Low
STU04111,Psychology,4,3.23,2.88,2.74,61.9,57.0,100.0,,82.3,85.5,82.2,62.2,91.9,85.9,19.0,8.1,0.0,2.76,73.7,3.49,Low
STU04112,Economics,8,3.2,3.11,3.01,59.1,72.6,67.2,4.57,66.0,69.5,64.3,69.7,73.7,70.7,23.5,19.5,7.8,3.02,79.4,3.42,Low
STU04113,Psychology,6,0.82,1.14,1.28,47.5,46.2,57.6,2.38,82.8,64.7,37.2,31.0,25.0,19.7,10.9,10.4,5.1,2.76,73.7,0.46,High
STU04114,Mathematics,8,2.27,2.62,3.13,79.5,84.6,85.3,0.54,90.3,84.6,80.4,94.9,93.8,84.9,17.7,14.9,7.6,2.67,71.5,1.83,Medium
STU04115,Psychology,3,1.05,1.41,1.51,41.3,51.5,51.1,1.32,52.8,66.9,43.8,39.4,35.6,10.7,4.7,1.5,3.4,2.76,73.7,1.12,High
STU04116,Mathematics,7,2.1,2.28,2.62,64.2,64.8,91.6,2.72,75.2,72.2,69.5,67.5,70.8,64.9,16.7,13.1,0.0,2.67,71.5,1.8,Medium
STU04117,Business Administration,4,2.92,2.99,2.87,83.5,77.7,89.7,0.88,66.5,80.9,82.6,73.9,82.2,75.5,17.1,11.1,10.6,3.26,84.6,2.94,Low
STU04118,Computer Science,8,3.16,3.1,3.42,48.7,62.7,51.5,0.99,71.5,93.4,80.4,98.1,63.0,95.0,18.1,11.5,2.8,3.49,89.8,3.2,Low
STU04119,Biology,6,0.86,0.73,0.98,24.0,31.1,35.5,1.29,33.0,32.6,34.5,33.9,41.6,35.7,17.4,5.1,4.5,3.08,80.7,0.81,High
STU04120,Psychology,7,2.83,2.64,2.6,77.5,66.5,43.9,0.02,58.6,92.7,66.0,44.3,66.6,49.8,4.2,11.7,5.2,2.76,73.7,2.86,Low
STU04121,Mathematics,4,2.63,2.66,2.35,35.5,31.1,71.9,0.0,65.0,44.7,73.6,44.7,54.1,61.2,4.1,11.7,2.5,2.67,71.5,2.57,Medium
STU04122,Psychology,3,3.71,4.0,4.0,84.9,89.4,67.4,0.0,81.9,70.3,91.3,73.1,100.0,72.6,18.9,11.5,4.6,2.76,73.7,3.78,Low
STU04123,Economics,8,4.0,4.0,3.99,93.8,95.1,83.7,1.81,91.6,87.9,78.1,100.0,93.4,93.4,21.6,10.5,1.8,3.02,79.4,4.0,Low
STU04124,Mechanical Engineering,8,1.39,1.66,1.63,59.0,56.9,57.4,3.29,43.4,48.5,52.8,50.4,35.8,46.3,18.8,3.0,4.6,2.65,71.2,1.05,High
STU04125,Economics,1,3.36,3.31,3.14,72.4,68.6,51.2,1.35,74.9,76.3,74.8,76.3,71.8,70.1,11.2,11.8,3.1,3.02,79.4,3.67,Low
STU04126,Psychology,6,2.4,2.63,3.05,62.8,63.3,70.8,3.64,84.4,68.3,89.5,62.1,53.7,79.6,25.2,9.8,6.6,2.76,73.7,2.34,Medium
STU04127,Electrical Engineering,5,2.84,3.15,3.28,69.7,71.8,85.6,,75.2,51.2,75.4,76.0,65.6,55.9,14.0,16.7,7.3,3.07,80.5,2.78,Low
STU04128,Economics,3,1.57,1.49,1.27,48.7,52.4,67.7,2.89,52.6,51.8,40.6,46.4,38.2,37.2,6.1,9.3,3.5,3.02,79.4,1.59,High
STU04129,Mathematics,8,3.29,2.93,2.71,57.0,44.3,67.6,2.55,58.8,65.4,61.4,60.6,53.2,53.6,20.1,16.7,5.5,2.67,71.5,3.37,Low
STU04130,Mathematics,2,2.26,2.69,2.89,65.8,68.8,83.9,0.0,65.7,89.2,73.9,72.8,67.7,69.2,22.3,18.9,2.2,2.67,71.5,2.38,Medium
STU04131,Computer Science,4,2.3,2.44,2.32,85.5,86.9,77.0,1.72,69.2,68.3,60.0,65.4,68.1,73.4,18.8,7.7,,3.49,89.8,2.35,Medium
STU04132,Mathematics,6,2.72,2.81,2.63,93.1,87.9,86.5,0.0,96.4,47.0,95.6,65.5,72.2,83.8,13.1,8.9,2.4,2.67,71.5,2.61,Low
STU04133,Electrical Engineering,2,3.06,3.27,3.29,100.0,100.0,76.4,0.0,98.6,100.0,96.9,87.8,100.0,95.0,27.6,22.9,8.9,3.07,80.5,3.2,Low
STU04134,Biology,4,2.68,2.81,2.52,66.7,72.7,51.4,2.8,79.3,91.7,85.2,88.6,77.5,53.0,13.7,14.4,1.2,3.08,80.7,2.68,Low
STU04135,Business Administration,4,3.51,3.26,3.1,82.6,85.6,83.1,1.89,81.7,92.9,88.2,68.6,78.2,81.2,20.4,10.3,5.3,3.26,84.6,3.53,Low
STU04136,Mathematics,3,2.38,2.27,2.05,48.9,59.6,25.7,3.5,54.9,48.0,51.1,65.0,60.2,57.4,14.3,6.7,7.5,2.67,71.5,2.59,Medium
STU04137,Computer Science,5,2.01,2.07,2.23,55.7,44.8,31.1,2.77,43.5,38.2,57.1,42.3,52.8,49.0,2.7,5.7,5.1,3.49,89.8,1.97,High
STU04138,Psychology,1,3.21,3.22,3.05,70.9,77.9,73.7,2.11,71.3,61.7,84.7,88.5,77.1,65.2,9.7,21.7,1.4,2.76,73.7,3.04,Low
STU04139,Psychology,4,3.06,3.1,2.94,62.8,67.5,88.9,0.0,50.2,61.4,62.1,100.0,77.0,72.3,22.6,12.1,5.9,2.76,73.7,3.17,Low
STU04140,Business Administration,4,3.19,2.91,2.79,45.2,49.9,84.7,0.5,46.2,72.5,47.6,44.9,74.9,80.0,15.9,13.2,9.0,3.26,84.6,3.32,Low
STU04141,Computer Science,7,1.36,1.22,0.98,45.9,36.7,17.1,2.84,41.2,36.3,36.3,32.6,30.8,42.9,11.3,7.1,6.1,3.49,89.8,1.44,High
STU04142,Mathematics,1,1.52,1.11,1.14,47.3,53.2,38.4,1.46,55.8,58.7,53.1,54.3,50.3,54.3,12.8,8.9,3.3,2.67,71.5,1.62,High
STU04143,Business Administration,7,3.23,3.06,2.84,79.7,71.0,72.2,2.1,70.9,94.3,74.9,78.1,100.0,90.5,24.4,16.9,8.1,3.26,84.6,3.33,Low
STU04144,Electrical Engineering,3,0.96,1.16,1.48,40.1,47.2,65.8,3.82,74.1,51.3,31.5,58.4,48.2,42.7,14.7,8.4,4.7,3.07,80.5,0.62,High
STU04145,Psychology,2,1.93,2.07,2.22,42.2,56.1,26.6,2.98,23.2,45.4,50.3,52.2,55.2,49.0,3.3,13.2,2.5,2.76,73.7,1.94,High
STU04146,Mechanical Engineering,3,2.83,2.74,2.5,100.0,94.9,63.4,2.62,86.4,81.2,82.7,67.1,61.1,63.5,15.7,13.5,7.3,2.65,71.2,3.04,Low
STU04147,Electrical Engineering,2,3.0,3.0,2.99,91.1,81.5,69.5,3.5,50.8,71.7,84.9,67.7,62.2,64.1,23.1,10.9,7.1,3.07,80.5,3.08,Low
STU04148,Mathematics,5,1.57,1.73,1.99,36.8,50.0,30.7,2.69,70.3,53.0,40.4,44.9,84.6,60.2,12.5,10.3,5.4,2.67,71.5,1.15,High
STU04149,Economics,4,3.12,3.09,3.04,57.6,59.8,80.3,1.36,63.1,80.6,56.7,69.7,74.4,64.5,17.2,15.2,7.1,3.02,79.4,3.09,Low
STU04150,Mathematics,3,4.0,4.0,3.75,39.3,45.7,59.2,3.54,72.9,85.3,78.0,65.8,77.5,76.9,25.2,12.3,0.0,2.67,71.5,4.0,Low
STU04151,Electrical Engineering,5,2.29,2.24,2.17,64.1,62.4,51.9,1.43,50.9,51.2,66.3,46.8,58.8,67.8,17.3,14.0,9.4,3.07,80.5,2.42,Medium
STU04152,Mechanical Engineering,2,2.75,2.37,2.38,86.3,84.4,76.9,0.8,56.1,66.6,46.1,50.9,57.8,84.3,17.4,9.0,3.9,2.65,71.2,2.94,Low
STU04153,Business Administration,7,1.62,1.58,1.71,27.8,30.0,24.4,2.52,25.9,32.6,24.0,22.2,36.4,47.0,6.3,3.7,2.5,3.26,84.6,1.76,High
STU04154,Mathematics,5,2.6,2.32,1.79,65.9,65.6,48.1,3.67,56.7,66.3,66.3,57.7,67.9,50.1,27.9,10.6,5.3,2.67,71.5,2.79,Low
STU04155,Mathematics,6,3.08,3.14,2.88,80.3,84.5,52.7,1.73,62.3,73.7,71.3,74.7,72.5,75.5,13.8,11.7,5.1,2.67,71.5,3.47,Low
STU04156,Business Administration,2,2.33,2.07,2.11,46.8,47.9,62.4,0.93,73.5,72.5,68.1,73.7,77.8,68.7,12.4,15.2,1.0,3.26,84.6,2.37,Medium
STU04157,Computer Science,6,1.81,1.5,1.53,26.9,35.7,15.3,3.71,17.1,39.0,36.3,33.2,41.8,52.3,11.9,5.5,2.5,3.49,89.8,1.95,High
STU04158,Economics,4,2.32,2.55,2.91,74.1,76.7,74.1,0.0,93.0,70.7,73.0,60.5,69.9,64.0,12.4,13.6,,3.02,79.4,2.23,Medium
STU04159,Biology,1,2.66,2.75,2.6,65.6,67.4,86.2,1.81,64.8,68.6,65.5,50.6,59.9,83.3,12.3,15.4,0.0,3.08,80.7,2.73,Low
STU04160,Economics,1,1.78,2.05,2.15,59.0,59.8,45.6,3.15,76.8,59.2,51.6,62.3,59.5,64.9,15.9,13.6,5.5,3.02,79.4,1.59,High
STU04161,Mathematics,8,1.23,1.05,1.37,60.8,55.5,58.7,2.26,60.9,48.6,45.5,46.4,66.8,49.5,16.1,13.8,4.2,2.67,71.5,1.21,High
STU04162,Electrical Engineering,3,2.11,2.32,2.45,42.2,30.3,29.8,2.11,60.3,37.3,53.2,43.5,68.0,93.1,18.7,11.0,,3.07,80.5,2.02,High
STU04163,Computer Science,3,3.23,3.25,3.25,70.1,70.3,71.7,1.67,81.8,90.5,77.0,74.4,70.5,70.5,25.1,11.3,4.9,3.49,89.8,3.22,Low
STU04164,Computer Science,3,3.34,3.71,3.92,96.6,100.0,81.5,0.11,61.4,68.4,78.7,83.8,75.8,73.1,13.3,12.3,0.6,3.49,89.8,3.26,Low
STU04165,Mathematics,3,2.8,2.74,2.49,57.5,51.0,54.7,1.08,70.8,63.6,95.6,77.4,63.9,76.1,11.5,18.0,6.2,2.67,71.5,2.8,Medium
STU04166,Psychology,6,1.79,2.03,2.04,35.7,30.0,42.8,3.34,30.4,31.1,52.6,38.1,32.0,25.5,4.8,19.8,7.4,2.76,73.7,1.68,High
STU04167,Mechanical Engineering,1,3.26,3.2,3.07,76.3,75.1,61.6,3.0,80.0,82.6,69.8,67.0,78.0,84.7,10.3,11.9,8.4,2.65,71.2,3.25,Low
STU04168,Psychology,8,3.84,3.67,3.45,96.3,100.0,81.4,0.0,87.7,73.1,88.7,70.5,91.0,77.5,24.1,17.9,3.0,2.76,73.7,4.0,Low
STU04169,Mechanical Engineering,1,1.13,1.2,1.39,35.8,30.0,10.0,3.78,28.5,38.2,32.4,22.4,35.3,32.3,9.7,9.4,0.0,2.65,71.2,1.12,High
STU04170,Electrical Engineering,7,2.39,2.3,2.53,67.2,56.0,54.0,,53.6,61.3,64.5,45.0,69.3,57.4,16.1,2.9,6.9,3.07,80.5,2.36,Medium
STU04171,Mathematics,2,3.26,3.13,3.04,84.5,81.0,86.9,3.35,69.2,63.3,69.8,66.7,63.4,76.5,20.6,11.8,10.5,2.67,71.5,3.41,Low
STU04172,Mathematics,4,2.02,1.93,1.97,30.2,30.0,61.8,0.0,37.7,40.4,41.0,35.4,40.1,36.7,4.7,6.4,5.9,2.67,71.5,1.93,Medium
STU04173,Mathematics,8,1.75,1.83,2.23,65.2,71.2,23.8,,60.6,61.5,51.4,53.4,56.3,56.2,11.9,20.8,5.9,2.67,71.5,1.6,Medium
STU04174,Economics,6,1.57,1.66,1.95,66.7,68.0,40.8,0.0,58.9,68.9,61.6,50.3,62.2,53.5,19.4,7.7,5.0,3.02,79.4,1.35,Medium
STU04175,Economics,1,0.77,0.69,0.83,36.9,30.0,27.3,3.82,17.3,34.4,13.4,8.0,26.9,24.1,6.3,4.1,7.0,3.02,79.4,0.64,High
STU04176,Business Administration,7,2.81,2.9,3.29,54.9,71.1,100.0,0.0,76.1,84.8,65.3,73.4,77.2,80.2,16.2,18.2,2.5,3.26,84.6,2.46,Low
STU04177,Economics,5,3.13,3.43,3.49,76.0,79.7,92.8,,94.9,70.3,99.8,92.9,87.0,89.1,19.3,17.0,7.3,3.02,79.4,3.1,Low
STU04178,Computer Science,1,1.46,1.99,2.42,53.1,57.4,68.3,,66.5,77.1,70.4,71.3,57.4,52.7,13.7,12.5,,3.49,89.8,1.1,High
STU04179,Mechanical Engineering,3,3.21,3.06,2.88,51.1,49.7,44.1,2.71,55.8,56.9,55.5,57.1,57.1,54.6,16.1,11.3,3.4,2.65,71.2,3.23,Low
STU04180,Business Administration,1,2.9,2.45,2.12,40.1,41.3,35.1,0.0,56.4,49.5,50.6,53.0,83.2,73.6,5.2,11.1,0.3,3.26,84.6,3.28,Medium
STU04181,Electrical Engineering,8,2.53,2.38,2.22,52.7,52.4,49.6,5.27,66.4,66.1,63.2,62.7,71.2,61.9,7.6,12.0,5.9,3.07,80.5,2.47,Medium
STU04182,Electrical Engineering,3,1.86,2.23,2.49,56.3,57.9,68.4,3.79,78.0,60.1,89.3,72.2,52.2,45.8,14.5,15.5,7.7,3.07,80.5,1.59,Medium
STU04183,Mathematics,4,3.23,3.5,3.88,90.6,100.0,93.8,3.3,71.9,97.2,99.3,100.0,74.0,89.9,19.3,17.3,3.8,2.67,71.5,2.87,Low
STU04184,Economics,4,2.17,2.73,3.02,47.7,60.5,75.9,0.61,100.0,92.0,86.0,50.2,94.6,71.6,20.9,11.8,0.4,3.02,79.4,2.11,Medium
STU04185,Biology,3,1.73,1.98,1.95,42.5,50.1,79.7,0.38,57.9,52.3,56.9,58.0,61.3,61.7,9.0,16.6,9.3,3.08,80.7,1.7,Medium
STU04186,Business Administration,1,1.73,1.91,1.84,57.6,60.1,64.8,3.91,51.2,51.2,58.3,53.1,47.2,53.6,9.4,10.1,7.5,3.26,84.6,1.79,Medium
STU04187,Biology,2,1.62,1.9,1.93,31.2,30.0,27.7,3.49,25.7,25.6,37.4,24.1,14.3,29.7,8.8,3.9,12.3,3.08,80.7,1.5,High
STU04188,Computer Science,5,2.18,2.08,1.95,54.6,54.8,60.6,2.42,47.1,59.5,61.6,56.4,57.8,47.6,10.5,11.4,10.9,3.49,89.8,2.13,Medium
STU04189,Business Administration,4,2.48,2.08,1.8,44.5,39.4,34.4,1.84,69.8,49.2,18.4,31.8,9.5,38.0,6.5,8.3,4.3,3.26,84.6,2.85,Medium
STU04190,Computer Science,7,4.0,4.0,4.0,82.2,79.0,72.1,0.0,85.7,83.5,88.3,84.4,83.0,87.7,12.9,16.3,3.5,3.49,89.8,3.78,Low
STU04191,Computer Science,5,3.24,2.82,2.51,64.0,58.8,59.3,0.89,57.1,69.7,75.1,66.3,56.1,69.9,,20.4,5.5,3.49,89.8,3.4,Low
STU04192,Business Administration,1,1.73,1.76,1.88,54.8,48.4,53.1,3.26,58.0,55.5,24.1,49.7,60.6,45.5,8.5,8.9,5.2,3.26,84.6,1.61,Medium
STU04193,Psychology,1,3.23,3.05,3.05,66.5,77.3,75.7,1.98,75.3,75.6,66.5,69.5,85.4,75.9,25.6,9.2,0.5,2.76,73.7,3.4,Low
STU04194,Psychology,5,2.57,2.45,2.27,85.5,85.1,91.5,2.67,72.5,67.2,81.9,78.6,72.7,76.2,14.4,11.0,0.9,2.76,73.7,2.92,Low
STU04195,Biology,8,4.0,3.76,3.68,82.8,74.8,94.9,1.39,88.9,95.1,100.0,99.0,100.0,88.4,21.7,12.3,,3.08,80.7,4.0,Low
STU04196,Business Administration,8,2.05,2.06,1.92,24.2,30.0,37.8,0.61,38.0,57.7,56.6,14.9,57.0,42.3,3.7,6.3,7.9,3.26,84.6,2.01,High
STU04197,Mechanical Engineering,5,2.4,2.37,2.54,62.7,64.5,73.9,0.61,58.6,70.3,61.9,53.9,57.5,60.7,20.6,13.9,3.0,2.65,71.2,2.33,Low
STU04198,Mechanical Engineering,7,1.6,1.97,2.22,50.6,55.8,57.4,3.2,61.9,50.9,47.4,53.4,59.5,49.4,,8.6,1.3,2.65,71.2,1.61,High
STU04199,Electrical Engineering,4,2.43,2.08,1.58,46.8,46.4,41.5,0.1,49.5,49.0,31.5,49.8,35.1,49.3,15.1,0.7,4.9,3.07,80.5,2.55,Medium
STU04200,Computer Science,4,3.2,3.12,2.75,67.1,65.9,44.3,0.98,33.8,47.2,55.4,67.9,73.0,59.6,12.7,8.7,6.1,3.49,89.8,3.43,Low
STU04201,Electrical Engineering,4,3.53,3.69,3.88,78.8,72.6,71.6,0.0,78.7,80.5,86.9,48.6,77.5,72.9,20.4,15.1,5.8,3.07,80.5,3.42,Low
STU04202,Psychology,3,2.96,3.2,2.95,91.0,87.2,72.2,0.98,62.7,68.8,66.3,70.0,68.2,68.3,16.6,17.6,7.5,2.76,73.7,3.07,Low
STU04203,Biology,4,3.2,2.88,2.65,99.3,94.4,41.3,1.27,78.5,71.2,75.0,68.2,76.2,65.9,11.4,14.4,7.6,3.08,80.7,3.53,Low
STU04204,Business Administration,1,3.29,3.19,3.11,72.2,66.4,72.3,,72.9,52.6,76.4,60.7,81.5,80.6,13.0,10.7,9.1,3.26,84.6,3.39,Low
STU04205,Psychology,3,1.82,1.66,1.31,56.4,52.0,37.5,3.3,34.3,37.5,35.5,36.6,39.6,32.4,13.1,5.0,4.0,2.76,73.7,1.96,Medium
STU04206,Business Administration,1,1.59,1.53,1.33,23.3,30.0,36.0,3.18,51.5,33.5,38.2,48.8,16.7,45.4,,7.0,5.0,3.26,84.6,1.42,High
STU04207,Mathematics,3,3.98,4.0,3.68,84.4,80.1,78.4,0.0,87.8,74.4,85.3,83.8,71.2,83.3,19.1,13.7,11.0,2.67,71.5,3.96,Low
STU04208,Business Administration,3,1.89,2.3,2.69,72.3,70.5,83.5,3.01,77.1,80.8,77.6,75.5,73.7,83.5,17.9,12.6,6.5,3.26,84.6,1.48,Medium
STU04209,Computer Science,5,2.82,2.72,2.42,83.1,75.8,52.8,0.9,51.8,79.6,52.0,47.3,68.4,83.5,20.7,16.5,8.9,3.49,89.8,2.96,Medium
STU04210,Biology,5,1.91,2.07,2.21,50.6,59.6,36.7,0.0,83.1,46.1,50.2,37.1,94.2,37.9,6.9,9.5,0.9,3.08,80.7,2.02,High
STU04211,Business Administration,7,1.9,2.28,2.24,57.7,62.3,25.1,0.94,31.9,59.3,71.9,46.2,25.2,46.9,,12.2,7.3,3.26,84.6,1.77,High
STU04212,Electrical Engineering,2,2.55,2.74,2.8,51.9,45.1,74.4,2.24,78.2,66.3,100.0,91.0,68.6,66.3,19.2,9.1,4.4,3.07,80.5,2.5,Medium
STU04213,Mechanical Engineering,7,2.2,2.19,2.07,42.7,41.5,59.9,2.21,53.5,55.7,35.9,44.2,52.9,42.0,19.9,4.2,7.5,2.65,71.2,2.36,Medium
STU04214,Mechanical Engineering,6,1.3,1.8,2.1,75.5,72.7,75.0,1.66,72.3,72.9,62.9,69.7,71.4,71.9,15.9,14.8,4.8,2.65,71.2,0.96,High
STU04215,Biology,3,3.09,2.92,2.61,53.0,53.8,86.3,2.01,57.4,54.3,53.8,61.4,77.2,68.9,8.2,16.0,2.5,3.08,80.7,3.17,Low
STU04216,Mathematics,2,1.13,0.9,0.92,39.5,33.2,53.4,2.01,50.6,30.0,37.7,41.4,60.2,47.0,9.9,14.5,4.7,2.67,71.5,1.38,High
STU04217,Electrical Engineering,3,2.72,2.54,2.94,67.4,67.6,62.7,2.84,65.0,44.8,61.4,68.2,60.9,60.5,14.6,8.5,1.2,3.07,80.5,2.54,Medium
STU04218,Psychology,6,2.45,2.15,2.36,76.5,70.6,59.5,2.09,30.8,73.0,81.7,42.9,64.3,36.8,12.0,10.8,5.4,2.76,73.7,2.55,Medium
STU04219,Mathematics,4,2.89,2.95,2.96,82.8,77.7,70.5,0.57,72.5,79.6,79.9,74.2,56.5,70.3,11.6,13.4,4.9,2.67,71.5,2.76,Low
STU04220,Business Administration,6,1.5,1.47,1.27,34.3,33.5,42.4,5.31,34.3,51.1,42.4,63.8,36.9,37.6,16.1,13.7,9.2,3.26,84.6,1.66,High
STU04221,Mechanical Engineering,5,2.68,2.53,2.31,59.8,60.2,67.9,1.17,65.8,88.1,100.0,65.9,91.6,54.7,21.9,8.6,3.9,2.65,71.2,2.56,Low
STU04222,Biology,5,1.4,1.33,1.19,38.7,30.0,55.7,0.51,31.6,33.1,24.3,35.3,21.6,32.2,16.7,9.4,4.9,3.08,80.7,1.45,High
STU04223,Economics,5,2.94,2.59,2.4,77.9,75.9,91.4,1.46,72.5,75.2,69.9,76.1,70.2,78.4,18.4,12.5,0.1,3.02,79.4,3.17,Low
STU04224,Economics,2,3.09,3.21,3.53,73.4,84.2,64.6,0.0,79.9,85.1,77.8,67.8,79.0,88.5,17.0,20.8,6.9,3.02,79.4,3.33,Low
STU04225,Computer Science,3,2.1,2.11,2.26,87.8,93.5,83.2,0.0,69.1,87.9,78.0,94.0,77.1,83.6,12.4,11.3,5.7,3.49,89.8,1.89,Medium
STU04226,Computer Science,5,3.91,3.92,4.0,100.0,98.9,100.0,0.43,91.4,93.3,97.9,79.6,100.0,100.0,23.9,22.3,7.5,3.49,89.8,3.78,Low
STU04227,Mechanical Engineering,7,2.81,3.03,2.68,66.6,63.7,89.7,0.0,70.3,63.1,66.3,79.8,76.2,74.4,27.6,18.6,5.1,2.65,71.2,3.16,Low
STU04228,Economics,8,2.53,2.38,2.57,86.8,89.9,100.0,0.78,64.7,98.3,87.3,65.5,91.4,80.4,25.8,8.7,9.6,3.02,79.4,2.48,Low
STU04229,Computer Science,4,1.05,1.38,1.28,33.8,38.4,40.5,3.73,45.1,51.2,52.6,43.1,48.9,38.8,19.1,7.4,8.8,3.49,89.8,0.84,High
STU04230,Biology,2,1.46,1.76,2.02,60.5,69.5,86.6,0.0,48.5,72.8,37.5,60.7,64.1,68.0,20.8,17.7,6.2,3.08,80.7,1.32,Medium
STU04231,Computer Science,7,2.54,2.99,3.08,57.9,66.5,70.2,0.33,71.5,52.4,77.8,69.5,69.6,100.0,22.2,13.8,5.7,3.49,89.8,2.49,Medium
STU04232,Electrical Engineering,8,2.25,2.4,2.09,77.1,77.7,43.2,0.73,61.8,56.7,58.4,73.0,45.9,67.2,18.8,7.3,5.1,3.07,80.5,2.32,Medium
STU04233,Electrical Engineering,3,2.63,2.33,2.14,32.7,36.4,66.6,2.53,42.8,48.8,18.5,48.3,73.6,52.6,23.0,11.3,8.0,3.07,80.5,2.88,Medium
STU04234,Biology,4,3.78,3.7,3.37,65.8,75.5,69.2,0.77,69.5,71.3,74.0,74.2,91.3,75.5,22.7,12.7,0.8,3.08,80.7,4.0,Low
STU04235,Computer Science,8,3.5,3.32,3.41,73.4,73.5,77.1,1.15,61.1,87.5,74.3,78.1,57.2,75.3,22.2,15.0,3.8,3.49,89.8,3.51,Low
STU04236,Biology,5,3.51,3.4,3.19,75.3,75.5,88.8,0.0,30.1,40.2,67.4,82.6,55.6,55.4,16.1,13.2,,3.08,80.7,3.71,Low
STU04237,Electrical Engineering,6,3.3,3.52,3.8,79.2,83.8,87.8,0.0,90.1,85.9,100.0,91.1,86.0,96.9,20.6,15.7,2.6,3.07,80.5,3.1,Low
STU04238,Biology,6,2.53,2.62,2.72,57.8,56.9,30.4,0.91,58.6,62.1,56.1,62.4,60.9,60.2,15.9,13.9,6.6,3.08,80.7,2.63,Low
STU04239,Biology,3,2.9,2.74,2.68,28.6,35.7,26.2,2.27,40.4,68.7,55.2,53.9,43.4,67.8,18.2,9.3,0.0,3.08,80.7,3.03,Medium
STU04240,Business Administration,8,3.11,2.79,2.55,92.7,77.7,88.0,3.33,70.0,62.0,72.8,65.6,55.0,68.9,21.6,14.4,2.4,3.26,84.6,3.27,Low
STU04241,Mathematics,8,3.11,3.35,3.55,53.4,72.9,39.0,0.52,65.4,84.6,57.5,61.1,68.6,70.1,5.3,11.4,7.1,2.67,71.5,2.88,Medium
STU04242,Electrical Engineering,1,3.22,3.26,2.98,69.9,63.0,51.1,3.92,65.9,57.2,41.6,47.4,75.7,78.4,16.7,8.5,4.1,3.07,80.5,3.29,Low
STU04243,Psychology,6,2.85,2.7,2.65,53.1,52.3,61.4,2.97,48.5,63.8,55.9,49.5,58.3,32.8,18.6,14.3,5.7,2.76,73.7,2.83,Medium
STU04244,Computer Science,5,0.98,0.82,0.6,37.7,35.2,18.7,3.14,12.8,14.1,20.2,18.4,10.1,9.7,3.3,0.3,,3.49,89.8,1.08,High
STU04245,Psychology,7,2.69,2.53,2.47,45.1,48.0,58.4,3.88,61.9,61.8,71.4,57.9,62.3,65.4,22.9,10.1,0.0,2.76,73.7,2.8,Low
STU04246,Electrical Engineering,8,3.21,3.67,3.65,98.3,100.0,99.5,0.0,100.0,98.0,100.0,85.2,74.4,100.0,21.7,22.1,7.0,3.07,80.5,2.92,Low
STU04247,Electrical Engineering,6,4.0,3.94,3.7,76.6,76.1,77.2,0.0,74.9,74.6,100.0,92.7,78.1,79.7,24.3,13.9,4.4,3.07,80.5,4.0,Low
STU04248,Mathematics,2,2.05,1.93,2.25,48.0,57.9,47.6,3.68,37.3,47.5,46.4,52.2,46.8,42.8,12.8,12.3,3.6,2.67,71.5,2.13,Medium
STU04249,Economics,7,2.36,2.36,2.49,65.9,66.2,56.7,3.13,63.8,62.0,65.4,60.7,54.7,44.4,9.9,8.5,,3.02,79.4,2.49,Medium
STU04250,Electrical Engineering,1,2.78,2.72,2.94,70.7,63.6,58.5,3.21,60.7,53.7,66.3,56.5,60.7,58.9,18.0,11.0,7.2,3.07,80.5,2.59,Medium
STU04251,Mechanical Engineering,4,2.89,2.86,2.87,70.7,71.9,86.7,0.0,100.0,65.1,85.1,88.0,73.7,60.3,18.2,16.0,3.0,2.65,71.2,2.88,Low
STU04252,Psychology,8,2.39,2.33,1.95,64.0,58.0,49.4,6.13,48.7,55.6,49.4,68.9,42.2,49.8,16.3,6.6,2.0,2.76,73.7,2.35,Medium
STU04253,Economics,2,2.86,2.99,2.61,100.0,92.4,67.3,2.0,62.9,54.1,53.4,58.9,60.2,62.4,19.5,11.6,3.5,3.02,79.4,3.07,Low
STU04254,Economics,3,1.91,2.0,2.11,65.3,67.2,46.8,1.55,64.4,70.2,66.2,72.6,69.7,79.6,2.0,11.9,6.9,3.02,79.4,1.82,Medium
STU04255,Psychology,8,1.57,1.71,1.93,77.6,71.9,47.0,3.79,60.6,52.1,48.9,58.9,76.8,53.3,19.1,9.3,7.9,2.76,73.7,1.56,Medium
STU04256,Business Administration,7,2.41,2.21,2.15,73.1,83.2,95.1,0.0,78.7,67.3,65.6,75.9,68.7,71.1,19.6,9.9,5.2,3.26,84.6,2.62,Low
STU04257,Computer Science,8,3.57,3.45,3.2,82.9,80.1,87.3,0.0,98.3,84.7,55.3,100.0,100.0,83.7,21.0,25.8,,3.49,89.8,3.72,Low
STU04258,Psychology,3,1.97,2.16,2.32,82.4,81.1,48.9,0.45,74.6,54.5,74.2,57.9,80.8,43.0,25.2,23.1,8.4,2.76,73.7,1.81,Medium
STU04259,Mechanical Engineering,1,2.85,3.1,3.16,86.4,100.0,60.5,,78.9,100.0,80.1,54.0,83.5,76.0,25.5,9.4,12.3,2.65,71.2,2.55,Low
STU04260,Computer Science,8,2.68,2.68,2.65,71.6,65.3,63.0,1.28,40.6,63.5,61.5,70.2,58.4,73.9,4.6,14.0,3.7,3.49,89.8,2.5,Medium
STU04261,Electrical Engineering,5,2.25,1.98,1.57,64.2,56.7,86.5,0.83,58.8,83.1,55.3,87.6,73.6,53.4,16.3,16.1,8.9,3.07,80.5,2.57,Medium
STU04262,Psychology,2,2.53,2.76,3.18,82.3,81.0,67.7,2.9,58.0,73.2,31.5,65.0,66.2,75.3,10.6,14.2,3.2,2.76,73.7,2.5,Medium
STU04263,Psychology,4,3.23,3.22,2.96,89.6,85.7,73.3,,71.3,76.4,77.8,83.7,67.0,70.6,17.0,9.9,5.8,2.76,73.7,3.59,Low
STU04264,Psychology,8,2.7,2.83,2.73,95.2,89.3,78.2,2.69,79.5,92.0,85.4,80.1,68.6,91.5,,15.7,,2.76,73.7,2.85,Low
STU04265,Business Administration,8,2.64,2.69,2.42,79.0,70.3,44.4,3.56,54.2,52.9,36.9,43.9,36.4,51.1,14.2,3.2,6.8,3.26,84.6,2.8,Medium
STU04266,Computer Science,2,1.92,1.83,1.57,80.6,67.6,57.6,2.43,71.0,54.9,57.2,59.9,48.2,59.6,16.6,11.3,1.9,3.49,89.8,2.04,Medium
STU04267,Mechanical Engineering,2,2.36,2.49,2.51,61.1,62.1,32.4,0.0,75.8,65.4,53.4,87.2,78.5,56.2,20.9,18.8,5.9,2.65,71.2,2.48,Medium
STU04268,Mathematics,2,1.86,1.93,2.0,37.7,41.1,23.0,,41.0,44.2,40.8,53.0,51.5,52.6,13.4,12.1,4.3,2.67,71.5,1.65,High
STU04269,Mechanical Engineering,3,2.12,2.31,2.33,66.1,60.4,76.2,1.67,75.4,58.2,86.2,68.9,86.0,77.5,18.5,10.1,4.8,2.65,71.2,1.91,Medium
STU04270,Psychology,6,1.13,1.3,1.19,32.2,30.0,10.0,1.78,27.5,26.5,18.9,20.7,19.8,23.6,13.8,4.9,4.0,2.76,73.7,1.15,High
STU04271,Business Administration,5,0.63,0.91,1.08,39.1,41.7,39.4,4.21,49.3,43.8,55.1,32.2,63.4,59.6,9.5,10.3,1.7,3.26,84.6,0.39,High
STU04272,Psychology,5,3.39,3.35,3.05,93.9,100.0,59.4,2.58,73.7,79.8,65.5,58.7,61.1,67.4,17.7,7.2,8.2,2.76,73.7,3.79,Low
STU04273,Mechanical Engineering,5,2.11,1.95,2.07,50.1,54.7,62.4,1.38,70.2,36.1,61.0,35.6,69.4,49.3,8.4,9.3,3.1,2.65,71.2,2.06,Medium
STU04274,Psychology,8,1.81,1.86,2.21,63.7,69.3,67.7,3.02,61.9,51.7,69.7,63.2,85.6,43.8,13.2,17.0,5.6,2.76,73.7,1.69,Medium
STU04275,Economics,1,1.95,1.84,1.92,46.3,38.5,78.9,0.0,72.0,66.9,67.9,61.6,61.9,78.5,14.8,13.6,3.8,3.02,79.4,2.21,Medium
STU04276,Economics,5,3.96,3.69,3.89,90.8,99.0,76.6,0.36,85.3,99.5,82.1,93.7,75.5,88.5,18.3,12.3,7.9,3.02,79.4,4.0,Low
STU04277,Biology,4,3.57,3.09,2.83,75.6,64.2,68.5,1.83,57.4,60.2,59.2,60.4,60.6,61.9,18.7,11.8,,3.08,80.7,3.72,Low
STU04278,Economics,7,2.29,2.2,2.31,49.4,58.0,19.1,1.14,45.7,57.1,49.1,50.4,71.1,66.8,10.7,7.6,6.6,3.02,79.4,2.3,Medium
STU04279,Mechanical Engineering,1,0.59,0.8,0.68,29.9,31.2,25.9,5.7,43.2,35.9,21.2,4.7,39.4,19.9,8.2,7.5,6.8,2.65,71.2,0.48,High
STU04280,Economics,5,2.72,2.62,2.36,48.2,58.6,61.7,1.4,58.9,65.4,74.3,43.5,50.2,44.9,8.4,2.1,5.6,3.02,79.4,2.85,Medium
STU04281,Computer Science,1,3.8,3.54,3.6,87.5,67.5,58.7,0.0,87.3,75.4,100.0,74.1,99.9,99.7,12.2,17.1,3.9,3.49,89.8,3.91,Low
STU04282,Economics,1,2.1,2.25,2.17,66.8,74.5,58.5,0.72,64.0,63.0,61.8,52.1,60.8,83.8,20.8,14.2,9.5,3.02,79.4,2.04,Medium
STU04283,Mechanical Engineering,7,2.66,2.72,2.59,63.5,61.7,29.7,5.83,71.4,66.7,75.1,61.7,66.1,46.4,6.9,15.2,5.9,2.65,71.2,2.63,Medium
STU04284,Business Administration,1,3.55,3.61,3.91,100.0,98.9,86.9,0.0,100.0,100.0,100.0,98.7,100.0,92.9,16.0,21.1,2.1,3.26,84.6,3.56,Low
STU04285,Computer Science,7,1.94,1.89,1.74,81.2,67.3,57.1,,52.7,67.4,65.6,36.3,38.6,31.6,15.3,9.2,6.8,3.49,89.8,2.04,Medium
STU04286,Computer Science,8,2.51,2.53,2.56,49.0,57.2,69.9,2.36,78.7,67.6,74.4,63.8,71.1,70.5,16.5,6.4,7.2,3.49,89.8,2.38,Medium
STU04287,Computer Science,6,1.65,1.52,1.24,46.7,46.2,31.8,2.49,53.6,38.0,33.9,34.6,53.1,27.5,11.2,3.2,3.6,3.49,89.8,1.69,High
STU04288,Computer Science,8,3.38,3.32,3.08,83.5,84.3,86.3,0.89,98.7,53.9,100.0,71.1,65.4,93.0,26.6,19.4,6.3,3.49,89.8,3.52,Low
STU04289,Psychology,4,3.12,2.95,2.99,74.8,75.0,52.6,0.06,79.5,83.4,61.5,52.2,69.9,67.3,22.4,16.8,1.3,2.76,73.7,3.2,Low
STU04290,Psychology,8,1.97,2.08,2.07,55.2,53.6,75.6,0.0,45.3,69.6,56.0,54.1,60.0,53.9,14.6,6.7,3.9,2.76,73.7,1.99,Medium
STU04291,Biology,5,2.05,2.11,2.57,71.0,77.0,63.0,,90.8,68.0,71.6,58.9,74.5,69.1,23.8,12.0,7.0,3.08,80.7,1.9,Medium
STU04292,Psychology,1,2.55,2.52,2.48,75.5,83.5,48.4,0.0,73.8,91.4,72.3,54.5,80.8,67.6,17.4,8.4,7.2,2.76,73.7,2.66,Medium
STU04293,Electrical Engineering,4,3.33,3.31,3.09,83.4,93.2,88.0,2.49,88.4,91.2,77.3,93.7,85.3,83.1,19.1,11.2,8.9,3.07,80.5,3.3,Low
STU04294,Electrical Engineering,1,3.16,2.82,2.69,80.3,68.0,78.1,0.91,59.7,43.9,56.9,65.5,76.4,80.0,17.2,14.4,,3.07,80.5,3.25,Low
STU04295,Economics,1,2.93,3.0,3.25,56.2,61.0,79.8,0.69,52.8,73.2,66.4,67.8,95.5,83.8,23.1,13.9,5.4,3.02,79.4,3.04,Low
STU04296,Economics,5,1.95,1.61,1.77,26.1,30.0,42.1,4.08,67.8,67.3,54.2,44.0,52.7,54.0,15.3,12.1,6.7,3.02,79.4,2.01,Medium
STU04297,Business Administration,4,2.77,2.56,2.56,61.4,54.0,70.9,2.82,71.5,63.9,52.6,56.3,60.1,60.0,15.5,7.1,3.7,3.26,84.6,2.78,Medium
STU04298,Mathematics,6,3.95,4.0,4.0,65.8,73.4,100.0,2.38,91.5,75.2,86.8,91.8,87.9,67.5,19.9,9.9,0.2,2.67,71.5,3.99,Low
STU04299,Electrical Engineering,2,3.75,3.73,3.96,84.2,98.7,71.8,0.73,85.8,97.9,85.3,84.6,94.9,100.0,21.1,25.2,8.6,3.07,80.5,3.72,Low
STU04300,Business Administration,2,2.56,2.64,2.45,96.2,94.6,35.5,3.15,61.2,71.7,56.7,93.8,67.6,43.1,16.5,4.7,0.0,3.26,84.6,2.47,Medium
STU04301,Economics,6,2.15,2.45,2.5,55.6,61.0,67.3,2.48,67.9,72.2,56.1,70.8,100.0,65.4,26.9,6.1,4.2,3.02,79.4,1.88,Medium
STU04302,Economics,3,2.54,2.5,2.4,63.6,69.6,48.0,2.09,60.6,58.8,58.7,61.3,62.6,63.9,14.5,16.3,,3.02,79.4,2.63,Medium
STU04303,Biology,1,2.03,1.82,1.98,28.8,30.0,36.4,1.64,35.2,23.0,47.3,34.6,34.7,37.7,4.0,1.9,7.4,3.08,80.7,2.11,High
STU04304,Computer Science,3,2.57,2.79,2.66,65.1,72.0,34.4,0.0,62.7,52.5,70.1,70.3,76.2,69.9,21.9,14.9,0.1,3.49,89.8,2.47,Medium
STU04305,Electrical Engineering,8,2.14,2.25,2.2,28.1,30.0,53.3,3.44,56.8,46.9,51.0,31.0,23.5,45.2,5.4,0.0,,3.07,80.5,2.03,High
STU04306,Mechanical Engineering,2,3.07,2.87,2.77,76.4,70.0,71.2,4.55,64.6,72.9,76.6,63.9,72.8,60.4,10.4,8.5,5.0,2.65,71.2,3.19,Low
STU04307,Psychology,4,1.86,1.95,2.02,69.0,70.9,47.8,0.0,38.7,44.0,52.3,66.4,52.7,52.1,11.1,11.3,12.2,2.76,73.7,1.67,Medium
STU04308,Psychology,2,2.3,2.3,2.46,78.0,93.4,42.3,0.23,47.9,69.1,47.5,72.8,74.4,35.7,26.8,15.7,5.7,2.76,73.7,2.19,Medium
STU04309,Psychology,6,1.54,1.53,1.87,61.1,56.9,59.2,1.15,45.5,35.6,42.3,50.2,48.1,38.2,6.8,2.0,2.5,2.76,73.7,1.53,High
STU04310,Business Administration,2,1.19,1.64,1.36,44.3,40.6,31.3,4.3,8.5,43.0,49.7,38.9,24.1,0.8,6.7,9.7,3.7,3.26,84.6,1.11,High
STU04311,Biology,6,2.89,3.07,3.22,83.0,86.8,97.3,0.0,89.1,88.9,81.5,93.5,87.3,83.4,10.7,18.3,6.3,3.08,80.7,2.8,Low
STU04312,Economics,3,1.38,1.67,1.5,48.5,43.0,14.4,2.13,65.2,45.6,37.7,55.1,38.6,53.3,6.1,7.4,4.1,3.02,79.4,1.23,High
STU04313,Business Administration,8,1.99,1.97,2.26,54.2,57.2,79.3,3.25,62.1,60.9,69.0,64.0,61.6,65.1,21.2,9.3,6.1,3.26,84.6,1.93,Medium
STU04314,Electrical Engineering,1,3.12,3.21,3.32,37.6,45.8,71.0,2.17,87.4,31.0,61.6,71.1,60.7,50.3,2.8,19.5,13.0,3.07,80.5,3.08,Low
STU04315,Computer Science,3,1.36,1.71,1.74,60.9,58.4,58.5,2.54,27.9,29.9,45.2,63.5,73.5,10.2,9.3,14.3,1.0,3.49,89.8,1.21,Medium
STU04316,Computer Science,2,3.92,4.0,4.0,66.9,74.6,62.3,0.27,95.2,100.0,95.8,100.0,80.8,75.9,27.5,15.5,3.4,3.49,89.8,3.86,Low
STU04317,Business Administration,1,1.47,1.57,1.62,29.5,30.0,36.5,,4.8,65.8,22.7,28.2,32.8,10.8,10.7,4.9,5.7,3.26,84.6,1.56,High
STU04318,Mathematics,5,3.27,3.46,3.37,94.4,88.5,100.0,0.28,99.5,100.0,85.6,100.0,100.0,100.0,19.1,12.8,6.3,2.67,71.5,3.21,Low
STU04319,Business Administration,8,1.9,1.9,2.1,73.7,78.0,60.0,2.28,58.7,51.0,77.1,62.3,61.3,51.8,,13.5,7.2,3.26,84.6,1.93,Medium
STU04320,Mechanical Engineering,6,4.0,3.99,3.69,82.4,86.4,100.0,0.0,98.1,94.0,95.5,90.5,79.2,97.0,,17.3,0.0,2.65,71.2,4.0,Low
STU04321,Mechanical Engineering,3,2.98,3.08,3.47,59.6,67.6,79.1,0.0,53.6,69.1,69.4,79.3,68.8,59.6,25.6,13.3,4.5,2.65,71.2,3.07,Low
STU04322,Mechanical Engineering,7,3.05,3.14,3.47,57.9,67.2,74.0,1.69,64.3,58.2,62.5,63.0,62.0,65.9,14.7,12.2,4.9,2.65,71.2,2.8,Low
STU04323,Psychology,5,1.53,1.65,1.83,52.4,51.3,64.1,2.35,34.4,62.9,41.8,40.4,61.0,60.5,8.9,11.3,6.3,2.76,73.7,1.5,High
STU04324,Business Administration,5,0.78,0.88,1.04,20.0,30.0,39.3,5.84,31.2,32.5,21.1,49.7,26.7,29.1,7.5,10.2,4.3,3.26,84.6,0.48,High
STU04325,Business Administration,2,2.34,2.53,2.76,59.4,64.2,76.1,0.0,64.5,100.0,67.3,79.3,71.8,47.2,,10.7,3.7,3.26,84.6,2.14,Medium
STU04326,Mechanical Engineering,4,2.67,2.39,2.26,82.3,72.6,63.1,2.85,66.8,81.9,65.7,61.1,64.2,65.5,17.2,17.1,5.0,2.65,71.2,2.94,Low
STU04327,Computer Science,2,1.66,1.89,2.19,43.6,51.8,26.0,1.25,79.1,45.5,48.9,67.3,46.8,46.3,18.6,2.8,3.5,3.49,89.8,1.68,High
STU04328,Business Administration,5,3.72,3.46,3.15,93.3,89.8,78.4,1.11,62.1,65.6,68.1,83.1,80.7,69.4,15.8,22.0,2.5,3.26,84.6,4.0,Low
STU04329,Mechanical Engineering,5,2.56,2.67,2.77,75.1,70.5,70.7,0.95,73.8,60.2,75.5,70.3,52.2,65.5,19.4,18.3,2.7,2.65,71.2,2.43,Low
STU04330,Mechanical Engineering,7,2.76,2.94,2.82,39.7,33.6,60.0,1.79,53.5,84.9,39.0,57.0,69.8,62.4,18.6,7.6,11.2,2.65,71.2,2.82,Medium
STU04331,Computer Science,1,2.53,2.32,2.07,50.0,49.5,43.5,1.71,49.4,55.0,55.8,62.3,57.5,62.2,6.7,12.2,0.6,3.49,89.8,2.78,Medium
STU04332,Biology,3,3.16,2.94,2.72,34.2,43.4,56.1,3.43,55.9,54.2,48.7,59.7,42.1,61.5,17.8,9.0,7.4,3.08,80.7,3.26,Low
STU04333,Mathematics,1,1.63,1.44,1.53,30.0,30.0,10.0,1.95,44.4,58.3,65.5,40.7,40.6,59.8,14.4,23.4,4.4,2.67,71.5,1.94,High
STU04334,Biology,7,0.84,1.1,1.33,32.2,42.5,26.9,,47.1,57.6,40.2,59.7,56.5,49.3,11.8,10.5,10.8,3.08,80.7,0.78,High
STU04335,Economics,8,1.8,1.74,1.78,42.3,43.1,69.6,0.6,38.1,51.2,60.6,58.1,58.4,50.2,23.2,7.5,6.4,3.02,79.4,1.67,Medium
STU04336,Business Administration,8,1.73,1.49,1.15,40.8,36.1,30.6,6.67,60.6,27.4,37.9,21.2,47.2,28.6,7.8,0.7,3.6,3.26,84.6,2.12,High
STU04337,Business Administration,6,1.52,1.88,2.35,58.8,60.0,33.2,2.99,61.4,52.0,54.6,60.3,54.0,58.6,6.5,6.3,,3.26,84.6,1.14,High
STU04338,Computer Science,3,2.81,2.74,2.47,35.3,34.4,53.8,4.88,52.1,52.0,55.0,58.3,59.3,54.2,9.2,9.6,7.3,3.49,89.8,2.97,Medium
STU04339,Computer Science,8,2.29,1.92,2.03,75.8,70.9,47.6,3.92,60.3,33.3,50.1,12.4,52.7,40.2,14.9,5.7,4.7,3.49,89.8,2.34,High
STU04340,Computer Science,8,2.05,1.99,2.0,37.1,40.3,51.5,2.54,37.2,31.4,58.8,50.5,33.5,68.2,15.5,17.7,5.1,3.49,89.8,2.11,Medium
STU04341,Electrical Engineering,8,2.07,2.02,2.09,51.0,54.4,36.9,2.82,40.5,85.5,44.7,59.8,26.6,47.6,18.1,11.6,0.1,3.07,80.5,2.17,Medium
STU04342,Economics,7,1.71,1.39,1.12,42.5,35.6,31.6,2.09,46.9,44.9,43.2,44.2,31.0,39.9,20.5,10.4,6.6,3.02,79.4,1.93,High
STU04343,Computer Science,4,1.25,1.46,1.46,47.8,49.1,25.8,3.06,34.3,28.2,41.4,24.3,31.7,29.7,7.7,10.1,,3.49,89.8,1.15,High
STU04344,Mechanical Engineering,3,3.63,3.79,4.0,79.1,77.7,100.0,0.0,100.0,92.6,100.0,100.0,89.8,99.5,17.2,18.2,,2.65,71.2,3.79,Low
STU04345,Computer Science,3,2.99,3.22,3.31,90.4,89.1,77.8,0.0,92.3,70.1,75.9,59.3,49.5,95.0,25.1,16.2,,3.49,89.8,2.92,Low
STU04346,Biology,8,3.34,3.23,3.01,85.3,83.1,72.9,0.0,72.3,81.0,77.7,79.2,81.1,75.3,29.7,15.1,1.0,3.08,80.7,3.24,Low
STU04347,Economics,7,1.79,2.4,2.63,72.8,78.4,71.5,2.61,88.8,73.1,57.0,63.9,82.7,83.6,16.2,18.1,0.8,3.02,79.4,1.34,High
STU04348,Business Administration,8,2.46,2.24,2.28,45.8,50.8,49.3,0.35,70.1,85.6,98.8,63.1,78.5,96.1,21.0,21.7,3.1,3.26,84.6,2.42,Medium
STU04349,Business Administration,5,2.82,2.69,2.75,75.8,78.3,83.1,0.38,88.5,86.9,95.7,85.7,96.0,75.1,10.6,13.3,3.6,3.26,84.6,2.79,Low
STU04350,Business Administration,3,2.58,2.85,2.96,74.5,73.2,81.9,0.0,86.8,80.1,83.6,98.5,76.1,60.9,17.9,13.0,2.7,3.26,84.6,2.6,Medium
STU04351,Economics,4,4.0,3.92,3.62,100.0,100.0,100.0,2.16,81.6,88.8,98.1,100.0,98.5,87.5,25.0,18.0,5.7,3.02,79.4,4.0,Low
STU04352,Economics,7,3.34,3.29,3.07,80.7,78.2,72.3,3.45,67.5,96.1,95.5,65.0,86.0,91.8,21.8,20.6,6.2,3.02,79.4,3.53,Low
STU04353,Economics,2,3.62,3.36,3.03,56.6,61.1,72.4,2.43,62.5,61.7,64.4,49.3,75.1,57.2,22.1,16.7,6.8,3.02,79.4,3.78,Low
STU04354,Business Administration,3,3.85,3.96,4.0,83.1,84.0,87.8,0.0,93.8,71.9,99.8,100.0,100.0,85.2,24.2,16.1,1.9,3.26,84.6,3.64,Low
STU04355,Mathematics,7,2.33,2.44,2.3,77.9,76.9,82.7,0.53,68.3,61.1,64.1,53.9,59.8,65.5,12.4,6.6,2.3,2.67,71.5,2.21,Low
STU04356,Psychology,1,2.96,3.08,3.1,70.6,71.2,86.8,0.62,89.7,64.1,100.0,82.2,69.4,54.7,16.0,21.3,3.9,2.76,73.7,2.87,Low
STU04357,Business Administration,8,2.85,2.84,2.94,59.3,50.6,73.3,1.0,79.9,66.4,69.4,65.4,57.5,65.0,16.9,14.7,10.4,3.26,84.6,2.71,Low
STU04358,Mechanical Engineering,3,1.84,1.74,2.14,63.6,69.6,69.2,0.9,71.8,80.0,75.0,76.2,66.5,63.1,25.5,11.5,4.4,2.65,71.2,1.5,Medium
STU04359,Economics,4,1.95,2.0,1.82,60.9,56.2,11.9,4.0,52.7,49.4,50.6,54.4,64.1,58.5,11.7,9.2,4.7,3.02,79.4,2.14,Medium
STU04360,Biology,8,3.6,3.35,3.27,100.0,93.7,84.6,1.62,82.0,100.0,51.5,77.5,95.7,90.8,16.6,21.2,7.7,3.08,80.7,3.65,Low
STU04361,Mathematics,6,1.93,2.08,2.09,43.4,51.6,71.3,0.63,70.5,64.9,59.6,64.6,65.9,71.6,12.4,0.0,2.1,2.67,71.5,1.6,Medium
STU04362,Biology,4,3.0,3.15,3.2,62.2,69.9,81.1,2.17,64.8,67.9,83.2,65.7,75.3,74.8,1.1,13.8,2.9,3.08,80.7,2.97,Low
STU04363,Psychology,4,3.28,3.32,3.18,67.7,61.4,75.6,3.05,55.8,70.4,80.9,84.0,36.4,68.6,23.2,16.6,0.4,2.76,73.7,3.36,Low
STU04364,Mathematics,5,1.9,2.12,2.42,83.3,78.6,60.2,3.74,87.8,37.9,74.3,93.1,61.2,64.9,21.9,11.8,4.5,2.67,71.5,1.84,Medium
STU04365,Computer Science,8,3.69,3.5,3.28,85.6,88.7,97.1,3.31,80.4,80.9,79.4,78.9,83.5,81.3,,18.4,9.8,3.49,89.8,3.97,Low
STU04366,Business Administration,7,3.17,2.87,2.88,64.2,55.7,100.0,2.17,86.4,82.0,70.9,62.0,87.1,74.2,15.0,16.2,2.2,3.26,84.6,3.21,Low
STU04367,Electrical Engineering,8,4.0,3.85,3.55,80.3,70.6,85.9,2.73,85.0,85.2,92.8,83.2,86.1,87.3,17.5,17.6,9.1,3.07,80.5,3.92,Low
STU04368,Biology,4,2.16,2.0,2.06,71.9,62.5,62.9,2.32,48.5,53.4,52.5,50.8,55.2,49.6,18.6,7.8,1.7,3.08,80.7,1.97,Medium
STU04369,Electrical Engineering,3,3.33,3.18,3.23,87.1,91.4,100.0,0.18,89.8,89.8,90.9,87.3,90.9,93.3,14.9,11.3,7.1,3.07,80.5,3.32,Low
STU04370,Mechanical Engineering,6,2.47,2.85,3.03,73.3,69.1,59.7,2.6,79.8,69.1,78.9,77.5,73.9,79.2,17.2,6.0,8.8,2.65,71.2,2.13,Medium
STU04371,Economics,2,3.97,4.0,3.86,100.0,100.0,100.0,0.45,100.0,91.2,100.0,63.3,100.0,100.0,22.8,20.7,7.4,3.02,79.4,4.0,Low
STU04372,Computer Science,5,2.24,2.29,2.42,93.1,100.0,49.2,1.78,70.2,62.1,76.4,65.2,69.8,60.1,15.4,13.8,4.9,3.49,89.8,2.12,Medium
STU04373,Business Administration,8,3.99,3.58,3.47,83.4,70.7,61.6,3.86,72.5,73.3,80.7,55.0,65.0,77.5,16.8,15.4,4.6,3.26,84.6,4.0,Low
STU04374,Computer Science,2,2.29,2.4,2.47,70.7,67.1,89.4,2.39,68.2,46.7,81.7,67.4,64.4,51.9,16.8,2.2,1.7,3.49,89.8,2.22,Low
STU04375,Biology,1,3.31,3.06,2.61,71.2,64.0,46.7,0.45,58.5,58.1,53.0,55.9,58.3,49.5,14.5,10.7,0.0,3.08,80.7,3.38,Low
STU04376,Business Administration,7,2.44,2.23,2.59,53.7,55.9,24.3,1.02,81.6,71.3,53.0,59.7,57.4,49.9,21.0,7.4,3.0,3.26,84.6,2.31,Medium
STU04377,Computer Science,1,0.88,1.05,1.43,37.4,35.6,35.8,2.1,33.2,27.4,23.5,40.4,38.7,36.5,16.2,9.2,2.2,3.49,89.8,0.9,High
STU04378,Psychology,6,2.35,2.62,2.82,39.3,56.6,69.9,1.68,59.3,52.6,55.5,55.4,61.1,54.0,8.2,16.1,3.3,2.76,73.7,2.34,Medium
STU04379,Biology,3,3.59,3.87,3.69,91.6,94.2,48.6,0.0,73.9,82.1,75.5,82.3,69.5,76.0,23.1,18.1,7.4,3.08,80.7,3.48,Low
STU04380,Business Administration,6,1.67,2.09,2.33,49.7,61.2,45.2,1.23,45.9,53.3,49.9,57.9,50.1,45.8,14.2,17.7,5.0,3.26,84.6,1.37,Medium
STU04381,Economics,6,1.65,1.68,1.39,38.4,38.6,21.0,2.58,0.7,39.5,28.1,1.1,11.1,18.5,6.4,8.8,8.3,3.02,79.4,1.86,High
STU04382,Computer Science,8,2.51,2.68,2.73,56.6,54.0,88.5,1.27,81.6,67.7,69.1,75.0,76.2,65.0,19.3,14.2,1.6,3.49,89.8,2.31,Medium
STU04383,Electrical Engineering,8,2.98,2.98,2.96,61.3,61.1,69.5,,83.6,80.6,78.1,71.3,72.1,69.9,19.1,14.3,,3.07,80.5,2.96,Low
STU04384,Mathematics,7,2.1,1.95,1.85,54.0,58.8,38.0,1.59,60.6,66.0,32.3,32.3,46.8,69.5,18.9,12.7,6.6,2.67,71.5,1.99,Medium
STU04385,Mathematics,2,2.08,2.49,2.32,65.0,69.8,95.9,2.33,65.0,61.6,61.9,84.5,82.8,47.1,22.3,13.8,5.1,2.67,71.5,2.04,Medium
STU04386,Electrical Engineering,5,1.61,1.94,2.03,42.3,49.8,36.8,1.16,28.8,41.7,70.2,44.4,52.1,38.1,8.8,5.4,3.1,3.07,80.5,1.62,High
STU04387,Electrical Engineering,1,2.73,2.57,2.44,65.2,62.4,54.9,2.55,32.4,60.5,56.1,36.6,40.9,48.4,14.1,15.3,10.4,3.07,80.5,3.13,Low
STU04388,Computer Science,8,1.66,1.66,1.87,52.6,57.3,58.8,0.16,59.1,44.8,59.8,55.5,71.9,53.3,18.1,15.2,5.5,3.49,89.8,1.75,Medium
STU04389,Electrical Engineering,6,3.72,3.66,3.4,73.9,66.2,55.7,0.67,77.1,81.3,75.1,83.1,76.2,65.4,17.5,12.9,8.6,3.07,80.5,3.68,Low
STU04390,Electrical Engineering,4,0.72,1.0,1.11,46.1,52.2,30.6,3.33,27.7,25.6,24.2,43.5,37.3,44.3,3.0,17.1,,3.07,80.5,0.52,High
STU04391,Psychology,5,2.02,2.18,2.05,76.6,67.1,67.8,3.37,62.8,44.4,55.3,48.4,55.8,65.0,5.2,3.7,9.6,2.76,73.7,2.0,Medium
STU04392,Psychology,7,3.26,3.1,3.25,100.0,98.4,65.4,0.52,84.6,88.6,93.5,81.6,77.9,89.6,21.0,20.7,3.6,2.76,73.7,3.32,Low
STU04393,Computer Science,7,4.0,4.0,3.86,99.9,100.0,87.7,1.55,72.6,94.5,100.0,100.0,72.7,91.4,21.3,18.5,,3.49,89.8,3.97,Low
STU04394,Biology,4,3.96,3.98,3.97,87.6,93.6,100.0,,99.8,99.5,95.9,90.8,100.0,90.7,36.0,14.6,9.8,3.08,80.7,3.92,Low
STU04395,Mechanical Engineering,2,1.84,1.96,2.27,52.7,56.5,47.2,5.34,51.6,49.9,54.5,45.2,54.8,48.5,10.1,9.8,2.8,2.65,71.2,1.51,High
STU04396,Economics,1,3.44,3.64,3.97,82.5,92.0,100.0,3.08,97.3,96.8,87.5,100.0,76.5,92.5,,15.2,7.3,3.02,79.4,3.29,Low
STU04397,Economics,1,3.69,3.49,3.37,65.6,60.0,79.1,1.36,64.3,93.5,69.9,100.0,99.7,85.5,17.9,8.3,10.5,3.02,79.4,3.99,Low
STU04398,Mathematics,3,0.7,0.67,0.62,20.0,30.0,14.2,4.01,18.0,29.9,32.1,11.4,29.5,39.6,7.6,7.2,4.2,2.67,71.5,0.73,High
STU04399,Business Administration,4,3.66,3.41,3.38,88.6,91.0,100.0,2.89,82.8,93.3,100.0,83.4,89.3,91.6,22.8,13.5,7.5,3.26,84.6,3.76,Low
STU04400,Business Administration,7,2.3,2.34,2.63,43.4,49.2,60.4,2.64,60.6,67.9,59.1,57.3,60.1,69.1,12.0,8.7,3.3,3.26,84.6,2.22,Medium
STU04401,Economics,2,2.16,2.06,1.84,36.5,30.0,35.4,2.86,49.5,39.0,40.0,46.7,44.7,48.7,18.8,10.2,5.2,3.02,79.4,2.13,Medium
STU04402,Business Administration,7,2.74,2.65,2.57,74.1,73.2,79.8,2.78,75.0,68.2,67.5,64.4,88.7,57.1,12.9,9.1,3.9,3.26,84.6,2.81,Low
STU04403,Business Administration,2,2.02,1.72,1.61,48.0,47.4,59.4,,47.8,24.2,47.2,40.6,45.4,48.0,11.7,12.9,3.0,3.26,84.6,2.1,Medium
STU04404,Mechanical Engineering,1,3.67,3.6,3.54,88.6,74.4,96.0,1.17,74.5,75.3,63.8,82.4,97.5,79.3,13.6,16.5,3.9,2.65,71.2,3.6,Low
STU04405,Computer Science,1,1.71,2.15,2.35,64.7,72.2,46.8,2.29,78.2,66.9,72.9,62.4,61.4,70.3,25.8,13.2,4.4,3.49,89.8,1.48,Medium
STU04406,Economics,1,3.29,3.28,3.26,95.0,100.0,99.0,1.15,100.0,94.6,98.0,72.3,96.6,94.3,21.3,17.8,2.2,3.02,79.4,3.39,Low
STU04407,Economics,8,3.89,3.78,3.4,50.7,55.1,55.4,0.0,70.9,51.1,51.8,61.4,92.4,59.9,10.0,10.3,3.4,3.02,79.4,3.95,Low
STU04408,Computer Science,2,2.58,2.16,1.79,60.3,59.8,59.4,0.0,55.9,47.3,52.5,53.4,51.2,54.1,7.8,17.8,1.2,3.49,89.8,2.74,Low
STU04409,Electrical Engineering,7,2.42,2.32,2.0,34.0,30.0,26.4,2.53,31.1,28.5,21.2,30.0,13.8,17.6,3.2,0.0,8.1,3.07,80.5,2.52,High
STU04410,Economics,2,3.31,3.09,3.07,91.4,85.8,92.7,0.52,82.8,100.0,97.9,91.7,88.0,100.0,22.0,14.5,2.3,3.02,79.4,3.45,Low
STU04411,Mathematics,5,2.89,2.61,2.32,58.6,55.5,58.5,1.06,73.1,81.6,28.6,71.3,37.4,64.6,15.4,7.6,9.6,2.67,71.5,3.18,Low
STU04412,Electrical Engineering,2,2.49,2.63,2.9,57.2,64.6,63.4,1.32,83.5,55.6,99.7,69.4,54.1,69.3,16.3,16.6,11.9,3.07,80.5,2.45,Medium
STU04413,Computer Science,1,1.14,1.17,1.17,30.3,41.0,32.6,3.69,45.6,50.3,37.6,19.4,20.5,19.3,6.4,2.8,3.2,3.49,89.8,1.05,High
STU04414,Computer Science,2,2.54,2.84,2.56,44.7,38.6,46.3,1.94,56.1,59.1,42.5,63.8,44.9,64.1,6.7,4.8,5.6,3.49,89.8,2.63,Medium
STU04415,Biology,4,3.98,3.54,3.39,95.5,87.6,63.0,0.99,66.9,89.8,76.1,91.4,67.2,85.0,16.6,16.9,1.5,3.08,80.7,4.0,Low
STU04416,Biology,8,3.07,2.98,3.26,67.8,56.6,66.4,,74.9,74.5,75.6,72.2,74.8,73.1,18.9,13.9,7.0,3.08,80.7,2.86,Low
STU04417,Computer Science,6,4.0,3.89,3.75,75.7,63.8,74.7,0.19,78.2,77.0,79.9,69.6,78.0,73.0,18.7,5.7,8.2,3.49,89.8,4.0,Low
STU04418,Electrical Engineering,6,4.0,3.93,3.8,82.9,86.7,86.7,1.98,98.7,100.0,89.6,86.2,79.4,91.3,24.2,14.0,4.5,3.07,80.5,3.94,Low
STU04419,Biology,6,1.67,1.91,2.05,31.2,30.9,45.9,0.27,57.7,60.3,48.0,35.8,52.3,46.4,18.5,13.2,5.0,3.08,80.7,1.55,Medium
STU04420,Mechanical Engineering,8,1.98,2.04,2.46,71.5,67.1,48.5,1.83,69.2,65.0,68.8,49.0,49.8,56.1,15.0,10.0,5.4,2.65,71.2,1.86,Medium
STU04421,Biology,3,2.16,2.03,1.78,51.1,44.1,35.1,1.84,74.7,18.8,29.3,30.3,14.8,31.7,15.4,14.3,6.2,3.08,80.7,2.17,High
STU04422,Business Administration,1,3.62,3.31,3.13,80.1,85.7,74.4,1.06,78.9,79.1,78.5,79.6,77.0,89.4,24.8,18.6,6.9,3.26,84.6,3.89,Low
STU04423,Business Administration,4,2.08,2.38,2.7,74.3,77.7,71.8,3.55,69.1,63.0,79.5,70.7,73.5,60.9,15.7,16.0,,3.26,84.6,1.81,Medium
STU04424,Biology,8,2.98,3.21,3.38,70.0,66.8,70.7,0.0,84.6,94.7,74.1,75.4,92.3,100.0,7.9,11.7,5.5,3.08,80.7,2.85,Low
STU04425,Mechanical Engineering,6,1.69,1.92,2.03,51.5,55.6,31.8,2.44,57.9,39.7,41.9,50.8,52.1,44.3,15.8,8.0,,2.65,71.2,1.52,High
STU04426,Computer Science,6,4.0,4.0,3.85,100.0,100.0,83.6,0.25,99.7,84.3,94.0,78.3,77.3,85.7,19.3,15.8,8.7,3.49,89.8,4.0,Low
STU04427,Business Administration,1,3.31,3.12,3.11,99.2,93.2,100.0,0.33,64.8,74.8,80.1,79.2,67.6,96.1,16.8,12.4,7.9,3.26,84.6,3.48,Low
STU04428,Electrical Engineering,8,3.4,3.35,3.6,82.4,93.7,100.0,0.0,94.3,97.8,95.0,99.2,97.2,94.7,23.1,17.0,4.6,3.07,80.5,3.39,Low
STU04429,Economics,1,2.08,2.1,1.92,32.1,42.1,60.2,3.36,38.3,40.2,50.3,54.8,43.5,35.1,16.7,0.0,6.5,3.02,79.4,2.08,Medium
STU04430,Economics,7,2.16,2.45,2.64,75.0,83.4,81.7,0.03,95.4,84.0,68.3,76.7,68.7,71.9,13.9,15.6,5.1,3.02,79.4,1.82,Medium
STU04431,Mechanical Engineering,7,2.47,2.03,1.77,34.8,30.0,48.6,3.72,42.1,40.1,12.4,27.1,51.0,28.3,9.4,6.2,1.9,2.65,71.2,2.67,Medium
STU04432,Mechanical Engineering,6,1.78,1.93,1.8,58.1,60.9,48.4,4.34,34.2,48.4,58.7,43.0,75.8,42.2,2.1,12.2,,2.65,71.2,1.81,High
STU04433,Economics,3,1.67,1.79,2.25,70.1,75.0,50.5,2.39,76.4,67.4,67.2,47.7,76.5,67.3,8.7,10.5,4.8,3.02,79.4,1.47,High
STU04434,Psychology,3,2.53,2.63,2.39,52.3,49.6,37.2,0.0,72.7,81.0,56.5,88.6,44.9,50.1,21.9,16.4,4.2,2.76,73.7,2.27,Low
STU04435,Mathematics,4,3.33,3.37,3.45,100.0,91.2,76.8,3.57,82.8,85.7,84.1,89.5,84.2,78.1,14.6,20.6,5.9,2.67,71.5,3.32,Low
STU04436,Economics,6,3.08,3.28,3.15,80.8,80.1,59.8,2.02,60.1,50.7,77.6,57.1,91.2,93.5,18.6,12.7,4.4,3.02,79.4,3.08,Low
STU04437,Business Administration,4,3.85,3.56,3.5,69.3,74.5,74.6,2.85,94.5,100.0,94.5,100.0,72.9,100.0,16.7,18.9,4.8,3.26,84.6,3.95,Low
STU04438,Mechanical Engineering,6,2.37,1.94,1.78,42.2,41.8,54.5,1.1,50.4,81.8,11.1,51.3,50.1,69.7,20.0,15.2,3.1,2.65,71.2,2.48,Medium
STU04439,Electrical Engineering,7,3.19,3.01,2.87,91.9,95.2,76.8,0.83,100.0,60.3,82.8,78.7,95.8,100.0,19.8,4.3,10.7,3.07,80.5,3.5,Low
STU04440,Biology,1,1.61,1.68,1.63,66.6,61.2,57.1,0.55,48.3,35.8,53.0,71.2,85.5,51.1,12.7,6.3,4.4,3.08,80.7,1.72,Medium
STU04441,Economics,4,1.54,1.56,1.46,33.2,30.0,54.3,4.37,49.9,44.4,41.4,38.5,47.2,46.0,11.5,9.4,7.5,3.02,79.4,1.6,High
STU04442,Psychology,6,4.0,3.91,4.0,81.2,81.2,85.5,0.56,93.6,88.6,90.7,96.4,89.6,89.5,16.8,13.8,1.2,2.76,73.7,3.91,Low
STU04443,Business Administration,2,0.98,0.94,1.03,63.0,68.3,55.2,3.92,52.6,52.0,48.6,51.2,45.4,57.8,9.1,13.2,2.1,3.26,84.6,0.85,High
STU04444,Mechanical Engineering,4,4.0,4.0,4.0,96.0,92.4,68.1,2.94,80.6,76.4,81.7,77.1,85.7,90.7,20.6,21.9,7.5,2.65,71.2,4.0,Low
STU04445,Mechanical Engineering,4,2.93,3.04,2.84,70.9,72.8,57.5,1.72,48.8,61.8,74.5,62.6,69.6,62.8,14.3,7.4,6.3,2.65,71.2,2.97,Low
STU04446,Economics,4,2.31,2.38,2.25,58.0,57.4,48.7,5.59,47.6,36.2,57.3,54.7,58.6,45.2,10.4,11.3,5.2,3.02,79.4,2.32,Medium
STU04447,Biology,3,3.68,3.38,3.39,76.6,71.7,99.0,0.74,68.2,71.1,76.0,68.0,69.8,73.2,15.3,18.0,11.4,3.08,80.7,3.71,Low
STU04448,Computer Science,6,3.23,3.12,2.93,62.9,77.0,65.2,1.18,96.9,58.1,60.3,64.4,76.0,94.0,21.4,10.0,1.1,3.49,89.8,3.55,Low
STU04449,Psychology,5,3.53,3.73,3.68,72.5,79.8,47.6,1.23,68.3,64.7,60.2,65.8,67.4,77.9,15.1,16.8,2.6,2.76,73.7,3.68,Low
STU04450,Psychology,3,3.89,3.98,4.0,84.9,87.0,66.1,2.81,71.6,90.0,98.5,88.0,62.3,70.9,22.8,8.1,2.6,2.76,73.7,3.89,Low
STU04451,Economics,1,3.04,2.83,2.67,77.3,76.6,48.9,1.32,57.3,100.0,49.5,61.0,59.7,59.7,,7.5,7.1,3.02,79.4,3.21,Low
STU04452,Biology,4,2.81,3.07,3.3,55.1,52.0,70.1,2.61,69.6,73.8,43.0,48.8,67.0,93.0,14.6,14.5,2.2,3.08,80.7,2.48,Medium
STU04453,Business Administration,2,0.94,0.69,0.95,35.2,34.0,41.4,1.82,38.1,52.1,58.8,54.1,70.6,28.7,16.8,1.7,1.3,3.26,84.6,0.88,High
STU04454,Electrical Engineering,8,3.86,3.77,3.29,76.3,74.7,92.5,3.67,78.5,77.8,78.6,71.2,73.9,77.0,23.0,19.7,3.6,3.07,80.5,4.0,Low
STU04455,Psychology,1,1.71,1.57,1.41,40.9,36.7,37.8,2.5,43.6,38.0,41.8,31.7,39.1,40.7,7.8,8.4,5.7,2.76,73.7,1.46,Medium
STU04456,Mechanical Engineering,6,2.12,2.22,2.4,40.3,39.6,22.9,4.92,43.4,47.8,50.5,55.9,48.5,53.9,5.6,0.0,2.5,2.65,71.2,1.9,High
STU04457,Mechanical Engineering,4,2.33,2.39,2.44,81.1,75.4,90.9,3.19,63.2,74.7,66.4,62.8,63.1,56.3,14.8,6.2,3.3,2.65,71.2,2.35,Low
STU04458,Business Administration,6,3.67,3.62,3.5,71.6,74.4,78.8,2.82,78.5,85.9,88.2,83.5,59.1,75.7,27.1,11.7,3.0,3.26,84.6,3.66,Low
STU04459,Mechanical Engineering,7,2.39,2.1,1.78,53.7,53.2,35.4,0.19,42.2,85.1,54.8,57.4,49.4,40.4,7.2,14.2,3.3,2.65,71.2,2.47,Low
STU04460,Electrical Engineering,3,1.9,2.24,2.23,62.0,72.5,65.4,1.41,52.2,96.6,74.4,53.6,75.1,58.2,15.6,8.5,2.3,3.07,80.5,1.72,Medium
STU04461,Economics,3,1.38,1.96,2.23,49.2,55.8,71.9,0.84,62.6,68.0,72.0,79.8,62.4,51.7,16.8,16.4,6.1,3.02,79.4,1.08,High
STU04462,Electrical Engineering,5,2.4,2.21,2.14,63.0,66.9,85.2,0.99,47.5,43.3,49.7,53.5,53.2,53.6,5.5,3.5,8.9,3.07,80.5,2.56,Low
STU04463,Computer Science,3,3.05,2.95,3.0,93.0,98.2,85.3,3.01,85.5,86.6,90.6,89.7,84.8,94.3,18.1,15.9,2.4,3.49,89.8,2.98,Low
STU04464,Biology,4,3.11,3.32,3.36,64.2,54.6,74.4,,94.4,54.9,43.7,83.1,44.0,65.9,,18.7,2.3,3.08,80.7,3.02,Low
STU04465,Economics,7,1.98,1.96,1.53,52.4,48.2,65.6,0.23,45.6,43.2,40.8,43.7,36.3,30.7,14.5,5.6,5.7,3.02,79.4,2.27,Medium
STU04466,Computer Science,5,3.62,3.56,3.65,61.4,58.5,55.5,0.0,76.1,58.2,66.8,74.7,65.5,58.5,15.6,15.3,6.2,3.49,89.8,3.59,Low
STU04467,Economics,2,3.55,3.58,3.3,71.2,74.9,73.6,1.36,76.5,70.3,83.9,80.2,74.9,75.4,16.7,14.0,2.7,3.02,79.4,3.6,Low
STU04468,Biology,6,3.96,3.78,3.39,67.6,67.8,83.7,1.03,77.9,100.0,93.2,74.8,79.6,93.8,22.3,11.2,,3.08,80.7,4.0,Low
STU04469,Psychology,8,1.62,1.47,1.32,38.1,39.6,41.8,2.24,12.3,31.8,33.8,47.3,23.4,21.6,11.5,4.3,7.0,2.76,73.7,1.5,High
STU04470,Economics,2,2.27,2.52,2.5,58.3,62.7,60.8,3.09,77.8,50.6,50.6,89.8,24.1,34.6,14.0,15.0,,3.02,79.4,1.98,Medium
STU04471,Business Administration,6,2.9,2.98,2.69,71.9,67.1,45.9,0.0,76.1,75.3,80.9,80.6,56.7,64.3,18.5,15.5,4.1,3.26,84.6,3.19,Low
STU04472,Computer Science,7,4.0,3.73,3.52,49.6,49.6,52.1,0.4,66.3,57.6,93.5,67.0,58.2,58.4,24.1,14.4,9.0,3.49,89.8,4.0,Low
STU04473,Biology,7,2.49,2.54,2.66,79.4,84.0,83.1,0.0,75.4,74.9,86.2,45.5,78.4,64.0,20.3,13.1,5.3,3.08,80.7,2.49,Low
STU04474,Electrical Engineering,1,2.48,2.35,2.1,89.6,75.4,33.7,3.91,42.5,50.7,48.6,51.1,50.6,53.2,17.5,11.6,5.5,3.07,80.5,2.51,Low
STU04475,Computer Science,1,1.45,1.5,1.57,55.1,55.6,35.2,2.41,60.3,60.7,44.5,52.7,51.0,67.5,12.0,10.4,4.6,3.49,89.8,1.35,High
STU04476,Biology,7,1.63,1.43,1.28,41.6,36.8,18.5,4.41,33.1,40.3,40.8,44.4,45.1,30.2,10.5,5.1,6.7,3.08,80.7,1.72,Medium
STU04477,Business Administration,4,2.74,2.72,2.8,66.0,60.9,62.6,2.24,84.6,73.8,63.4,94.3,53.2,71.2,18.2,15.5,,3.26,84.6,2.72,Low
STU04478,Mathematics,1,3.44,3.5,3.34,64.1,68.0,95.6,1.09,73.1,79.6,69.2,98.4,69.7,66.1,23.0,12.1,7.7,2.67,71.5,3.6,Low
STU04479,Business Administration,2,0.91,0.75,0.67,30.5,31.2,17.3,1.5,14.2,43.1,42.7,39.9,37.2,35.1,11.4,3.9,8.1,3.26,84.6,1.29,High
STU04480,Mechanical Engineering,8,2.07,2.13,1.86,61.6,63.7,79.7,2.82,52.3,55.8,45.2,44.4,54.4,40.4,11.4,8.5,4.2,2.65,71.2,2.02,Medium
STU04481,Psychology,8,3.36,3.48,3.31,50.4,50.0,67.1,1.99,68.6,49.1,72.9,71.4,84.0,70.3,19.1,10.4,3.3,2.76,73.7,3.4,Low
STU04482,Computer Science,3,2.95,2.79,2.85,82.9,78.1,55.7,1.4,65.5,82.2,71.0,67.8,67.6,65.4,17.6,8.5,7.3,3.49,89.8,3.06,Low
STU04483,Psychology,4,2.6,2.32,2.25,56.5,49.8,42.0,2.03,51.3,38.9,62.9,70.8,26.7,56.8,7.8,4.0,8.9,2.76,73.7,2.73,Medium
STU04484,Psychology,7,3.14,3.32,3.03,68.3,53.5,60.8,0.24,57.1,55.4,59.7,57.1,53.2,60.2,22.1,12.6,3.7,2.76,73.7,3.14,Low
STU04485,Mathematics,5,3.48,3.23,3.01,78.5,66.5,64.4,1.52,77.9,67.3,70.9,73.8,69.3,72.0,15.1,6.3,7.3,2.67,71.5,3.53,Low
STU04486,Mechanical Engineering,1,2.14,2.1,2.29,64.6,65.2,69.8,4.04,71.8,59.9,52.8,44.5,55.2,48.8,24.0,14.3,2.3,2.65,71.2,2.03,Medium
STU04487,Biology,4,4.0,3.89,3.83,79.1,67.2,73.1,0.06,65.3,80.3,69.9,83.9,75.2,45.7,14.4,13.5,8.2,3.08,80.7,4.0,Low
STU04488,Mechanical Engineering,7,2.23,2.38,2.2,49.3,60.7,53.1,2.68,54.8,86.9,68.6,51.8,71.1,57.6,15.5,17.6,9.3,2.65,71.2,2.44,Medium
STU04489,Biology,7,4.0,3.65,3.36,53.8,58.2,55.0,,40.2,64.1,69.9,55.3,46.6,51.1,16.5,8.2,8.8,3.08,80.7,4.0,Low
STU04490,Business Administration,2,4.0,3.85,3.48,84.9,86.0,100.0,0.18,98.1,100.0,94.9,97.3,94.0,91.7,23.5,15.5,3.7,3.26,84.6,4.0,Low
STU04491,Psychology,5,2.6,2.87,2.83,78.5,70.9,80.1,1.25,69.5,75.4,65.0,63.5,79.0,79.5,20.5,15.2,6.3,2.76,73.7,2.62,Low
STU04492,Electrical Engineering,1,1.76,1.73,1.41,40.4,34.3,67.5,0.96,49.6,49.0,48.8,52.7,57.6,48.6,16.0,5.6,4.9,3.07,80.5,2.04,High
STU04493,Mechanical Engineering,1,1.44,1.59,1.31,25.2,33.3,32.2,5.09,39.8,34.5,28.8,41.2,39.1,35.2,13.2,8.9,3.8,2.65,71.2,1.47,High
STU04494,Biology,5,2.05,2.05,1.96,46.4,53.5,56.5,2.02,52.8,39.6,45.4,45.2,68.1,35.8,13.9,10.2,4.2,3.08,80.7,2.14,High
STU04495,Mathematics,6,2.01,1.94,2.1,91.6,88.2,98.0,2.31,75.5,74.8,78.7,72.1,71.2,96.6,24.4,16.0,5.2,2.67,71.5,2.1,Low
STU04496,Economics,6,1.62,1.59,1.61,59.2,64.7,53.4,4.11,60.9,58.4,40.2,58.9,58.7,46.5,20.9,11.2,5.6,3.02,79.4,1.84,Medium
STU04497,Mechanical Engineering,2,3.46,3.18,3.18,61.8,63.3,55.3,0.35,75.4,57.4,61.5,57.0,72.1,64.8,21.4,13.2,5.7,2.65,71.2,3.33,Low
STU04498,Business Administration,2,1.81,1.62,1.34,51.6,48.9,29.3,0.0,34.8,9.5,65.6,54.7,31.1,100.0,12.3,6.2,3.7,3.26,84.6,1.88,High
STU04499,Biology,1,0.63,0.94,1.25,50.5,51.7,63.9,4.16,25.5,30.5,20.6,36.0,59.8,48.1,15.2,9.4,3.0,3.08,80.7,0.38,High
STU04500,Mechanical Engineering,6,2.94,2.9,2.83,68.8,58.5,61.5,3.47,64.5,67.1,63.6,53.9,68.5,46.6,21.6,15.3,4.2,2.65,71.2,3.09,Low
STU04501,Mechanical Engineering,6,1.19,1.06,1.2,40.2,43.0,20.5,3.98,2.7,33.5,15.6,24.9,29.5,49.2,13.3,5.1,8.4,2.65,71.2,1.19,High
STU04502,Psychology,6,4.0,4.0,4.0,98.1,94.4,66.7,0.12,100.0,81.7,100.0,99.9,93.7,93.7,21.0,15.2,5.7,2.76,73.7,3.92,Low
STU04503,Mechanical Engineering,6,3.4,3.29,2.98,70.6,77.5,66.0,0.21,65.6,71.2,71.2,59.5,51.9,83.9,12.1,8.6,5.9,2.65,71.2,3.41,Low
STU04504,Business Administration,4,2.57,2.25,2.19,74.0,69.3,43.4,3.07,92.8,90.4,74.1,50.2,71.3,76.4,11.2,3.4,5.4,3.26,84.6,2.69,Medium
STU04505,Business Administration,5,4.0,4.0,3.86,63.5,63.6,80.3,0.54,96.9,95.3,93.8,93.7,100.0,86.4,19.7,22.8,4.0,3.26,84.6,4.0,Low
STU04506,Electrical Engineering,4,3.62,3.61,3.5,77.6,78.3,55.6,2.73,71.0,78.0,74.9,45.9,70.8,78.2,26.6,7.5,1.2,3.07,80.5,3.49,Low
STU04507,Business Administration,4,3.54,3.36,3.04,97.2,91.1,100.0,2.9,66.3,84.7,93.4,100.0,100.0,83.9,26.3,11.5,,3.26,84.6,3.93,Low
STU04508,Psychology,1,2.31,1.99,1.46,51.7,49.7,56.5,3.11,46.9,71.8,65.0,53.6,35.8,41.3,11.3,13.2,0.0,2.76,73.7,2.55,Medium
STU04509,Psychology,5,2.64,2.66,2.96,44.3,53.5,47.7,1.5,57.7,71.6,71.6,55.3,41.9,75.0,15.7,9.1,1.5,2.76,73.7,2.53,Medium
STU04510,Economics,2,4.0,4.0,4.0,70.0,54.9,62.2,0.39,93.7,74.5,73.2,76.4,61.1,88.7,12.9,11.7,9.1,3.02,79.4,4.0,Low
STU04511,Biology,1,0.77,0.82,0.92,45.1,41.7,21.7,,38.7,31.7,62.0,41.5,32.5,26.1,12.0,2.6,0.0,3.08,80.7,0.77,High
STU04512,Mechanical Engineering,5,1.15,1.12,0.93,60.4,56.4,52.6,1.06,47.1,40.9,29.0,36.2,17.8,29.3,20.0,9.0,6.9,2.65,71.2,1.43,Medium
STU04513,Computer Science,8,2.7,2.63,2.83,40.0,44.4,68.1,3.39,58.4,44.6,49.1,48.2,69.3,64.4,9.6,9.5,,3.49,89.8,2.58,Medium
STU04514,Computer Science,7,2.51,2.64,2.88,55.4,67.1,59.6,4.64,48.9,56.4,53.1,56.4,43.0,62.0,,18.9,6.8,3.49,89.8,2.25,Medium
STU04515,Electrical Engineering,6,3.06,2.86,2.76,61.3,50.3,62.6,0.48,88.5,48.6,91.5,76.4,51.6,94.6,19.1,16.5,,3.07,80.5,3.12,Low
STU04516,Electrical Engineering,6,2.1,1.87,1.71,76.8,76.2,76.6,4.11,71.3,47.6,65.5,80.3,74.7,81.0,17.6,17.8,6.8,3.07,80.5,2.25,Medium
STU04517,Mathematics,2,2.57,2.85,2.94,49.2,49.2,62.5,1.77,37.7,68.1,79.5,53.4,62.7,73.8,11.3,11.5,7.7,2.67,71.5,2.49,Low
STU04518,Biology,6,1.31,1.42,1.64,48.8,62.3,52.3,2.04,30.2,83.2,65.8,57.5,63.5,30.8,20.3,11.6,0.0,3.08,80.7,1.18,High
STU04519,Mathematics,7,2.6,2.48,2.4,61.0,60.8,52.2,1.75,47.9,55.8,45.3,57.9,58.1,62.1,11.7,13.0,0.0,2.67,71.5,2.57,Medium
STU04520,Psychology,6,2.5,2.5,2.38,34.7,40.0,43.9,0.51,59.1,63.2,20.0,51.5,57.9,48.5,14.4,14.5,4.1,2.76,73.7,2.62,Medium
STU04521,Electrical Engineering,2,3.57,3.51,3.46,73.5,71.2,86.1,0.0,69.7,86.2,92.8,70.8,80.4,100.0,25.2,15.6,2.5,3.07,80.5,3.64,Low
STU04522,Biology,5,1.57,1.57,1.56,33.4,42.0,28.8,2.12,49.0,22.7,37.5,33.1,11.3,58.5,0.0,5.8,7.8,3.08,80.7,1.64,High
STU04523,Psychology,4,2.37,2.08,2.18,62.7,54.3,46.0,2.31,62.7,54.6,68.2,55.6,54.5,52.8,12.0,10.0,2.7,2.76,73.7,2.61,Medium
STU04524,Biology,7,2.11,2.18,2.14,67.0,65.5,67.7,4.06,54.6,39.7,63.5,80.9,89.0,59.3,10.1,16.9,7.0,3.08,80.7,2.32,Medium
STU04525,Business Administration,4,2.71,2.71,2.89,88.2,88.9,67.3,1.21,63.1,55.3,68.0,61.5,58.1,70.4,23.0,8.8,6.1,3.26,84.6,2.49,Low
STU04526,Electrical Engineering,1,2.16,2.06,2.0,49.7,55.8,40.3,5.12,40.4,34.0,58.7,38.0,62.8,58.0,12.4,12.6,8.0,3.07,80.5,2.2,High
STU04527,Mathematics,5,1.68,1.64,1.5,43.6,30.0,62.9,3.02,45.0,42.5,47.1,60.6,44.7,42.2,11.7,6.4,0.0,2.67,71.5,1.72,Medium
STU04528,Electrical Engineering,8,1.8,1.67,1.74,48.0,48.9,63.3,2.69,37.6,62.2,45.2,56.7,62.0,48.6,5.9,9.0,0.0,3.07,80.5,1.76,High
STU04529,Mathematics,1,3.28,3.0,2.93,83.5,79.6,66.3,2.5,66.0,73.6,66.4,69.4,66.0,63.9,22.3,10.0,7.5,2.67,71.5,3.44,Low
STU04530,Biology,8,1.92,1.85,1.67,69.5,72.0,59.8,5.25,54.7,41.3,45.8,55.1,67.3,55.7,13.2,7.6,8.7,3.08,80.7,2.0,Medium
STU04531,Electrical Engineering,2,1.87,1.84,1.93,56.7,51.7,65.2,2.53,66.6,72.6,58.8,65.8,73.7,77.8,12.4,6.6,2.2,3.07,80.5,2.23,Medium
STU04532,Mathematics,5,3.69,3.94,3.9,98.8,100.0,94.5,0.55,99.8,99.8,91.9,99.5,100.0,100.0,17.7,22.7,4.6,2.67,71.5,3.74,Low
STU04533,Psychology,8,2.47,2.52,2.2,82.9,74.7,51.8,0.62,70.2,75.5,63.4,68.4,64.3,67.7,13.3,12.8,0.0,2.76,73.7,2.66,Medium
STU04534,Mechanical Engineering,6,1.35,1.44,1.16,37.6,45.2,37.7,4.09,45.9,28.2,44.8,48.5,53.3,43.7,11.1,3.6,3.7,2.65,71.2,1.29,High
STU04535,Psychology,3,2.58,3.03,3.34,85.4,88.7,100.0,0.6,88.5,100.0,100.0,97.6,87.0,77.2,20.8,11.9,3.4,2.76,73.7,2.33,Medium
STU04536,Psychology,8,2.0,1.78,1.67,51.1,47.4,37.1,3.64,34.4,37.3,18.6,14.6,45.3,33.3,1.7,9.9,7.4,2.76,73.7,2.08,High
STU04537,Mathematics,5,2.56,2.85,2.73,65.4,53.6,35.8,2.19,70.5,70.6,50.4,67.7,97.7,50.5,13.5,6.3,8.8,2.67,71.5,2.33,Medium
STU04538,Mechanical Engineering,2,1.64,1.75,1.78,37.8,43.3,38.7,0.46,49.3,31.0,71.8,39.6,69.5,46.9,13.8,6.3,,2.65,71.2,1.51,Medium
STU04539,Economics,7,1.64,1.72,1.52,33.7,30.2,38.7,5.53,37.0,42.9,30.9,41.8,39.9,35.0,18.4,16.6,4.9,3.02,79.4,1.74,Medium
STU04540,Business Administration,8,2.23,2.12,2.13,80.4,68.8,17.5,1.04,29.7,49.2,53.4,61.1,36.6,35.2,16.7,11.8,2.1,3.26,84.6,2.25,Medium
STU04541,Electrical Engineering,5,2.58,2.48,2.26,71.0,71.2,95.5,0.0,70.9,71.1,78.6,72.0,62.8,67.1,14.7,16.1,3.1,3.07,80.5,2.81,Low
STU04542,Mechanical Engineering,1,2.97,2.74,2.23,79.6,71.1,49.1,0.0,79.1,81.9,77.2,83.8,85.2,80.6,18.0,13.8,10.4,2.65,71.2,3.26,Low
STU04543,Psychology,3,1.81,1.67,1.46,62.2,62.4,33.1,4.91,57.2,46.2,50.3,56.9,44.4,38.7,11.3,11.2,7.3,2.76,73.7,1.8,Medium
STU04544,Biology,2,3.48,3.65,3.71,92.9,80.2,61.6,0.89,86.3,75.4,79.2,79.0,79.8,83.9,22.3,10.6,1.7,3.08,80.7,3.49,Low
STU04545,Electrical Engineering,8,2.97,2.78,2.81,92.9,77.8,55.3,2.63,58.7,58.3,82.0,57.8,64.8,67.0,17.7,18.8,0.6,3.07,80.5,2.91,Low
STU04546,Mathematics,3,3.03,2.96,2.87,74.9,71.2,100.0,1.25,84.7,98.5,85.4,96.8,81.4,91.6,21.4,14.2,3.9,2.67,71.5,2.77,Low
STU04547,Business Administration,8,4.0,4.0,4.0,89.9,80.9,100.0,0.0,80.7,88.1,84.7,76.8,100.0,100.0,32.2,12.1,,3.26,84.6,3.97,Low
STU04548,Biology,5,3.2,3.18,3.26,87.1,82.7,100.0,2.37,80.4,81.4,83.3,85.3,75.7,76.2,17.9,14.6,2.6,3.08,80.7,3.32,Low
STU04549,Mechanical Engineering,1,0.79,1.09,1.48,52.0,51.9,62.0,0.0,73.8,29.9,72.7,53.6,36.1,54.9,8.8,14.2,4.7,2.65,71.2,0.52,High
STU04550,Mathematics,6,1.97,2.18,2.65,32.7,34.6,55.6,0.63,60.3,51.6,49.6,41.1,52.9,42.7,17.0,11.2,4.1,2.67,71.5,1.71,High
STU04551,Business Administration,1,1.97,1.83,1.39,28.9,30.0,31.2,1.1,55.8,26.2,39.0,37.2,26.5,13.0,14.4,5.1,11.1,3.26,84.6,2.12,High
STU04552,Mechanical Engineering,8,2.04,2.21,2.28,57.7,65.5,66.9,0.49,79.4,54.8,83.4,75.9,83.5,81.4,22.8,11.1,5.5,2.65,71.2,2.03,Medium
STU04553,Computer Science,7,3.93,3.82,3.75,100.0,100.0,55.9,0.0,77.3,82.0,93.2,86.5,78.0,98.7,14.9,7.0,7.6,3.49,89.8,4.0,Low
STU04554,Mechanical Engineering,4,2.3,2.22,2.12,29.9,39.0,68.0,2.6,52.8,33.8,22.8,44.5,74.3,46.7,13.2,9.4,8.0,2.65,71.2,2.45,Medium
STU04555,Business Administration,3,3.2,2.65,2.53,84.5,76.6,73.2,2.29,69.8,89.0,66.5,69.4,73.9,58.8,20.3,10.1,3.7,3.26,84.6,3.14,Low
STU04556,Mathematics,6,3.61,3.39,3.11,64.3,65.3,93.8,,87.7,69.5,78.1,76.4,70.7,63.8,15.1,11.7,1.5,2.67,71.5,3.92,Low
STU04557,Computer Science,7,1.4,1.19,1.28,34.4,30.0,38.1,3.17,19.2,33.9,50.5,30.5,58.6,32.5,5.0,5.1,0.0,3.49,89.8,1.4,High
STU04558,Psychology,5,2.89,2.54,2.35,41.2,45.1,69.1,3.99,45.8,53.2,54.9,57.3,48.2,56.5,7.3,9.9,1.4,2.76,73.7,2.88,Low
STU04559,Business Administration,7,0.82,1.21,1.57,36.4,38.9,18.9,3.06,33.2,40.7,43.0,34.8,40.5,53.0,20.4,13.1,8.2,3.26,84.6,0.58,High
STU04560,Mechanical Engineering,8,3.22,3.28,2.89,67.9,67.5,49.8,2.06,63.0,49.0,78.0,73.2,84.8,57.7,15.0,22.0,4.0,2.65,71.2,3.42,Low
STU04561,Biology,4,2.86,2.4,2.2,61.5,56.8,39.2,4.99,48.8,42.9,57.1,47.0,28.7,60.4,16.0,10.5,5.7,3.08,80.7,3.06,Low
STU04562,Electrical Engineering,1,3.03,2.88,2.57,47.6,48.8,36.9,2.71,54.3,47.3,52.7,51.7,52.3,54.5,23.9,5.4,9.5,3.07,80.5,3.31,Low
STU04563,Psychology,8,3.76,3.59,3.23,57.1,52.3,74.3,0.85,72.6,55.0,61.5,52.7,72.7,62.5,16.7,11.6,1.1,2.76,73.7,4.0,Low
STU04564,Mathematics,3,1.8,1.77,1.79,39.4,42.9,57.9,5.15,50.4,53.4,49.9,47.2,59.1,54.9,24.1,6.5,0.9,2.67,71.5,1.78,Medium
STU04565,Mechanical Engineering,3,2.05,2.23,2.16,53.0,53.7,50.6,3.57,38.8,63.0,38.5,23.6,63.6,57.9,12.0,5.2,6.6,2.65,71.2,2.11,Medium
STU04566,Mechanical Engineering,3,2.01,2.22,2.67,89.7,74.6,86.6,0.17,98.1,38.9,100.0,63.4,52.9,92.6,29.9,15.2,4.3,2.65,71.2,1.85,Medium
STU04567,Biology,1,2.44,2.43,2.39,53.4,45.2,40.9,0.83,67.7,74.1,48.5,28.4,62.7,80.0,10.9,16.4,3.2,3.08,80.7,2.6,Medium
STU04568,Computer Science,5,1.63,1.77,1.91,69.6,78.1,70.7,0.0,56.0,60.6,63.8,61.7,58.9,70.9,13.3,8.5,4.4,3.49,89.8,1.49,High
STU04569,Mechanical Engineering,2,2.37,2.24,2.45,55.0,61.0,51.4,2.83,53.7,56.1,51.0,54.2,53.1,54.5,11.9,8.8,6.4,2.65,71.2,2.27,Medium
STU04570,Electrical Engineering,3,4.0,4.0,3.77,100.0,100.0,89.5,2.79,97.3,94.5,88.8,96.0,99.3,90.0,28.0,13.5,2.5,3.07,80.5,4.0,Low
STU04571,Computer Science,3,2.32,2.41,2.64,56.7,54.0,64.4,2.25,67.9,61.1,57.4,41.3,54.2,65.4,21.5,6.3,8.8,3.49,89.8,2.25,Medium
STU04572,Computer Science,4,2.42,2.34,2.22,68.9,58.9,67.0,3.22,34.9,48.0,32.2,46.1,46.6,52.1,16.5,7.4,8.2,3.49,89.8,2.23,Medium
STU04573,Computer Science,2,3.12,3.3,3.33,87.6,76.4,60.6,1.77,79.0,86.7,80.6,79.5,84.8,85.8,,15.1,,3.49,89.8,3.06,Low
STU04574,Computer Science,4,2.95,2.65,2.75,76.3,65.9,54.3,1.79,61.3,78.2,85.6,29.3,90.1,100.0,10.9,5.8,0.0,3.49,89.8,2.87,Medium
STU04575,Business Administration,5,2.35,2.3,2.35,73.2,66.6,51.6,2.26,51.8,57.1,54.5,66.4,49.2,55.0,10.0,10.3,5.8,3.26,84.6,2.46,Medium
STU04576,Psychology,7,3.79,3.78,3.78,83.5,100.0,100.0,0.56,100.0,97.9,84.1,81.8,100.0,100.0,20.4,19.1,2.9,2.76,73.7,3.72,Low
STU04577,Electrical Engineering,5,2.02,1.88,1.95,69.4,63.8,69.5,0.77,66.9,66.6,81.4,67.4,67.1,62.4,12.9,7.5,,3.07,80.5,2.1,Medium
STU04578,Mechanical Engineering,1,1.63,1.51,1.57,30.0,30.0,16.0,3.71,60.6,31.0,50.8,22.1,37.9,23.4,8.6,3.8,7.0,2.65,71.2,1.51,High
STU04579,Electrical Engineering,7,1.57,1.7,1.87,49.3,56.9,58.0,3.82,43.0,66.8,69.2,84.2,66.1,67.6,18.7,0.0,6.2,3.07,80.5,1.5,High
STU04580,Mathematics,4,1.55,1.92,2.18,58.1,65.5,67.0,3.81,58.2,59.1,46.9,60.5,41.3,59.7,20.9,10.3,7.4,2.67,71.5,1.27,High
STU04581,Business Administration,3,4.0,3.64,3.45,98.4,88.7,70.2,0.7,100.0,100.0,100.0,100.0,100.0,99.2,28.3,11.0,3.1,3.26,84.6,4.0,Low
STU04582,Business Administration,3,3.91,3.97,3.67,75.2,84.0,95.3,,92.1,85.6,93.0,88.4,94.0,89.6,21.4,16.3,6.6,3.26,84.6,3.84,Low
STU04583,Economics,6,2.2,2.12,1.79,53.7,54.9,84.3,1.48,81.3,78.8,75.6,84.8,83.2,77.1,26.3,13.7,5.7,3.02,79.4,2.05,Medium
STU04584,Biology,1,2.81,2.67,2.52,66.0,56.6,89.8,1.35,71.7,76.2,81.8,48.6,76.7,100.0,14.3,13.1,2.7,3.08,80.7,2.95,Low
STU04585,Psychology,6,1.55,1.32,1.21,35.8,33.3,53.7,5.69,31.3,32.9,32.0,37.1,33.2,39.5,9.7,11.4,6.7,2.76,73.7,1.61,High
STU04586,Electrical Engineering,6,3.14,3.0,3.11,74.8,78.8,34.1,0.49,69.0,66.0,61.5,68.9,65.6,71.4,17.3,16.0,7.6,3.07,80.5,3.18,Low
STU04587,Psychology,1,1.71,1.55,1.61,43.9,54.5,31.6,5.82,55.5,62.1,56.7,51.5,51.1,53.7,13.4,13.1,5.0,2.76,73.7,1.65,High
STU04588,Electrical Engineering,8,2.49,2.72,2.69,39.9,53.1,49.0,1.1,66.4,71.8,79.8,62.4,42.1,45.9,22.6,8.2,7.9,3.07,80.5,2.28,Medium
STU04589,Computer Science,8,3.29,3.37,3.3,67.7,63.0,73.2,1.15,64.6,37.2,75.5,60.2,80.5,89.6,15.8,12.3,4.0,3.49,89.8,3.45,Low
STU04590,Mechanical Engineering,8,1.47,1.54,1.88,58.8,59.6,47.3,3.41,43.0,20.9,65.2,38.7,61.1,61.4,21.5,10.7,3.6,2.65,71.2,1.39,Medium
STU04591,Biology,2,1.84,1.75,1.81,53.3,59.0,21.8,2.84,56.5,79.8,61.0,68.3,70.5,69.4,21.1,14.6,0.0,3.08,80.7,1.81,High
STU04592,Computer Science,7,2.34,2.59,2.78,72.1,75.6,77.5,1.82,50.4,89.9,86.4,85.1,65.7,75.3,8.1,7.0,0.0,3.49,89.8,2.36,Medium
STU04593,Computer Science,2,3.22,3.0,2.99,52.1,58.1,72.9,1.07,57.8,50.5,55.7,66.1,68.1,35.6,15.5,12.4,3.0,3.49,89.8,3.15,Low
STU04594,Electrical Engineering,7,2.7,2.75,2.55,54.1,58.4,98.2,2.06,72.6,73.8,85.3,77.5,72.2,64.3,11.8,12.8,10.5,3.07,80.5,2.81,Medium
STU04595,Business Administration,6,0.35,0.87,1.32,37.1,45.0,54.7,2.02,45.3,68.6,46.6,37.1,50.5,47.4,13.2,8.6,0.0,3.26,84.6,0.16,High
STU04596,Mechanical Engineering,1,2.93,2.83,2.58,69.3,67.9,39.3,2.13,59.8,59.0,55.8,61.4,56.7,53.7,16.2,7.3,5.2,2.65,71.2,2.91,Low
STU04597,Mechanical Engineering,7,2.84,2.32,2.2,57.1,52.1,20.0,3.01,50.8,29.8,44.4,47.4,32.3,38.8,13.4,8.8,3.7,2.65,71.2,3.37,Low
STU04598,Electrical Engineering,1,2.48,2.59,2.8,100.0,90.9,63.9,2.35,76.8,77.0,74.6,70.8,76.4,77.7,12.4,21.5,5.3,3.07,80.5,2.39,Low
STU04599,Mathematics,4,2.72,3.06,3.39,73.4,87.5,79.3,3.18,80.1,61.0,84.9,92.3,81.2,71.2,13.5,13.6,6.7,2.67,71.5,2.68,Low
STU04600,Biology,1,1.07,0.9,0.91,23.4,30.0,34.0,3.65,7.0,1.7,7.9,17.2,0.0,11.4,0.0,3.6,,3.08,80.7,1.26,High
STU04601,Computer Science,1,3.49,3.64,3.93,81.7,95.0,75.5,,98.1,98.5,96.2,87.6,100.0,100.0,16.0,5.1,13.2,3.49,89.8,3.19,Low
STU04602,Mathematics,3,0.95,1.03,1.28,26.2,30.0,10.0,,16.7,47.2,22.4,32.4,28.3,19.0,13.0,0.9,,2.67,71.5,0.86,High
STU04603,Electrical Engineering,1,2.44,2.45,2.33,75.8,77.1,58.9,3.26,44.6,74.5,67.9,54.8,45.6,73.2,9.3,2.2,8.5,3.07,80.5,2.55,Medium
STU04604,Economics,3,3.0,3.03,2.47,65.4,54.3,21.6,0.54,74.3,69.7,54.1,66.5,63.0,60.3,16.4,11.7,1.0,3.02,79.4,3.41,Low
STU04605,Economics,3,3.02,3.0,3.07,68.7,70.7,87.3,0.0,76.3,86.0,72.9,81.1,76.7,83.6,27.5,16.8,6.9,3.02,79.4,2.98,Low
STU04606,Economics,6,2.12,2.09,2.21,44.6,44.3,65.7,,63.4,56.7,62.4,64.3,59.2,57.6,16.7,14.0,5.1,3.02,79.4,2.08,Medium
STU04607,Business Administration,2,2.91,2.99,2.82,100.0,100.0,92.6,0.0,81.8,80.4,79.1,80.7,82.8,72.8,21.4,10.1,6.3,3.26,84.6,2.94,Low
STU04608,Biology,8,2.46,2.53,2.56,71.1,75.9,80.5,0.0,70.5,68.0,67.3,80.0,79.2,63.2,16.7,8.6,3.0,3.08,80.7,2.5,Low
STU04609,Business Administration,6,2.28,2.51,2.51,52.6,57.8,64.6,1.85,60.5,73.6,49.0,71.6,60.2,56.6,9.9,8.3,5.4,3.26,84.6,2.19,Medium
STU04610,Psychology,6,3.97,3.74,3.51,91.8,99.6,100.0,0.0,100.0,100.0,78.9,100.0,90.9,95.4,24.4,13.1,7.2,2.76,73.7,3.93,Low
STU04611,Business Administration,6,1.61,1.8,1.88,63.4,64.4,61.4,,73.4,74.3,71.3,58.7,56.0,57.8,5.1,10.2,4.7,3.26,84.6,1.44,High
STU04612,Mechanical Engineering,8,2.85,2.84,3.17,64.1,62.2,70.4,3.96,71.4,59.6,72.6,64.4,71.9,71.4,30.2,15.9,8.6,2.65,71.2,2.78,Low
STU04613,Electrical Engineering,2,1.62,1.57,1.57,78.9,67.5,43.3,0.0,90.2,95.1,85.5,68.5,48.4,73.5,17.8,19.0,3.9,3.07,80.5,1.85,Medium
STU04614,Mechanical Engineering,8,2.52,2.51,2.51,41.3,45.9,69.6,1.82,40.2,54.4,57.9,58.5,42.2,73.2,16.0,14.6,3.3,2.65,71.2,2.51,Medium
STU04615,Mathematics,6,2.66,2.22,2.09,46.4,53.6,87.4,2.1,53.7,59.6,63.0,71.3,65.1,55.9,6.8,12.7,9.3,2.67,71.5,2.78,Medium
STU04616,Business Administration,6,2.91,3.13,3.31,54.2,58.5,54.9,0.0,87.6,69.4,95.6,52.7,99.0,79.4,19.4,18.3,9.3,3.26,84.6,2.6,Low
STU04617,Business Administration,2,2.25,2.08,1.81,48.6,48.3,70.4,2.82,70.0,25.8,58.6,59.6,73.9,48.7,12.3,8.8,3.8,3.26,84.6,2.26,Medium
STU04618,Computer Science,2,2.8,2.61,2.36,62.2,66.7,69.7,2.87,44.2,56.5,70.9,48.2,71.9,64.8,14.4,12.5,8.6,3.49,89.8,2.86,Low
STU04619,Business Administration,4,3.55,3.44,3.77,76.6,88.9,72.7,2.93,89.0,87.9,95.9,93.0,91.6,93.4,24.0,20.0,5.0,3.26,84.6,3.6,Low
STU04620,Economics,2,3.98,3.68,3.7,83.6,80.5,81.6,2.79,75.8,82.2,82.3,80.4,80.6,89.7,18.7,18.5,4.9,3.02,79.4,4.0,Low
STU04621,Mechanical Engineering,4,2.29,2.32,2.37,65.4,61.0,51.3,4.45,60.8,48.4,65.5,55.6,54.7,67.8,14.8,8.7,3.5,2.65,71.2,2.11,Medium
STU04622,Economics,7,2.99,3.03,3.37,62.5,67.0,18.7,2.77,69.4,69.1,72.6,70.6,69.5,69.4,8.7,8.1,1.7,3.02,79.4,2.95,Medium
STU04623,Biology,6,4.0,4.0,4.0,100.0,100.0,100.0,0.85,100.0,90.5,83.9,95.8,100.0,81.4,13.9,15.1,7.3,3.08,80.7,4.0,Low
STU04624,Mathematics,7,2.99,2.77,2.73,56.8,57.3,65.0,0.58,49.9,90.1,65.4,67.2,64.8,87.2,22.0,15.1,9.5,2.67,71.5,3.2,Low
STU04625,Business Administration,4,1.74,2.01,2.01,23.7,35.8,53.2,3.31,35.5,29.5,65.8,56.1,69.0,30.9,13.0,12.4,10.4,3.26,84.6,1.71,High
STU04626,Electrical Engineering,8,2.1,2.09,2.04,59.7,53.2,44.8,1.0,61.5,57.8,40.6,46.6,52.8,61.9,,8.1,3.3,3.07,80.5,2.3,Medium
STU04627,Electrical Engineering,6,3.21,3.37,3.5,54.6,68.0,100.0,2.15,97.4,95.2,93.2,93.5,91.8,93.6,21.1,19.5,4.9,3.07,80.5,3.22,Low
STU04628,Economics,7,2.47,2.34,2.33,74.6,76.3,54.5,2.21,70.6,76.7,68.9,59.3,71.3,71.2,18.8,9.9,11.6,3.02,79.4,2.5,Medium
STU04629,Biology,3,3.91,3.47,3.25,68.2,64.2,63.8,1.04,75.1,76.8,64.2,74.1,66.9,55.3,20.1,18.0,5.7,3.08,80.7,4.0,Low
STU04630,Biology,3,1.79,1.88,1.87,84.2,76.7,64.1,0.44,43.5,60.0,56.8,62.7,59.8,48.1,16.2,5.3,6.9,3.08,80.7,1.76,Medium
STU04631,Computer Science,8,2.22,2.54,2.73,61.0,63.1,74.2,2.4,73.4,89.4,96.8,87.0,78.7,53.8,18.4,9.6,6.0,3.49,89.8,2.26,Medium
STU04632,Mathematics,3,3.12,3.31,3.15,73.8,68.3,63.9,1.94,73.9,96.3,100.0,75.7,100.0,72.1,10.8,15.4,7.5,2.67,71.5,3.14,Low
STU04633,Mechanical Engineering,6,3.22,2.81,2.55,70.8,67.4,41.3,1.96,73.9,68.9,70.8,73.5,68.9,64.9,25.1,14.0,,2.65,71.2,3.46,Low
STU04634,Electrical Engineering,4,3.53,2.94,3.06,97.7,93.9,77.4,0.0,98.4,68.0,100.0,94.3,100.0,86.0,15.6,16.3,6.4,3.07,80.5,3.52,Low
STU04635,Electrical Engineering,4,3.46,3.32,3.58,95.3,92.1,91.4,,72.2,87.1,77.9,79.2,67.5,69.1,10.7,9.9,3.3,3.07,80.5,3.67,Low
STU04636,Business Administration,2,2.5,2.27,1.99,54.4,55.4,64.7,5.73,77.6,58.1,58.1,35.0,33.9,81.3,12.4,10.0,4.1,3.26,84.6,2.58,Medium
STU04637,Mechanical Engineering,1,2.55,2.44,2.38,33.0,33.5,29.1,1.82,76.2,49.9,59.4,48.0,39.2,43.6,3.8,1.7,4.2,2.65,71.2,2.56,Medium
STU04638,Computer Science,8,3.66,3.16,2.85,37.8,33.0,65.5,3.86,46.0,48.2,50.1,52.3,52.2,46.1,11.2,8.0,1.6,3.49,89.8,3.96,Low
STU04639,Business Administration,1,3.1,2.99,3.27,60.8,66.5,60.8,0.82,62.4,68.2,52.3,66.9,88.1,73.8,14.5,16.5,9.3,3.26,84.6,2.91,Low
STU04640,Electrical Engineering,2,2.84,2.74,2.43,64.6,64.4,36.9,3.78,47.5,46.6,51.6,48.3,50.5,58.7,13.6,11.5,4.5,3.07,80.5,2.89,Low
STU04641,Computer Science,4,3.31,2.83,2.8,67.5,60.0,76.1,1.73,72.3,78.4,75.7,73.1,75.8,85.9,17.8,7.8,0.0,3.49,89.8,3.49,Low
STU04642,Computer Science,7,3.61,3.72,4.0,78.2,86.4,100.0,1.09,89.6,80.9,93.3,97.5,96.2,91.0,15.7,12.2,4.4,3.49,89.8,3.37,Low
STU04643,Computer Science,8,2.99,3.03,3.18,92.3,98.6,68.1,1.88,85.1,67.4,48.9,75.0,77.8,85.4,14.6,20.7,4.9,3.49,89.8,3.01,Low
STU04644,Computer Science,8,3.38,3.23,3.18,92.7,90.0,79.8,,67.0,80.9,60.9,81.8,83.8,75.6,25.8,8.9,5.7,3.49,89.8,3.52,Low
STU04645,Economics,4,2.9,2.9,2.69,60.4,59.2,57.8,0.0,64.8,57.3,69.3,79.0,62.2,68.4,13.9,15.9,4.2,3.02,79.4,2.99,Low
STU04646,Mechanical Engineering,3,4.0,4.0,4.0,98.9,96.9,90.5,0.14,92.6,98.5,72.3,96.9,100.0,100.0,25.5,8.7,10.0,2.65,71.2,4.0,Low
STU04647,Business Administration,1,3.66,3.66,3.67,48.0,59.9,92.2,0.54,94.2,82.6,89.3,73.5,90.3,82.3,18.4,14.6,2.8,3.26,84.6,3.81,Low
STU04648,Biology,2,3.52,3.09,3.16,84.0,86.0,52.1,0.0,83.2,88.8,86.0,95.9,89.7,100.0,18.5,12.6,8.2,3.08,80.7,3.64,Low
STU04649,Electrical Engineering,3,3.54,3.52,3.24,71.6,73.8,65.4,4.38,61.3,58.9,54.8,59.6,54.1,58.3,,8.6,10.7,3.07,80.5,3.73,Low
STU04650,Mechanical Engineering,2,2.3,2.45,2.61,61.9,78.6,78.4,0.12,69.0,72.1,81.5,64.1,80.7,62.8,13.3,9.4,,2.65,71.2,2.16,Medium
STU04651,Biology,7,2.36,2.48,2.53,49.7,67.5,73.6,2.38,61.3,52.6,60.8,80.6,66.6,53.3,19.9,14.5,8.9,3.08,80.7,2.23,Medium
STU04652,Mathematics,7,3.4,3.15,3.02,94.9,93.9,100.0,0.0,97.0,86.6,87.6,80.0,98.1,83.8,21.8,13.6,2.4,2.67,71.5,3.44,Low
STU04653,Business Administration,3,2.26,2.33,2.38,52.2,54.7,81.8,0.0,90.1,72.3,41.1,100.0,81.4,73.8,18.3,13.2,3.5,3.26,84.6,2.17,Medium
STU04654,Economics,3,1.47,1.56,1.73,27.1,30.0,44.5,4.8,49.8,45.7,44.1,47.4,48.3,35.2,12.2,10.4,4.3,3.02,79.4,1.35,High
STU04655,Economics,5,3.72,3.58,3.27,92.9,83.7,50.1,0.79,76.3,63.5,81.9,79.7,72.9,57.8,20.8,14.3,1.1,3.02,79.4,3.82,Low
STU04656,Business Administration,1,1.72,1.43,1.2,53.6,59.8,63.7,2.55,41.3,55.0,55.4,62.2,39.4,45.3,6.3,9.0,8.7,3.26,84.6,1.82,High
STU04657,Mechanical Engineering,1,1.98,1.89,1.89,72.5,63.9,37.7,2.84,38.2,10.9,28.6,48.1,43.7,69.9,4.4,16.3,5.8,2.65,71.2,2.2,Medium
STU04658,Electrical Engineering,7,2.86,2.8,2.88,43.1,51.8,68.4,1.08,47.5,65.2,85.8,62.4,46.6,49.8,18.1,12.3,4.0,3.07,80.5,2.61,Medium
STU04659,Psychology,4,3.09,2.93,2.77,69.1,65.9,53.3,0.0,96.2,92.4,48.3,94.4,65.8,75.6,18.4,8.3,3.8,2.76,73.7,3.23,Low
STU04660,Mathematics,1,2.79,2.51,2.06,59.1,63.3,32.8,0.95,23.9,89.2,43.0,43.5,70.7,31.9,13.7,2.0,4.1,2.67,71.5,3.16,Medium
STU04661,Biology,4,3.87,3.97,4.0,77.2,72.9,100.0,1.35,95.1,95.2,94.5,96.5,96.5,99.8,22.3,10.8,8.9,3.08,80.7,3.77,Low
STU04662,Business Administration,5,4.0,3.56,3.06,100.0,91.5,63.5,0.95,71.5,75.5,63.6,80.7,69.8,74.2,23.1,13.3,8.4,3.26,84.6,4.0,Low
STU04663,Mechanical Engineering,1,2.62,2.46,2.44,66.8,68.9,74.1,2.95,52.1,24.3,48.4,50.8,78.1,40.6,21.9,12.9,7.4,2.65,71.2,2.55,Low
STU04664,Computer Science,6,2.64,2.8,3.26,100.0,100.0,95.7,1.61,100.0,91.6,93.8,100.0,100.0,99.0,24.1,12.7,3.3,3.49,89.8,2.33,Low
STU04665,Mechanical Engineering,7,2.11,2.1,2.24,99.6,90.3,60.5,0.69,79.1,71.9,90.6,67.6,62.4,64.0,17.2,7.8,3.7,2.65,71.2,1.99,Low
STU04666,Mathematics,8,2.41,2.07,2.0,31.9,35.9,47.1,3.36,57.3,51.6,44.8,67.7,48.4,59.1,10.9,12.5,7.1,2.67,71.5,2.49,Medium
STU04667,Computer Science,2,2.27,2.5,2.43,53.5,49.5,57.7,0.91,63.6,56.2,47.1,55.3,64.0,48.8,1.0,10.4,0.8,3.49,89.8,2.21,Medium
STU04668,Economics,8,2.92,2.78,2.75,89.9,100.0,100.0,1.77,82.8,88.9,93.0,74.8,82.4,86.3,31.3,14.7,4.0,3.02,79.4,2.9,Low
STU04669,Economics,3,1.84,1.73,1.49,48.7,55.6,51.8,0.29,50.5,39.8,57.0,55.5,53.2,81.7,21.8,12.0,2.0,3.02,79.4,2.08,Medium
STU04670,Mechanical Engineering,1,1.17,1.13,0.95,40.5,44.3,48.2,2.03,46.1,39.5,49.6,46.5,41.6,33.8,7.0,14.7,1.2,2.65,71.2,1.15,High
STU04671,Biology,8,3.48,2.88,3.06,63.6,66.5,82.2,1.03,59.6,68.7,65.1,77.0,66.4,68.4,18.7,19.2,6.1,3.08,80.7,3.74,Low
STU04672,Electrical Engineering,5,2.3,2.59,2.78,69.4,66.1,56.9,1.48,59.6,81.8,56.3,72.7,75.8,55.4,26.0,8.0,4.7,3.07,80.5,1.98,Medium
STU04673,Computer Science,2,3.19,3.24,3.29,84.6,83.2,96.4,0.0,99.9,92.5,73.3,75.3,79.6,81.0,21.6,12.5,6.2,3.49,89.8,3.29,Low
STU04674,Psychology,5,2.91,2.93,2.71,52.9,56.8,50.6,2.59,55.9,97.9,76.6,91.6,44.3,61.8,23.0,12.4,,2.76,73.7,2.8,Low
STU04675,Psychology,2,1.61,1.69,2.17,27.6,32.9,47.2,2.85,65.8,39.7,52.6,50.8,41.5,53.9,1.9,9.3,0.0,2.76,73.7,1.53,High
STU04676,Computer Science,8,2.22,2.29,2.31,62.9,64.4,71.5,4.34,52.2,57.4,44.1,42.9,41.5,54.3,17.2,3.4,10.2,3.49,89.8,2.1,Medium
STU04677,Mechanical Engineering,1,2.4,2.37,2.43,67.6,69.2,77.2,0.0,84.0,66.4,68.8,69.4,70.1,71.1,16.7,10.4,6.0,2.65,71.2,2.33,Medium
STU04678,Computer Science,3,2.14,2.38,2.36,53.6,59.3,39.3,2.8,44.6,58.6,54.2,42.4,75.6,52.8,18.2,6.7,10.3,3.49,89.8,1.84,Medium
STU04679,Mathematics,5,2.18,2.24,2.67,37.1,46.8,24.3,3.8,41.2,49.9,60.5,55.4,48.6,65.2,14.2,11.1,0.0,2.67,71.5,1.93,High
STU04680,Computer Science,7,2.35,2.17,1.74,50.6,44.9,53.2,1.16,50.7,82.3,26.4,72.1,37.3,76.0,20.7,5.0,6.8,3.49,89.8,2.46,Medium
STU04681,Psychology,2,3.28,2.85,2.81,77.3,76.4,73.6,1.81,59.4,87.3,88.4,100.0,81.4,69.2,12.3,10.9,,2.76,73.7,3.53,Low
STU04682,Mathematics,1,3.16,3.14,3.17,69.1,69.6,100.0,1.07,80.8,96.5,100.0,50.9,78.8,82.8,19.6,12.0,5.9,2.67,71.5,3.33,Low
STU04683,Economics,8,2.63,2.35,2.45,71.9,76.4,61.6,2.21,73.4,74.4,74.3,93.2,76.2,83.6,,13.6,5.0,3.02,79.4,2.86,Low
STU04684,Economics,1,4.0,4.0,4.0,85.0,77.4,74.6,0.0,94.9,76.9,100.0,75.2,100.0,81.1,,16.9,6.4,3.02,79.4,4.0,Low
STU04685,Electrical Engineering,8,2.86,2.74,2.25,60.0,65.0,62.7,1.34,68.4,57.9,77.0,75.5,73.1,82.2,18.6,13.8,7.2,3.07,80.5,3.02,Low
STU04686,Computer Science,2,2.51,2.57,2.77,45.6,52.1,61.8,0.0,57.1,46.3,87.4,59.4,68.2,58.6,13.0,13.5,4.9,3.49,89.8,2.53,Medium
STU04687,Psychology,4,4.0,3.78,3.58,81.8,69.3,83.3,1.32,86.4,82.3,79.9,81.0,76.5,77.1,24.8,22.2,10.6,2.76,73.7,4.0,Low
STU04688,Biology,2,2.33,2.18,2.12,68.7,71.8,61.3,2.73,64.4,69.7,48.9,64.0,61.2,66.8,9.1,7.2,9.3,3.08,80.7,2.18,Medium
STU04689,Biology,2,2.38,2.05,2.19,76.0,78.4,48.8,0.71,65.1,53.7,47.5,56.4,51.4,51.9,21.4,11.4,8.0,3.08,80.7,2.36,Medium
STU04690,Business Administration,3,2.71,2.85,2.54,74.6,75.0,66.7,0.3,58.7,64.8,63.1,61.2,60.8,57.7,15.5,14.2,6.4,3.26,84.6,2.55,Low
STU04691,Psychology,6,3.42,3.06,2.76,100.0,100.0,100.0,1.0,78.2,83.0,85.1,80.0,80.5,85.7,18.8,12.8,1.7,2.76,73.7,3.58,Low
STU04692,Biology,3,3.73,3.29,2.74,41.9,46.9,66.6,1.83,53.0,49.8,50.1,52.7,63.8,85.1,12.2,12.3,2.1,3.08,80.7,4.0,Low
STU04693,Mechanical Engineering,7,3.47,3.85,4.0,100.0,100.0,94.3,0.0,87.3,100.0,100.0,97.4,86.1,94.9,21.3,21.4,7.6,2.65,71.2,3.44,Low
STU04694,Mathematics,6,3.37,3.2,3.02,62.8,56.4,81.0,3.48,74.7,78.8,74.3,66.0,79.1,58.9,15.6,5.4,2.4,2.67,71.5,3.54,Low
STU04695,Business Administration,6,3.54,3.36,3.38,86.1,92.2,80.7,0.0,70.7,83.6,74.1,65.2,80.7,88.7,23.8,16.5,12.2,3.26,84.6,3.78,Low
STU04696,Business Administration,1,3.31,3.15,2.93,57.1,57.5,65.4,2.3,66.5,76.2,62.2,70.9,80.0,45.6,12.2,12.0,0.5,3.26,84.6,3.58,Low
STU04697,Biology,7,1.34,1.57,1.98,56.5,59.8,92.2,4.52,61.2,62.9,63.0,64.6,69.4,60.5,9.6,9.1,4.0,3.08,80.7,1.22,High
STU04698,Mathematics,6,3.16,2.88,2.78,46.9,51.4,73.1,1.6,85.5,50.3,68.4,81.6,32.7,62.9,10.6,12.2,6.7,2.67,71.5,3.21,Low
STU04699,Computer Science,3,3.27,2.9,2.85,69.3,75.4,65.6,0.0,89.2,99.3,83.7,77.1,81.5,100.0,14.6,13.9,2.0,3.49,89.8,3.47,Low
STU04700,Electrical Engineering,6,2.87,2.9,2.89,89.2,78.7,57.2,0.0,74.4,83.6,70.4,68.4,66.5,62.3,15.5,16.3,0.7,3.07,80.5,2.87,Low
STU04701,Mechanical Engineering,5,3.1,3.15,3.1,89.7,80.3,100.0,1.84,59.2,45.8,92.8,85.7,51.4,69.7,16.9,17.2,5.2,2.65,71.2,2.95,Low
STU04702,Psychology,4,1.33,1.35,1.33,51.3,46.9,47.3,3.0,32.6,30.0,42.2,23.7,55.1,34.3,7.8,10.9,6.0,2.76,73.7,1.14,High
STU04703,Computer Science,6,3.54,3.41,3.26,100.0,95.7,89.2,0.54,76.3,80.6,81.9,87.6,90.9,79.8,15.0,17.2,3.1,3.49,89.8,3.77,Low
STU04704,Mathematics,1,3.05,3.01,2.52,39.5,43.8,56.9,1.38,60.1,57.5,56.8,65.8,54.1,54.6,15.7,12.2,7.8,2.67,71.5,3.05,Low
STU04705,Psychology,5,2.11,1.92,1.9,58.3,55.0,65.7,0.25,42.8,56.9,60.3,63.9,39.7,45.1,13.6,8.1,6.7,2.76,73.7,2.25,Medium
STU04706,Business Administration,1,1.92,1.97,1.89,33.0,34.6,26.9,,29.0,18.4,37.8,52.0,34.6,44.0,1.4,6.3,4.3,3.26,84.6,1.95,High
STU04707,Computer Science,6,3.14,3.56,3.63,62.3,69.2,80.0,1.52,81.5,82.9,90.7,77.5,91.7,83.8,23.0,8.6,,3.49,89.8,2.93,Low
STU04708,Psychology,4,1.76,1.62,1.77,67.6,57.8,74.0,1.88,51.3,55.7,49.0,40.2,49.6,61.2,13.6,9.0,6.7,2.76,73.7,1.46,Medium
STU04709,Computer Science,1,2.58,2.74,2.93,83.3,80.6,83.7,4.72,79.1,73.0,68.7,57.5,56.2,86.1,15.6,11.2,,3.49,89.8,2.43,Medium
STU04710,Business Administration,7,1.4,1.08,0.5,46.5,48.7,23.5,,23.8,32.7,22.7,41.1,27.5,31.4,0.0,13.8,4.9,3.26,84.6,1.55,High
STU04711,Economics,4,2.63,2.71,2.67,67.9,72.1,96.9,3.94,77.9,66.7,87.6,88.4,81.0,78.0,27.7,10.1,4.0,3.02,79.4,2.64,Low
STU04712,Mathematics,4,1.65,1.59,1.46,57.2,59.8,51.3,4.4,53.9,46.6,47.5,46.1,40.2,38.5,17.3,8.1,5.4,2.67,71.5,1.73,High
STU04713,Business Administration,4,2.42,2.51,2.59,51.1,58.5,70.7,0.0,73.6,64.8,67.0,67.6,69.8,65.2,14.0,18.8,1.3,3.26,84.6,2.16,Medium
STU04714,Economics,4,2.78,2.63,2.61,67.3,59.8,87.0,2.52,80.2,78.4,51.5,64.8,71.4,92.9,10.6,11.9,8.9,3.02,79.4,2.82,Low
STU04715,Biology,3,2.85,2.61,2.71,81.8,79.6,66.4,3.83,64.0,61.4,70.0,78.5,54.8,69.7,16.8,12.9,4.1,3.08,80.7,3.05,Low
STU04716,Biology,6,3.26,3.37,3.55,76.1,71.7,80.9,0.91,73.7,69.6,79.1,68.8,73.8,70.8,14.6,16.0,3.2,3.08,80.7,3.25,Low
STU04717,Psychology,8,0.0,0.11,0.5,39.0,42.5,46.2,5.01,39.2,30.9,44.2,34.4,39.2,29.1,16.0,5.3,3.8,2.76,73.7,0.0,High
STU04718,Electrical Engineering,5,2.98,2.92,3.03,52.7,59.6,68.9,2.19,100.0,61.3,63.3,49.6,48.4,64.9,17.5,6.9,2.3,3.07,80.5,2.84,Low
STU04719,Mechanical Engineering,8,3.06,3.24,3.18,94.9,88.5,57.5,0.0,54.8,82.8,80.2,87.7,73.8,44.1,11.3,19.9,4.8,2.65,71.2,2.8,Low
STU04720,Computer Science,5,2.4,2.45,2.57,100.0,93.3,70.6,1.96,94.8,100.0,77.7,81.3,62.9,87.9,17.1,15.9,,3.49,89.8,2.43,Low
STU04721,Economics,5,1.62,1.86,2.16,35.9,30.9,52.3,2.88,62.0,36.9,43.5,39.6,70.3,55.1,17.1,11.8,3.5,3.02,79.4,1.52,High
STU04722,Psychology,2,3.71,3.72,3.79,100.0,100.0,90.2,0.94,72.7,78.9,100.0,79.6,90.9,88.0,19.4,16.7,0.0,2.76,73.7,3.58,Low
STU04723,Computer Science,1,2.59,2.5,2.46,37.0,44.8,66.0,0.55,50.5,60.7,46.4,53.3,86.3,59.4,21.3,14.5,3.0,3.49,89.8,2.63,Medium
STU04724,Biology,8,2.75,2.83,2.85,59.7,51.6,64.4,0.56,60.4,69.8,71.0,71.8,68.0,60.5,12.6,4.7,10.8,3.08,80.7,2.73,Low
STU04725,Business Administration,3,3.07,3.05,3.14,91.2,87.0,100.0,1.17,100.0,74.5,75.4,99.9,87.6,87.9,23.2,15.6,0.2,3.26,84.6,2.92,Low
STU04726,Computer Science,5,4.0,3.54,2.94,45.5,53.3,55.6,0.74,91.2,96.5,60.9,62.1,75.0,83.7,20.2,14.3,5.5,3.49,89.8,4.0,Low
STU04727,Psychology,8,1.31,1.26,1.35,35.1,35.4,52.5,4.95,14.3,20.1,31.6,40.8,26.1,21.0,8.8,6.3,0.0,2.76,73.7,1.28,High
STU04728,Mathematics,1,2.55,2.75,3.15,72.0,77.5,69.6,3.49,60.2,75.9,64.3,68.7,47.7,54.0,19.7,18.2,5.0,2.67,71.5,2.43,Medium
STU04729,Electrical Engineering,5,3.68,3.83,3.71,86.2,92.2,68.9,0.58,81.1,100.0,100.0,100.0,100.0,100.0,23.8,16.1,2.1,3.07,80.5,3.65,Low
STU04730,Biology,4,3.05,3.16,3.26,51.3,59.2,100.0,0.23,80.2,94.9,83.7,97.0,44.4,62.8,18.1,8.0,3.9,3.08,80.7,2.89,Low
STU04731,Mathematics,5,1.89,1.61,1.49,40.8,36.5,51.3,5.63,52.7,50.0,24.0,68.3,67.4,39.9,21.8,9.4,5.6,2.67,71.5,1.99,Medium
STU04732,Computer Science,7,3.93,3.74,3.73,91.6,100.0,100.0,,100.0,100.0,100.0,82.2,74.6,99.1,24.0,15.0,4.4,3.49,89.8,4.0,Low
STU04733,Psychology,4,2.56,2.6,2.55,72.2,75.2,82.4,1.11,100.0,71.4,85.2,86.5,83.3,83.4,12.1,6.6,0.0,2.76,73.7,2.62,Low
STU04734,Mathematics,3,3.89,3.64,3.48,85.6,91.4,100.0,2.42,95.6,99.0,100.0,98.4,100.0,98.0,20.2,15.6,6.4,2.67,71.5,3.95,Low
STU04735,Computer Science,1,1.84,1.8,1.87,53.3,58.0,62.2,1.65,57.1,58.2,62.2,44.7,53.4,52.1,15.3,11.2,0.4,3.49,89.8,1.77,High
STU04736,Electrical Engineering,5,2.47,2.39,2.28,79.3,67.9,62.6,1.72,62.7,77.3,76.3,50.4,70.0,73.9,6.3,19.9,4.7,3.07,80.5,2.4,Low
STU04737,Psychology,6,2.54,2.47,2.56,85.5,74.5,27.7,3.69,37.3,46.9,64.9,83.8,48.0,34.6,14.6,9.2,8.6,2.76,73.7,2.59,Medium
STU04738,Mathematics,7,1.89,2.07,2.18,59.3,63.1,60.9,0.93,55.9,54.2,59.4,59.4,55.5,56.9,16.1,10.5,5.2,2.67,71.5,1.64,Medium
STU04739,Computer Science,7,2.56,2.2,1.86,42.4,39.8,54.4,1.84,48.8,19.8,50.6,51.3,40.6,62.4,17.7,5.3,8.3,3.49,89.8,2.67,Medium
STU04740,Mechanical Engineering,2,3.72,3.59,3.55,100.0,100.0,100.0,3.51,54.4,98.0,93.8,100.0,97.1,90.6,27.3,16.9,3.8,2.65,71.2,3.86,Low
STU04741,Business Administration,3,3.01,3.05,3.02,71.1,72.8,48.5,1.09,81.7,62.2,69.9,63.0,68.4,85.8,8.1,11.6,0.0,3.26,84.6,3.13,Low
STU04742,Economics,5,2.17,2.05,1.8,31.4,30.0,42.1,2.82,38.4,34.5,41.8,36.2,40.7,32.9,5.5,11.4,4.2,3.02,79.4,2.4,Medium
STU04743,Psychology,4,2.97,2.94,2.95,87.5,88.5,95.6,0.54,76.1,92.4,100.0,85.1,93.2,87.1,22.4,10.1,6.6,2.76,73.7,2.91,Low
STU04744,Psychology,1,2.94,3.02,2.99,70.4,58.1,98.0,0.77,62.8,68.8,63.4,60.0,65.3,58.8,22.4,10.6,2.8,2.76,73.7,2.97,Low
STU04745,Psychology,6,3.3,3.32,3.19,77.6,77.8,65.0,1.78,76.0,65.5,100.0,75.1,81.1,77.7,25.1,11.0,9.5,2.76,73.7,3.12,Low
STU04746,Psychology,2,3.08,2.78,2.91,90.2,73.7,53.8,1.95,43.6,45.8,46.0,34.6,40.9,61.1,10.7,11.9,7.4,2.76,73.7,3.27,Low
STU04747,Economics,8,2.36,2.49,2.51,61.6,55.7,24.2,3.96,60.8,66.4,38.3,44.0,82.6,18.8,20.2,7.4,5.9,3.02,79.4,2.54,Medium
STU04748,Mathematics,6,1.9,1.99,1.99,67.7,68.9,65.4,1.05,82.0,92.1,64.0,87.2,67.4,71.9,0.0,9.2,5.7,2.67,71.5,1.93,Medium
STU04749,Economics,8,1.8,1.83,1.82,55.5,67.8,81.3,2.78,85.3,44.0,57.2,26.9,44.1,94.9,16.6,8.2,5.1,3.02,79.4,1.82,High
STU04750,Mathematics,2,3.79,3.72,3.93,80.9,81.9,94.2,1.02,81.1,67.6,93.0,86.2,60.6,87.9,17.6,19.0,4.8,2.67,71.5,3.62,Low
STU04751,Economics,3,2.28,2.59,2.65,69.9,68.2,62.6,2.37,54.0,63.7,83.7,16.6,48.4,45.8,10.1,3.3,7.8,3.02,79.4,2.25,Medium
STU04752,Psychology,3,2.7,2.47,2.6,62.7,59.7,41.3,2.33,76.8,50.4,59.9,62.8,63.3,77.4,13.6,7.7,6.9,2.76,73.7,2.66,Medium
STU04753,Economics,2,1.05,0.87,0.76,37.0,30.0,21.4,2.93,32.1,19.0,29.4,0.9,24.4,45.0,3.2,4.7,8.8,3.02,79.4,1.22,High
STU04754,Mechanical Engineering,2,4.0,3.98,3.95,96.6,91.6,95.9,0.0,100.0,88.2,88.7,84.0,100.0,100.0,24.9,18.3,4.7,2.65,71.2,4.0,Low
STU04755,Mathematics,8,1.36,1.27,1.22,53.0,43.8,47.5,4.06,44.7,55.0,55.0,48.5,17.1,79.2,20.0,6.6,4.2,2.67,71.5,1.22,High
STU04756,Mechanical Engineering,6,1.85,1.55,1.51,39.9,35.9,71.9,1.27,50.6,28.9,50.7,36.2,49.2,42.0,18.6,8.9,0.4,2.65,71.2,2.25,Medium
STU04757,Computer Science,2,2.21,1.92,1.55,40.7,33.0,54.9,1.69,45.0,66.2,68.2,37.2,51.7,52.6,16.5,10.9,7.9,3.49,89.8,2.69,Medium
STU04758,Electrical Engineering,4,2.6,2.48,2.27,79.7,70.7,59.0,3.16,66.3,62.3,61.0,67.3,71.9,63.6,25.4,13.9,3.7,3.07,80.5,2.75,Low
STU04759,Psychology,7,3.26,3.13,3.16,82.3,79.7,58.6,1.18,66.9,81.6,91.8,79.9,66.9,85.7,18.5,16.3,5.4,2.76,73.7,3.39,Low
STU04760,Economics,4,2.17,1.86,1.66,32.0,30.0,49.6,2.93,56.4,40.7,49.3,48.8,47.3,6.6,13.1,12.6,3.6,3.02,79.4,2.27,Medium
STU04761,Electrical Engineering,1,2.38,2.12,2.02,57.3,58.0,22.8,4.87,32.8,18.5,44.5,20.2,55.8,73.1,14.9,7.6,8.9,3.07,80.5,2.45,Medium
STU04762,Business Administration,5,2.74,2.76,2.94,62.7,58.4,59.2,0.95,54.7,49.8,61.2,69.9,81.6,45.1,8.2,11.1,6.8,3.26,84.6,2.72,Low
STU04763,Psychology,3,3.94,3.42,3.04,42.9,42.5,84.0,3.91,56.8,67.8,75.6,67.4,75.5,67.1,18.1,7.4,9.8,2.76,73.7,4.0,Low
STU04764,Business Administration,1,1.83,2.06,2.47,69.4,70.3,82.3,2.03,74.7,82.3,70.7,78.8,57.8,71.8,18.1,12.5,2.8,3.26,84.6,1.56,Medium
STU04765,Computer Science,1,2.89,2.57,2.34,76.5,70.0,83.6,0.12,72.3,68.8,63.1,56.7,79.7,68.2,14.4,12.5,5.8,3.49,89.8,3.15,Low
STU04766,Economics,7,1.42,1.4,1.43,36.9,36.3,35.1,,59.5,36.8,48.6,45.3,47.3,46.4,25.5,10.0,6.4,3.02,79.4,1.37,High
STU04767,Computer Science,4,2.83,2.64,2.76,76.2,76.3,83.9,0.87,64.7,71.9,69.3,68.0,56.3,50.8,20.0,4.9,1.1,3.49,89.8,2.82,Low
STU04768,Electrical Engineering,3,0.91,1.31,1.57,56.6,53.4,48.8,1.48,51.1,37.7,50.8,42.8,41.1,46.6,9.7,5.9,0.3,3.07,80.5,0.76,High
STU04769,Biology,8,2.69,2.44,2.45,66.6,66.9,69.5,3.31,65.9,56.1,72.8,43.8,57.1,76.0,18.0,13.8,4.7,3.08,80.7,2.38,Low
STU04770,Mechanical Engineering,1,2.79,2.84,2.77,67.5,67.3,75.6,0.61,72.4,68.0,69.7,67.2,67.3,77.9,,10.1,10.8,2.65,71.2,3.0,Low
STU04771,Mechanical Engineering,6,2.65,2.34,2.29,71.9,65.1,53.3,2.54,56.4,58.9,59.3,66.9,48.2,51.0,8.1,10.6,6.8,2.65,71.2,2.65,Medium
STU04772,Mechanical Engineering,5,3.77,3.67,3.73,77.0,81.5,84.7,2.21,76.5,64.8,81.5,69.5,81.5,100.0,22.1,13.6,11.2,2.65,71.2,3.71,Low
STU04773,Biology,4,3.64,3.66,3.57,87.3,100.0,94.1,0.7,86.3,76.9,88.1,87.2,88.9,75.3,27.3,12.3,6.1,3.08,80.7,3.72,Low
STU04774,Economics,6,1.69,1.49,1.02,56.4,55.5,45.7,0.0,44.3,45.5,49.3,48.1,52.0,54.3,15.6,9.8,,3.02,79.4,1.72,Medium
STU04775,Business Administration,4,2.51,2.5,2.51,100.0,93.5,70.0,2.2,67.1,67.8,54.3,73.0,77.9,64.4,16.8,11.1,1.2,3.26,84.6,2.62,Low
STU04776,Business Administration,8,2.69,2.77,3.18,63.1,65.9,85.2,2.04,74.8,63.4,80.4,100.0,71.9,92.0,19.6,18.3,3.5,3.26,84.6,2.61,Medium
STU04777,Electrical Engineering,1,3.06,2.86,2.98,94.9,96.6,88.3,,62.1,52.9,84.5,68.5,66.9,58.6,18.3,9.9,0.1,3.07,80.5,3.0,Low
STU04778,Computer Science,4,1.5,1.36,1.29,57.4,55.3,43.5,0.92,72.0,26.0,47.4,11.8,45.9,63.6,,0.0,4.0,3.49,89.8,1.52,High
STU04779,Business Administration,3,2.64,2.69,2.59,42.3,35.0,61.5,3.44,48.1,50.5,65.5,47.5,58.6,62.1,13.2,3.0,5.8,3.26,84.6,2.55,Medium
STU04780,Computer Science,8,2.76,2.34,2.61,80.2,87.4,92.5,0.42,71.6,72.4,73.3,68.0,62.7,73.1,7.9,11.3,6.6,3.49,89.8,2.84,Low
STU04781,Biology,6,1.25,1.38,1.24,40.7,37.8,26.1,2.97,35.6,62.0,54.6,47.7,63.0,61.9,9.7,7.2,6.4,3.08,80.7,1.32,High
STU04782,Mechanical Engineering,4,4.0,3.99,3.89,94.9,100.0,100.0,0.0,92.3,90.0,90.4,85.2,86.2,93.9,31.8,17.0,5.6,2.65,71.2,4.0,Low
STU04783,Economics,1,2.17,2.17,2.06,41.1,44.2,17.9,,46.4,50.1,49.7,49.8,48.6,56.1,13.0,4.8,10.5,3.02,79.4,2.41,Medium
STU04784,Economics,6,1.8,1.78,1.91,72.0,64.4,41.8,1.1,68.8,38.3,66.2,60.0,60.9,34.5,12.7,12.0,5.5,3.02,79.4,1.71,Medium
STU04785,Psychology,8,2.88,2.89,3.04,64.3,66.4,75.6,2.49,77.8,76.6,73.7,73.9,75.2,78.4,19.9,12.5,4.0,2.76,73.7,3.1,Low
STU04786,Mathematics,8,2.32,2.25,2.2,66.3,64.2,51.4,4.85,45.3,96.7,60.6,68.3,63.9,38.6,16.3,3.6,2.6,2.67,71.5,2.36,Medium
STU04787,Psychology,6,2.72,2.98,3.62,100.0,100.0,100.0,0.5,100.0,98.6,69.3,92.1,91.2,89.5,26.5,23.9,4.8,2.76,73.7,2.41,Low
STU04788,Psychology,6,1.82,1.75,1.63,39.0,33.1,44.2,2.16,49.4,40.8,30.9,42.8,49.1,44.6,11.1,8.3,7.0,2.76,73.7,1.77,Medium
STU04789,Biology,2,1.98,1.93,1.81,33.9,40.4,78.0,3.25,50.3,43.5,52.3,51.4,48.5,53.6,3.6,7.4,7.0,3.08,80.7,1.91,Medium
STU04790,Economics,3,2.98,3.13,3.23,66.6,66.7,75.5,0.0,68.9,56.4,66.3,60.1,75.4,78.1,13.7,16.2,9.9,3.02,79.4,2.96,Low
STU04791,Biology,3,3.17,2.75,2.7,77.0,76.3,85.8,2.41,69.3,31.3,78.6,82.5,47.5,79.3,10.5,9.3,4.4,3.08,80.7,3.38,Low
STU04792,Electrical Engineering,6,2.53,2.55,2.62,23.2,41.4,76.5,0.0,56.7,61.3,70.3,61.9,66.9,71.5,9.0,7.2,3.0,3.07,80.5,2.59,Medium
STU04793,Computer Science,4,1.54,1.66,1.54,30.2,36.1,56.4,1.53,33.7,42.1,33.7,47.0,61.6,61.0,14.0,6.3,2.9,3.49,89.8,1.53,High
STU04794,Computer Science,3,2.3,2.32,2.41,63.1,65.8,52.2,1.57,53.3,31.1,47.0,43.1,60.4,68.1,20.5,11.8,2.1,3.49,89.8,2.34,Medium
STU04795,Electrical Engineering,4,2.45,2.58,2.79,48.6,63.9,54.0,3.87,81.7,74.6,79.5,51.5,58.7,72.4,13.9,10.7,0.0,3.07,80.5,2.37,Medium
STU04796,Mathematics,2,3.74,3.52,3.4,86.6,77.4,65.6,0.26,73.7,82.1,69.1,68.0,79.3,80.8,16.2,11.7,3.8,2.67,71.5,3.92,Low
STU04797,Computer Science,8,3.1,2.76,2.5,47.6,40.7,60.7,1.68,47.3,44.3,59.2,65.1,37.4,67.0,17.9,13.1,7.6,3.49,89.8,3.34,Low
STU04798,Mathematics,6,2.33,2.43,2.53,48.5,52.8,65.0,1.85,52.7,62.9,61.0,58.8,68.1,64.7,24.4,9.2,5.5,2.67,71.5,2.5,Medium
STU04799,Biology,7,2.74,2.29,2.21,57.9,49.9,47.0,2.7,54.8,61.1,64.3,55.1,61.3,66.3,20.2,12.1,3.7,3.08,80.7,2.86,Low
STU04800,Psychology,1,3.83,3.95,3.52,99.3,86.8,92.1,0.0,88.3,63.8,81.9,97.4,61.0,76.7,22.7,12.4,4.3,2.76,73.7,4.0,Low
STU04801,Computer Science,1,2.88,3.13,2.9,63.7,77.8,62.5,0.56,88.1,77.1,67.5,80.2,68.5,61.3,14.6,9.6,3.1,3.49,89.8,2.87,Low
STU04802,Psychology,3,2.95,3.09,3.26,67.4,76.1,55.6,0.0,87.6,52.4,88.1,83.7,80.2,78.5,23.0,10.7,9.5,2.76,73.7,2.7,Low
STU04803,Psychology,8,3.87,3.43,2.92,70.1,64.8,61.4,2.18,74.0,100.0,76.9,69.8,60.8,66.6,20.2,14.3,3.5,2.76,73.7,4.0,Low
STU04804,Business Administration,8,4.0,4.0,3.86,90.3,90.0,65.0,2.79,100.0,94.5,86.0,100.0,89.4,95.1,26.3,17.9,2.8,3.26,84.6,3.94,Low
STU04805,Economics,6,3.09,3.07,3.02,42.5,48.6,81.1,1.7,69.4,60.3,64.2,49.2,76.0,63.4,14.7,5.9,3.1,3.02,79.4,3.08,Medium
STU04806,Mechanical Engineering,3,2.22,2.18,2.13,23.7,30.0,64.4,1.64,54.9,48.6,57.8,47.5,54.6,54.6,18.7,12.3,4.2,2.65,71.2,2.42,High
STU04807,Economics,4,2.09,2.15,2.22,51.1,57.4,73.6,1.98,60.5,62.7,63.5,60.4,60.2,62.1,15.3,11.9,4.7,3.02,79.4,1.85,Medium
STU04808,Economics,5,1.36,1.57,1.79,20.5,30.6,42.8,2.33,37.5,53.8,83.5,54.1,6.6,61.8,12.2,3.1,5.4,3.02,79.4,1.08,High
STU04809,Biology,1,3.74,3.41,3.09,77.9,70.5,52.0,0.0,60.1,99.3,39.0,83.1,100.0,42.3,23.9,15.1,8.0,3.08,80.7,3.86,Low
STU04810,Psychology,6,2.86,2.86,2.61,57.7,72.1,43.3,0.75,54.0,61.6,54.0,57.8,41.2,60.7,0.0,4.3,5.5,2.76,73.7,2.85,Medium
STU04811,Economics,7,1.74,1.84,1.96,50.8,59.9,47.3,2.23,79.0,42.1,59.5,42.6,62.2,46.0,18.5,11.5,10.4,3.02,79.4,1.74,High
STU04812,Economics,5,1.34,1.52,1.64,45.3,47.8,38.0,2.24,41.8,39.8,40.2,41.2,45.3,42.1,10.6,6.9,,3.02,79.4,1.15,High
STU04813,Computer Science,6,0.89,1.11,1.11,35.4,40.3,20.3,0.6,41.1,42.7,44.2,46.0,43.4,40.1,13.3,7.4,2.2,3.49,89.8,0.93,High
STU04814,Biology,1,3.29,3.1,3.08,71.6,75.8,65.1,0.0,65.9,81.0,77.8,76.2,63.3,78.6,28.0,13.9,3.3,3.08,80.7,3.26,Low
STU04815,Mathematics,8,3.18,3.46,3.6,73.1,79.8,73.9,2.35,79.5,58.0,48.7,100.0,82.8,56.9,23.1,13.0,4.1,2.67,71.5,3.09,Low
STU04816,Electrical Engineering,3,3.82,3.48,3.48,96.5,100.0,88.5,0.61,77.2,85.4,96.0,83.6,100.0,77.1,18.2,13.3,6.6,3.07,80.5,3.87,Low
STU04817,Mechanical Engineering,5,3.42,3.15,2.91,66.7,66.8,64.5,,74.1,82.5,74.4,81.8,60.8,65.7,9.8,9.6,2.5,2.65,71.2,3.65,Low
STU04818,Economics,5,0.77,1.02,1.3,42.2,37.5,29.8,4.01,25.5,29.7,40.5,11.4,41.5,48.1,0.0,11.5,9.7,3.02,79.4,0.36,High
STU04819,Biology,6,2.84,2.93,2.9,77.6,69.0,59.5,0.89,66.9,75.4,68.9,76.4,62.0,67.4,22.5,10.5,2.7,3.08,80.7,2.99,Low
STU04820,Economics,4,1.57,1.53,1.94,34.2,39.5,67.5,,49.2,44.7,40.8,41.8,38.8,39.6,4.5,10.6,3.3,3.02,79.4,1.53,High
STU04821,Biology,4,2.14,2.37,2.23,53.3,53.7,58.5,2.91,68.5,45.4,55.4,40.4,80.7,61.5,8.8,15.7,0.2,3.08,80.7,2.04,Medium
STU04822,Economics,2,2.66,2.35,2.25,65.8,65.8,44.9,1.8,60.9,62.9,47.9,60.8,59.5,65.7,5.6,6.7,3.7,3.02,79.4,2.82,Medium
STU04823,Computer Science,1,2.63,2.66,2.71,88.0,90.6,54.8,0.33,62.5,22.9,67.5,92.6,94.8,72.3,25.2,17.5,6.9,3.49,89.8,2.57,Low
STU04824,Psychology,6,1.43,1.56,2.13,40.8,34.6,47.8,3.74,48.9,61.8,48.9,32.3,34.1,46.1,21.5,1.9,6.3,2.76,73.7,1.29,High
STU04825,Mechanical Engineering,7,3.31,3.49,3.84,95.0,100.0,100.0,1.11,94.1,99.9,96.1,100.0,100.0,100.0,9.0,18.0,8.1,2.65,71.2,2.96,Low
STU04826,Electrical Engineering,3,2.09,2.15,2.29,46.6,47.3,63.4,1.52,65.5,53.9,53.3,56.4,59.1,67.4,15.0,2.8,5.4,3.07,80.5,1.94,Medium
STU04827,Computer Science,2,1.36,1.59,1.81,27.9,34.4,27.2,4.99,65.7,43.1,49.7,32.9,48.5,49.8,12.1,3.1,2.4,3.49,89.8,1.22,High
STU04828,Mathematics,2,1.97,1.91,1.53,58.1,48.0,49.5,3.37,52.5,48.3,45.1,48.0,14.5,74.4,3.9,13.6,7.6,2.67,71.5,1.81,Medium
STU04829,Electrical Engineering,3,2.79,2.64,2.26,37.6,30.0,53.2,0.51,41.9,57.1,78.9,59.8,71.1,64.7,20.1,7.9,9.5,3.07,80.5,2.79,Medium
STU04830,Economics,6,3.02,2.84,2.53,63.5,55.0,89.1,0.25,62.3,59.4,54.1,62.5,82.4,56.0,12.2,4.5,7.9,3.02,79.4,3.07,Low
STU04831,Computer Science,5,1.81,2.07,2.31,42.2,51.7,52.6,3.72,49.2,63.7,63.3,69.8,71.7,69.7,6.0,14.5,6.2,3.49,89.8,1.77,High
STU04832,Computer Science,2,3.05,3.15,3.32,72.0,77.5,86.7,0.21,81.7,73.2,85.7,63.6,100.0,75.8,24.6,14.7,,3.49,89.8,2.71,Low
STU04833,Business Administration,8,3.69,3.7,3.71,83.8,88.7,92.5,1.26,80.4,93.9,80.6,99.8,96.7,95.7,13.4,6.5,6.2,3.26,84.6,3.65,Low
STU04834,Computer Science,4,3.18,3.04,2.67,68.2,66.8,67.1,0.13,45.2,40.4,54.0,49.0,62.2,72.0,4.3,10.7,4.5,3.49,89.8,3.03,Low
STU04835,Electrical Engineering,8,2.11,2.13,1.98,77.0,74.3,35.9,4.61,48.9,55.3,44.2,35.2,63.6,57.2,11.8,5.6,0.6,3.07,80.5,2.35,Medium
STU04836,Economics,8,3.4,3.1,3.08,59.7,58.9,55.1,2.95,63.3,51.8,55.2,63.8,61.1,58.7,16.3,10.6,8.1,3.02,79.4,3.66,Low
STU04837,Economics,6,2.66,2.66,2.84,68.2,83.4,61.8,0.86,62.4,82.1,80.8,73.9,72.4,95.4,15.1,11.6,0.0,3.02,79.4,2.63,Medium
STU04838,Business Administration,3,3.55,3.54,3.4,96.1,100.0,76.8,,86.2,80.7,100.0,99.7,81.8,96.1,18.0,13.1,8.5,3.26,84.6,3.57,Low
STU04839,Electrical Engineering,4,3.65,3.52,3.27,86.9,89.8,83.3,0.0,72.7,84.4,78.9,84.7,78.3,81.2,,15.3,7.8,3.07,80.5,3.72,Low
STU04840,Computer Science,3,0.95,1.15,1.09,32.7,30.0,23.7,2.79,3.4,18.1,7.9,17.9,24.9,29.5,1.8,0.2,6.5,3.49,89.8,0.83,High
STU04841,Economics,5,2.21,1.95,1.98,53.4,58.5,52.4,1.05,66.6,72.1,58.0,49.4,68.5,72.2,7.4,15.9,3.4,3.02,79.4,2.23,Medium
STU04842,Computer Science,6,2.24,2.14,2.2,75.1,68.2,67.3,2.89,61.2,50.4,45.2,62.5,68.7,64.8,6.5,14.5,5.0,3.49,89.8,2.08,Medium
STU04843,Mathematics,7,3.24,2.88,2.88,61.0,60.7,78.3,2.81,72.1,67.5,60.2,26.1,73.8,55.1,13.3,9.5,5.9,2.67,71.5,3.27,Low
STU04844,Computer Science,7,1.25,1.16,1.29,28.9,34.3,55.0,2.77,15.3,50.7,34.0,45.8,11.6,32.3,13.7,9.7,9.5,3.49,89.8,1.3,High
STU04845,Psychology,8,3.73,3.78,4.0,96.7,100.0,100.0,0.0,100.0,96.7,100.0,91.8,100.0,100.0,26.4,13.9,,2.76,73.7,3.47,Low
STU04846,Mechanical Engineering,8,4.0,4.0,3.98,79.2,77.4,100.0,0.61,79.0,84.5,53.1,61.5,100.0,100.0,24.7,15.4,,2.65,71.2,3.89,Low
STU04847,Business Administration,1,3.34,3.18,2.98,73.1,57.0,47.9,0.15,63.8,72.3,63.2,62.7,69.0,93.4,16.3,12.0,8.2,3.26,84.6,3.52,Low
STU04848,Biology,1,3.58,3.15,3.1,87.7,72.7,52.3,1.2,67.2,82.4,76.4,94.2,53.9,86.1,19.2,14.6,8.8,3.08,80.7,3.73,Low
STU04849,Mathematics,7,1.6,1.63,1.91,35.1,37.7,57.4,1.83,46.1,53.3,37.6,46.3,50.3,51.2,17.6,11.1,4.7,2.67,71.5,1.39,High
STU04850,Electrical Engineering,4,2.48,2.64,2.81,69.1,74.9,73.6,0.02,82.1,86.3,79.3,80.9,80.4,77.2,19.0,10.8,,3.07,80.5,2.36,Medium
STU04851,Psychology,3,1.86,1.82,1.79,34.7,36.7,47.8,1.96,95.9,64.7,79.8,38.2,79.0,31.7,11.6,6.2,,2.76,73.7,1.87,High
STU04852,Electrical Engineering,7,2.36,2.67,2.7,52.2,55.8,72.0,0.27,57.7,59.7,78.0,78.1,81.5,100.0,11.1,9.7,5.6,3.07,80.5,2.31,Medium
STU04853,Economics,8,3.18,2.93,2.9,89.1,90.1,70.7,2.06,71.0,82.6,74.7,74.6,71.5,74.0,,5.8,6.9,3.02,79.4,3.4,Low
STU04854,Mechanical Engineering,7,2.19,2.35,2.62,56.9,64.6,35.1,2.79,43.7,55.4,54.6,55.5,52.8,39.0,11.0,11.4,3.7,2.65,71.2,2.09,Medium
STU04855,Mechanical Engineering,6,2.44,2.34,1.89,48.8,47.8,65.9,3.62,50.2,48.2,49.6,48.2,49.6,48.4,14.2,10.8,1.7,2.65,71.2,2.92,Medium
STU04856,Electrical Engineering,5,1.94,1.7,1.66,48.7,49.4,31.8,2.3,29.8,60.3,57.4,51.2,56.4,60.8,8.1,14.5,9.1,3.07,80.5,2.09,Medium
STU04857,Mathematics,2,1.88,1.65,1.75,27.0,40.1,55.3,2.15,60.0,49.6,27.0,52.2,44.2,41.7,14.1,3.5,3.8,2.67,71.5,2.11,High
STU04858,Biology,4,2.36,2.32,2.13,80.7,60.7,62.6,3.8,59.9,48.1,56.8,59.2,59.2,63.5,10.1,17.8,13.9,3.08,80.7,2.64,Medium
STU04859,Business Administration,3,2.84,2.69,2.57,36.2,44.7,41.5,0.72,33.9,26.8,44.9,46.1,42.9,46.0,4.3,11.5,7.3,3.26,84.6,2.65,Medium
STU04860,Electrical Engineering,2,3.42,3.33,2.98,63.4,52.6,57.1,2.35,47.3,49.1,50.1,61.2,40.4,51.8,,3.2,3.8,3.07,80.5,3.47,Low
STU04861,Mathematics,5,4.0,3.81,3.64,77.7,74.2,60.6,0.26,89.5,85.0,80.1,100.0,56.8,91.5,17.1,8.9,0.0,2.67,71.5,4.0,Low
STU04862,Computer Science,8,2.05,1.8,1.48,52.3,42.7,43.0,5.1,19.9,46.5,53.5,34.3,52.0,38.0,,6.4,8.9,3.49,89.8,2.38,High
STU04863,Biology,8,3.87,3.88,4.0,96.1,96.3,90.3,0.78,76.9,87.5,78.9,87.5,79.5,63.7,25.0,17.9,8.3,3.08,80.7,3.82,Low
STU04864,Economics,8,2.95,2.73,2.78,62.9,64.6,75.0,3.09,86.9,71.5,70.9,28.7,65.5,65.2,17.1,15.6,7.7,3.02,79.4,2.88,Low
STU04865,Psychology,7,1.38,1.69,1.82,47.5,47.8,59.2,4.84,20.7,45.4,55.8,16.1,31.9,28.8,11.1,11.8,4.4,2.76,73.7,1.28,High
STU04866,Biology,4,2.24,2.11,2.67,53.8,55.1,45.7,0.66,70.1,74.4,69.6,72.3,64.1,60.3,2.2,7.0,3.0,3.08,80.7,1.99,Medium
STU04867,Business Administration,2,1.64,1.84,1.92,75.9,92.3,72.8,0.27,45.3,56.3,53.1,45.9,58.6,47.4,18.9,17.7,2.7,3.26,84.6,1.69,Medium
STU04868,Biology,3,2.22,2.08,2.04,48.8,41.1,36.8,5.91,46.6,77.9,28.6,72.0,40.5,56.0,12.3,12.3,,3.08,80.7,2.36,High
STU04869,Business Administration,1,1.92,2.19,2.45,56.3,60.0,71.0,2.8,59.3,69.9,51.4,72.6,59.2,60.5,20.7,5.5,4.0,3.26,84.6,1.63,High
STU04870,Mathematics,1,2.54,2.28,2.4,61.8,71.3,50.5,0.0,57.5,54.9,60.2,69.3,55.0,68.3,13.0,8.1,3.9,2.67,71.5,2.77,Medium
STU04871,Computer Science,3,3.99,3.96,4.0,100.0,100.0,87.2,0.79,85.8,89.5,94.6,98.6,76.2,89.4,21.6,15.6,0.0,3.49,89.8,3.94,Low
STU04872,Psychology,1,2.49,2.16,2.11,63.9,57.1,28.9,5.81,59.1,31.2,63.7,45.1,56.1,38.8,18.3,5.9,2.3,2.76,73.7,2.45,Medium
STU04873,Business Administration,2,3.37,3.13,3.15,79.4,79.9,96.4,1.8,87.7,98.2,93.9,93.4,74.5,93.6,19.3,20.2,10.0,3.26,84.6,3.47,Low
STU04874,Business Administration,5,2.52,2.58,2.48,51.0,60.0,68.5,2.08,65.3,70.3,63.6,78.5,60.9,67.1,15.7,15.8,3.1,3.26,84.6,2.55,Medium
STU04875,Economics,7,3.87,3.81,3.35,100.0,97.5,78.8,0.0,100.0,97.1,91.8,90.2,91.9,92.6,25.4,8.8,9.9,3.02,79.4,4.0,Low
STU04876,Economics,5,2.13,2.51,2.47,55.6,63.2,95.6,0.71,69.9,57.5,67.9,65.6,63.8,60.1,18.2,15.1,4.2,3.02,79.4,1.76,Medium
STU04877,Psychology,4,2.26,2.09,1.94,50.6,41.4,10.0,4.17,39.9,33.0,34.8,38.7,38.4,43.6,9.7,6.4,3.9,2.76,73.7,2.24,Medium
STU04878,Computer Science,4,3.46,3.47,3.65,91.0,86.9,86.1,0.21,93.7,100.0,96.9,91.2,99.5,79.2,17.6,13.6,4.3,3.49,89.8,3.53,Low
STU04879,Mechanical Engineering,1,2.88,2.96,3.11,49.7,61.4,54.0,1.0,73.2,62.3,68.9,73.9,55.9,50.0,13.1,8.5,5.1,2.65,71.2,2.74,Medium
STU04880,Psychology,3,2.62,2.77,2.81,63.3,71.4,97.3,,89.0,65.5,52.8,87.9,54.1,70.3,10.4,14.1,10.8,2.76,73.7,2.74,Medium
STU04881,Computer Science,6,2.2,2.2,2.1,51.1,54.4,69.4,4.79,54.5,59.1,55.4,55.8,56.0,57.1,14.2,15.4,0.0,3.49,89.8,2.28,Medium
STU04882,Business Administration,1,2.95,2.97,2.78,54.8,50.9,53.1,2.59,66.9,100.0,64.9,46.3,53.2,72.7,18.6,9.6,2.6,3.26,84.6,3.19,Low
STU04883,Psychology,1,3.59,3.73,3.41,86.7,88.9,100.0,0.84,57.9,68.1,88.9,73.5,69.4,77.0,15.0,10.7,5.6,2.76,73.7,3.68,Low
STU04884,Mathematics,6,3.84,3.73,3.81,85.6,80.3,100.0,0.0,93.1,78.5,95.9,91.7,100.0,100.0,28.5,12.6,3.6,2.67,71.5,3.71,Low
STU04885,Psychology,3,3.3,3.03,2.84,49.0,48.0,57.4,2.18,73.9,53.4,42.1,59.3,26.7,58.1,9.2,14.3,5.5,2.76,73.7,3.53,Low
STU04886,Biology,6,3.83,3.49,3.47,99.9,96.8,88.6,1.02,83.2,81.2,71.0,85.8,89.6,78.7,17.5,12.4,10.3,3.08,80.7,3.75,Low
STU04887,Electrical Engineering,2,1.49,1.52,1.38,57.0,49.5,50.5,3.62,51.9,37.7,41.1,33.9,30.9,26.7,10.8,1.4,2.9,3.07,80.5,1.6,High
STU04888,Biology,1,2.27,2.24,2.09,72.2,73.8,40.9,3.41,47.7,47.0,48.9,52.7,39.4,55.6,6.8,4.9,1.5,3.08,80.7,2.48,Medium
STU04889,Mathematics,1,2.43,2.26,1.99,66.4,66.8,47.1,0.38,76.3,70.6,82.7,69.9,77.7,71.4,12.6,13.8,5.1,2.67,71.5,2.74,Medium
STU04890,Electrical Engineering,3,4.0,4.0,4.0,100.0,100.0,100.0,0.0,75.1,80.4,100.0,93.7,96.6,94.8,22.2,16.4,6.7,3.07,80.5,4.0,Low
STU04891,Mathematics,4,1.96,2.17,2.44,35.9,47.0,45.4,3.56,42.1,49.4,56.1,45.5,41.5,43.6,16.2,2.8,4.8,2.67,71.5,1.92,High
STU04892,Mathematics,4,2.53,2.8,2.87,69.6,72.5,98.4,3.03,73.8,75.0,71.5,73.5,67.1,66.2,11.5,20.3,0.9,2.67,71.5,2.27,Low
STU04893,Psychology,1,1.55,1.78,1.51,47.4,52.3,75.2,1.93,57.0,66.8,45.0,39.2,49.5,42.9,8.4,7.4,6.3,2.76,73.7,1.36,Medium
STU04894,Electrical Engineering,7,2.16,1.84,1.6,32.5,30.0,46.1,3.66,34.6,48.5,48.4,37.5,42.0,37.7,18.3,7.8,10.0,3.07,80.5,2.25,Medium
STU04895,Economics,7,3.53,3.48,3.3,54.9,64.7,65.5,4.29,66.3,77.9,75.6,69.1,75.2,65.3,16.1,11.9,1.5,3.02,79.4,3.61,Low
STU04896,Business Administration,4,4.0,4.0,4.0,65.6,70.7,89.3,0.4,80.9,84.2,76.9,76.7,75.6,74.0,25.5,19.2,7.5,3.26,84.6,3.81,Low
STU04897,Psychology,1,2.96,3.03,3.37,61.9,64.6,66.2,2.56,66.5,58.5,68.3,71.1,64.3,76.2,20.4,9.9,6.6,2.76,73.7,3.04,Low
STU04898,Mechanical Engineering,7,2.72,2.77,3.1,78.8,78.0,83.7,1.64,71.2,72.7,73.0,75.0,74.5,74.2,8.5,12.1,5.0,2.65,71.2,2.52,Low
STU04899,Business Administration,5,2.72,2.52,2.3,82.7,67.5,66.5,0.68,66.7,70.3,85.8,64.8,67.4,71.4,15.7,14.2,8.4,3.26,84.6,2.57,Medium
STU04900,Electrical Engineering,3,0.95,1.3,1.48,58.4,53.7,34.6,4.52,44.2,63.3,37.5,18.9,49.6,38.1,10.7,7.1,1.1,3.07,80.5,0.7,High
STU04901,Electrical Engineering,3,2.53,2.68,2.74,45.9,49.4,64.5,4.48,70.7,62.7,50.5,50.2,55.2,51.7,9.3,5.6,4.3,3.07,80.5,2.45,Medium
STU04902,Mathematics,6,2.46,2.61,2.5,56.8,68.6,90.2,1.66,72.3,74.4,76.6,73.9,67.9,74.6,20.9,17.2,0.0,2.67,71.5,2.58,Low
STU04903,Business Administration,3,1.18,1.24,1.19,59.2,62.1,37.5,4.35,81.3,57.1,70.7,59.6,41.5,13.8,9.4,12.3,0.1,3.26,84.6,1.16,High
STU04904,Mechanical Engineering,4,3.42,3.65,4.0,100.0,100.0,100.0,0.22,94.8,89.5,90.9,90.4,99.5,100.0,21.1,16.5,0.3,2.65,71.2,3.19,Low
STU04905,Biology,8,1.62,1.67,1.71,62.6,53.6,67.2,3.57,59.4,54.5,56.8,49.0,43.9,54.7,20.6,9.8,4.3,3.08,80.7,1.61,Medium
STU04906,Mathematics,4,1.91,2.07,2.0,51.9,46.0,43.9,4.14,34.1,37.3,41.0,38.6,40.8,35.3,8.1,3.1,,2.67,71.5,1.79,High
STU04907,Mathematics,6,3.77,3.71,3.48,52.5,57.9,100.0,4.55,91.3,82.7,90.4,89.5,78.1,82.1,18.7,13.2,3.7,2.67,71.5,3.83,Low
STU04908,Mechanical Engineering,4,2.26,2.44,2.48,94.5,90.9,64.8,1.32,100.0,74.6,100.0,100.0,100.0,100.0,23.0,19.7,3.2,2.65,71.2,2.02,Low
STU04909,Mathematics,3,1.86,2.4,2.76,61.3,58.1,38.0,0.0,51.1,58.5,48.6,59.7,55.7,76.4,9.3,12.9,4.5,2.67,71.5,1.32,Medium
STU04910,Mechanical Engineering,3,2.53,2.54,2.41,57.9,54.8,52.4,4.9,53.5,49.5,29.0,57.7,58.6,27.4,21.3,12.2,9.3,2.65,71.2,2.59,Medium
STU04911,Biology,3,2.65,2.58,2.56,75.6,68.9,55.4,0.94,39.9,51.9,51.6,58.1,54.8,48.4,22.2,16.8,6.1,3.08,80.7,2.85,Low
STU04912,Mechanical Engineering,3,2.69,2.91,2.98,77.9,77.8,100.0,0.0,96.1,80.2,82.3,80.3,86.9,66.7,24.3,10.3,10.7,2.65,71.2,2.67,Low
STU04913,Computer Science,5,2.46,2.6,2.17,69.6,66.3,60.9,4.25,73.4,73.4,29.3,42.1,51.1,54.8,,12.3,2.6,3.49,89.8,2.75,Low
STU04914,Computer Science,2,3.59,3.55,3.49,100.0,88.4,64.6,0.0,83.2,90.3,78.7,65.6,52.9,86.1,23.1,14.1,4.9,3.49,89.8,3.59,Low
STU04915,Business Administration,6,2.52,2.77,2.91,51.8,64.8,62.6,2.75,100.0,78.0,83.1,78.0,75.8,75.4,13.7,14.4,6.0,3.26,84.6,2.36,Medium
STU04916,Economics,4,2.81,2.36,2.27,55.7,51.3,69.4,3.03,66.2,59.8,70.2,72.1,62.4,67.6,17.6,11.0,3.2,3.02,79.4,2.96,Low
STU04917,Electrical Engineering,7,2.74,2.56,2.17,45.8,50.6,55.1,1.08,63.7,53.3,59.1,54.7,52.0,71.3,14.9,6.0,5.7,3.07,80.5,2.89,Medium
STU04918,Economics,5,2.83,2.6,2.78,78.7,69.7,81.4,2.41,63.7,61.8,77.1,73.4,78.7,68.5,25.1,11.4,8.1,3.02,79.4,2.82,Low
STU04919,Economics,1,3.45,3.46,3.17,54.2,48.0,62.5,0.44,89.6,46.0,66.9,88.6,56.0,60.7,13.4,10.5,4.7,3.02,79.4,3.83,Low
STU04920,Mechanical Engineering,5,1.89,1.76,2.09,74.6,78.4,65.5,1.53,71.8,78.7,52.7,74.1,80.3,57.8,14.1,15.7,7.3,2.65,71.2,1.93,Medium
STU04921,Business Administration,8,2.24,2.07,2.14,20.0,35.7,46.9,2.05,54.1,47.3,65.3,42.6,30.5,62.7,1.1,10.3,5.6,3.26,84.6,2.56,High
STU04922,Mechanical Engineering,8,2.3,2.39,2.36,47.3,43.0,58.3,0.75,49.5,68.8,45.8,67.0,60.7,65.5,12.6,8.8,10.2,2.65,71.2,2.19,Medium
STU04923,Electrical Engineering,4,2.92,2.72,2.76,76.2,71.8,94.4,0.0,65.4,79.2,75.1,74.1,75.6,100.0,16.0,19.5,7.6,3.07,80.5,3.04,Low
STU04924,Biology,2,4.0,3.84,3.62,62.7,59.2,59.1,1.19,95.1,73.8,73.4,80.9,100.0,76.0,13.5,14.5,3.0,3.08,80.7,4.0,Low
STU04925,Electrical Engineering,3,3.05,3.06,3.51,85.4,84.4,75.8,1.42,100.0,94.3,99.7,88.2,86.8,100.0,21.5,16.3,2.3,3.07,80.5,2.87,Low
STU04926,Electrical Engineering,4,3.45,3.39,3.2,70.9,76.5,100.0,2.74,85.0,78.6,79.7,70.2,75.7,71.3,13.0,17.2,1.1,3.07,80.5,3.51,Low
STU04927,Psychology,6,2.18,2.1,2.2,73.7,74.7,40.1,1.64,54.4,56.9,49.7,74.9,86.4,75.7,22.2,13.0,7.9,2.76,73.7,2.13,Medium
STU04928,Electrical Engineering,8,3.66,3.8,3.83,93.3,92.4,81.3,0.0,93.3,73.4,95.6,100.0,100.0,97.9,18.1,26.2,6.7,3.07,80.5,3.71,Low
STU04929,Economics,5,2.66,2.59,2.26,66.6,66.7,70.7,2.55,55.8,76.0,81.4,54.9,70.2,50.5,23.7,16.1,3.7,3.02,79.4,2.78,Low
STU04930,Biology,8,1.79,2.24,2.48,48.8,51.0,49.2,,78.9,80.3,66.2,71.8,85.9,81.5,12.8,10.4,4.7,3.08,80.7,1.63,Medium
STU04931,Computer Science,8,2.43,2.45,2.53,33.6,48.9,42.5,1.54,86.9,64.9,58.7,48.1,64.6,83.2,5.9,14.6,2.5,3.49,89.8,2.31,High
STU04932,Electrical Engineering,3,3.75,3.42,3.32,76.6,69.2,100.0,2.77,94.9,100.0,81.4,100.0,61.1,96.2,27.9,14.0,1.9,3.07,80.5,3.87,Low
STU04933,Biology,8,1.28,1.26,1.28,33.0,30.0,11.5,3.58,28.4,23.2,37.0,37.3,22.8,33.2,12.3,3.4,14.7,3.08,80.7,1.26,High
STU04934,Computer Science,6,1.64,1.7,1.89,34.8,38.2,58.7,0.39,53.9,55.5,55.7,49.4,52.1,42.1,11.2,11.9,9.8,3.49,89.8,1.53,High
STU04935,Computer Science,6,1.11,1.1,1.34,23.8,30.0,51.2,3.45,36.2,31.1,46.6,53.3,52.8,36.1,6.1,7.4,5.1,3.49,89.8,0.97,High
STU04936,Mathematics,1,3.4,3.31,3.06,91.2,83.5,84.4,0.42,95.3,71.1,77.9,95.7,95.7,81.0,12.6,16.3,4.0,2.67,71.5,3.36,Low
STU04937,Psychology,1,3.68,3.32,3.06,81.0,71.8,100.0,0.0,94.7,82.9,89.2,76.1,100.0,98.1,14.0,16.3,,2.76,73.7,3.92,Low
STU04938,Mathematics,7,2.97,2.81,2.91,53.6,63.0,86.1,3.07,90.0,57.1,75.2,69.1,60.3,86.9,19.7,10.5,10.2,2.67,71.5,2.89,Low
STU04939,Mathematics,6,2.9,2.94,3.01,62.2,59.7,76.6,1.9,76.3,82.4,75.9,82.9,80.3,76.8,20.1,14.0,3.0,2.67,71.5,2.8,Low
STU04940,Psychology,2,2.31,2.48,2.49,65.7,69.4,77.9,0.0,76.9,78.4,80.9,85.9,74.9,68.6,14.4,13.2,6.3,2.76,73.7,2.29,Medium
STU04941,Computer Science,4,1.78,1.82,1.93,60.1,68.8,77.0,2.14,54.6,73.6,57.0,59.8,59.8,47.0,17.5,10.6,4.5,3.49,89.8,1.93,Medium
STU04942,Mechanical Engineering,8,3.22,3.15,2.9,100.0,100.0,88.6,0.0,100.0,98.8,100.0,100.0,96.3,100.0,29.0,17.1,3.6,2.65,71.2,3.46,Low
STU04943,Economics,5,3.66,3.72,3.35,87.1,73.7,82.0,0.6,88.5,65.4,61.9,62.4,81.9,74.5,17.0,14.5,0.2,3.02,79.4,3.83,Low
STU04944,Mechanical Engineering,7,3.24,3.37,3.29,63.6,69.7,70.7,0.0,84.6,89.6,67.4,56.0,89.8,92.0,25.9,15.1,9.4,2.65,71.2,3.18,Low
STU04945,Electrical Engineering,1,3.43,3.11,2.99,92.4,75.6,57.0,3.26,65.7,64.1,58.8,70.2,62.2,64.8,9.7,14.4,4.3,3.07,80.5,3.23,Low
STU04946,Biology,8,3.33,3.19,2.91,54.3,48.0,67.5,0.5,40.3,44.6,58.6,44.6,45.4,59.3,9.8,12.4,1.4,3.08,80.7,3.6,Low
STU04947,Economics,6,3.24,3.15,2.92,79.0,80.9,52.8,0.68,81.5,79.8,79.3,68.2,62.3,68.5,18.2,13.3,4.5,3.02,79.4,3.23,Low
STU04948,Mathematics,5,3.09,2.83,2.61,67.4,72.3,61.1,0.0,77.4,79.2,69.6,68.1,77.1,81.2,17.0,15.0,7.1,2.67,71.5,3.22,Low
STU04949,Mechanical Engineering,8,1.95,2.28,1.99,46.8,44.0,46.5,3.07,63.0,56.1,27.0,53.8,66.8,47.6,13.7,11.1,8.3,2.65,71.2,2.05,High
STU04950,Electrical Engineering,3,2.17,2.12,2.32,78.4,65.4,82.7,1.93,58.2,77.2,66.8,72.5,72.3,65.8,9.7,9.8,,3.07,80.5,1.93,Medium
STU04951,Computer Science,7,2.72,2.64,2.59,60.1,57.4,52.6,3.42,71.9,54.4,55.6,76.3,71.0,84.7,16.5,14.4,5.3,3.49,89.8,2.73,Medium
STU04952,Biology,2,2.44,2.36,2.09,37.5,33.5,41.1,2.95,27.2,36.1,57.4,39.6,27.3,52.1,15.1,3.3,2.9,3.08,80.7,2.1,Medium
STU04953,Business Administration,4,2.23,2.48,2.54,49.0,51.5,76.6,3.07,54.9,81.2,56.8,47.1,57.1,67.1,21.6,13.9,1.4,3.26,84.6,2.07,Medium
STU04954,Psychology,1,2.67,2.58,2.14,70.2,67.3,100.0,0.0,71.2,69.2,66.7,66.9,69.0,73.1,14.1,16.4,3.9,2.76,73.7,2.54,Low
STU04955,Economics,3,2.27,2.2,1.84,75.7,68.4,59.3,3.03,60.6,63.9,58.3,63.9,62.3,62.5,16.9,14.6,10.1,3.02,79.4,2.39,Low
STU04956,Economics,2,3.92,3.62,3.29,53.1,51.2,61.2,0.26,70.2,68.6,76.7,65.4,62.9,73.9,16.4,14.8,7.7,3.02,79.4,4.0,Low
STU04957,Computer Science,1,2.8,2.69,2.5,100.0,100.0,82.7,0.31,98.0,100.0,49.5,100.0,98.8,64.3,21.7,13.1,2.3,3.49,89.8,2.73,Low
STU04958,Psychology,8,2.48,2.35,2.53,82.4,87.2,78.2,0.0,78.2,46.0,84.3,74.3,59.0,65.7,11.6,14.0,6.4,2.76,73.7,2.2,Medium
STU04959,Psychology,2,3.18,2.84,2.88,44.2,47.1,64.4,0.0,42.7,40.2,46.3,60.4,40.1,44.5,23.6,9.6,,2.76,73.7,3.26,Low
STU04960,Electrical Engineering,6,2.14,2.44,2.79,80.4,82.8,67.2,2.87,45.8,55.5,100.0,76.6,49.2,54.1,6.8,11.0,11.2,3.07,80.5,1.98,Medium
STU04961,Psychology,5,1.68,1.97,2.26,51.6,54.8,51.3,2.11,61.0,62.1,75.8,47.3,65.9,69.7,10.4,16.2,2.0,2.76,73.7,1.48,Medium
STU04962,Economics,8,3.34,3.56,3.58,78.7,71.8,77.9,1.35,61.6,70.5,76.5,76.8,79.6,78.2,20.3,16.3,0.3,3.02,79.4,3.17,Low
STU04963,Mathematics,5,1.75,1.53,1.2,39.8,34.0,38.1,1.61,48.5,41.1,52.7,53.4,21.2,77.2,6.0,12.0,3.6,2.67,71.5,1.84,High
STU04964,Mechanical Engineering,7,2.96,2.91,2.9,96.7,97.8,88.7,0.0,60.7,86.9,95.3,86.3,94.9,69.9,21.1,12.0,6.2,2.65,71.2,3.21,Low
STU04965,Psychology,4,1.93,1.76,1.73,34.3,36.3,52.2,5.07,46.7,56.3,60.0,53.7,48.2,43.7,8.0,17.5,6.2,2.76,73.7,1.99,High
STU04966,Business Administration,8,3.45,3.66,3.19,86.4,81.6,65.4,2.19,77.0,73.1,72.6,75.0,76.4,74.2,15.5,6.8,7.9,3.26,84.6,3.36,Low
STU04967,Mathematics,7,2.57,2.37,2.37,56.6,56.0,54.6,2.78,57.0,45.9,56.4,57.6,52.9,49.0,18.4,15.3,1.6,2.67,71.5,2.51,Medium
STU04968,Biology,2,2.6,2.27,2.13,39.6,38.2,38.2,1.95,52.2,57.6,49.8,61.7,49.7,50.5,19.4,14.9,4.0,3.08,80.7,2.64,Medium
STU04969,Business Administration,8,2.11,2.33,2.38,56.1,61.8,64.1,0.4,51.8,93.4,49.4,88.1,49.9,79.8,22.9,13.5,1.4,3.26,84.6,1.97,Medium
STU04970,Biology,3,1.95,2.26,2.35,46.4,52.4,47.6,0.95,61.6,76.2,65.7,57.8,66.6,85.3,19.7,9.0,,3.08,80.7,1.94,High
STU04971,Mathematics,6,0.64,0.47,0.5,21.7,30.0,10.0,3.33,32.2,19.9,38.6,17.2,32.2,24.1,10.4,9.0,5.6,2.67,71.5,0.74,High
STU04972,Psychology,5,1.26,1.31,1.41,45.9,49.9,51.9,2.95,38.1,38.5,45.5,33.2,34.9,32.3,15.4,6.5,4.3,2.76,73.7,1.14,High
STU04973,Business Administration,6,2.9,2.77,2.67,80.6,79.6,65.9,1.73,52.8,65.3,45.6,67.0,72.8,87.6,14.8,13.8,8.4,3.26,84.6,3.04,Low
STU04974,Psychology,2,0.78,0.78,1.13,37.6,32.6,27.2,2.99,25.4,29.8,28.0,29.7,48.9,42.2,14.0,11.5,3.8,2.76,73.7,0.68,High
STU04975,Computer Science,5,4.0,4.0,3.76,97.2,85.7,84.3,0.0,99.1,84.3,86.0,82.9,87.9,79.1,28.8,19.0,,3.49,89.8,4.0,Low
STU04976,Mechanical Engineering,4,1.81,1.96,2.01,48.7,46.2,70.6,2.82,53.4,49.5,66.9,42.7,49.8,57.8,9.3,7.8,1.4,2.65,71.2,1.79,Medium
STU04977,Business Administration,1,2.57,2.87,3.16,96.2,95.5,100.0,0.0,95.3,80.7,95.4,89.2,86.2,97.1,26.4,6.3,4.8,3.26,84.6,2.33,Low
STU04978,Mathematics,1,2.8,2.43,2.44,86.9,79.5,56.4,0.0,67.4,45.9,70.4,70.6,58.6,61.9,21.6,15.6,4.3,2.67,71.5,2.84,Low
STU04979,Mathematics,7,3.68,3.45,3.28,73.1,74.7,58.3,0.0,71.4,79.9,70.8,74.0,76.0,70.1,16.1,2.4,8.2,2.67,71.5,4.0,Low
STU04980,Electrical Engineering,4,2.54,2.62,2.76,49.1,44.7,79.0,2.06,54.6,74.6,59.8,82.8,59.6,44.4,15.2,11.4,2.1,3.07,80.5,2.39,Medium
STU04981,Mathematics,1,3.26,3.12,2.76,79.7,72.8,81.9,2.0,31.7,47.4,51.9,50.6,64.5,64.2,7.9,14.7,5.9,2.67,71.5,3.42,Low
STU04982,Biology,7,2.86,2.89,2.91,90.1,89.5,100.0,,80.0,93.9,99.4,88.3,83.2,86.1,15.3,13.3,5.9,3.08,80.7,2.95,Low
STU04983,Business Administration,6,3.03,3.29,3.23,91.7,93.8,81.3,1.27,83.5,88.3,90.2,87.4,85.9,94.8,14.3,15.0,7.1,3.26,84.6,2.98,Low
STU04984,Mathematics,5,2.84,2.69,2.53,24.5,39.8,88.4,2.08,67.8,88.8,81.1,56.5,43.6,63.6,16.1,12.6,,2.67,71.5,2.89,Medium
STU04985,Biology,4,3.13,3.06,3.06,67.7,68.8,63.3,0.46,87.0,100.0,70.5,91.1,73.4,62.5,27.7,15.2,6.1,3.08,80.7,3.06,Low
STU04986,Psychology,6,2.36,2.39,2.45,43.3,50.8,52.6,1.15,51.7,53.6,39.6,57.7,53.0,44.6,11.5,9.2,10.6,2.76,73.7,2.55,Medium
STU04987,Economics,5,4.0,3.63,3.36,65.5,68.2,67.1,0.13,59.3,100.0,100.0,100.0,92.7,95.1,19.2,8.3,1.5,3.02,79.4,4.0,Low
STU04988,Economics,1,1.96,1.81,1.98,58.6,49.7,48.7,1.86,45.8,47.8,52.9,61.5,40.9,40.3,12.1,13.3,6.3,3.02,79.4,2.02,Medium
STU04989,Computer Science,3,3.13,3.0,2.64,44.4,44.7,64.5,0.0,65.6,71.2,66.6,69.6,69.5,63.6,18.0,9.9,6.2,3.49,89.8,3.24,Low
STU04990,Mechanical Engineering,3,3.44,3.2,2.99,54.8,57.8,81.4,1.73,75.5,62.4,64.4,78.1,74.9,73.3,18.8,10.5,1.8,2.65,71.2,3.44,Low
STU04991,Electrical Engineering,3,0.93,1.19,1.14,42.5,42.1,21.4,4.13,35.8,37.5,47.6,21.5,63.2,38.4,15.4,3.4,3.4,3.07,80.5,0.97,High
STU04992,Electrical Engineering,5,2.09,1.65,1.4,44.5,34.5,28.0,3.32,31.5,31.9,45.1,42.4,47.9,51.3,9.7,6.8,7.2,3.07,80.5,2.15,High
STU04993,Mechanical Engineering,8,2.14,2.29,2.45,48.6,53.2,48.0,0.0,61.8,62.3,71.2,59.9,55.3,69.9,11.2,4.9,6.9,2.65,71.2,2.0,Medium
STU04994,Mathematics,7,2.82,2.88,2.54,64.6,55.5,45.4,2.59,50.6,53.0,47.5,49.8,56.9,54.7,11.7,15.6,2.2,2.67,71.5,2.72,Medium
STU04995,Computer Science,2,1.09,1.1,1.27,57.1,52.8,58.8,2.29,41.6,75.1,50.7,27.6,20.5,29.5,10.6,13.7,0.0,3.49,89.8,0.92,High
STU04996,Mathematics,6,3.1,3.39,3.15,84.0,79.4,67.9,,77.3,75.8,81.3,88.9,89.9,80.3,19.2,15.3,9.9,2.67,71.5,3.1,Low
STU04997,Computer Science,8,2.43,2.61,2.84,59.1,67.8,92.5,4.37,76.9,68.2,73.4,91.5,68.3,71.2,20.9,12.4,9.1,3.49,89.8,2.23,Medium
STU04998,Electrical Engineering,5,1.89,1.88,2.25,34.3,48.9,73.8,3.14,70.3,65.2,77.7,61.4,52.0,36.5,16.5,13.3,1.2,3.07,80.5,1.61,Medium
STU04999,Psychology,6,2.95,3.01,2.88,42.5,45.2,44.0,0.58,61.5,70.3,65.6,55.1,57.5,61.6,15.4,7.1,6.3,2.76,73.7,2.86,Medium
STU05000,Business Administration,5,2.08,2.45,2.6,81.2,89.0,53.1,0.5,61.4,61.9,79.2,72.9,65.6,72.7,27.8,16.3,9.6,3.26,84.6,2.1,Medium
